sentence,word,label
Jin janab ne phone uthaya tha un k mon se E call karne ka shukria・k ilawa kuch nikal hi na paya.,Jin,URD
Jin janab ne phone uthaya tha un k mon se E call karne ka shukria・k ilawa kuch nikal hi na paya.,janab,URD
Jin janab ne phone uthaya tha un k mon se E call karne ka shukria・k ilawa kuch nikal hi na paya.,ne,URD
Jin janab ne phone uthaya tha un k mon se E call karne ka shukria・k ilawa kuch nikal hi na paya.,phone,MIX
Jin janab ne phone uthaya tha un k mon se E call karne ka shukria・k ilawa kuch nikal hi na paya.,uthaya,URD
Jin janab ne phone uthaya tha un k mon se E call karne ka shukria・k ilawa kuch nikal hi na paya.,tha,URD
Jin janab ne phone uthaya tha un k mon se E call karne ka shukria・k ilawa kuch nikal hi na paya.,un,URD
Jin janab ne phone uthaya tha un k mon se E call karne ka shukria・k ilawa kuch nikal hi na paya.,k,URD
Jin janab ne phone uthaya tha un k mon se E call karne ka shukria・k ilawa kuch nikal hi na paya.,mon,URD
Jin janab ne phone uthaya tha un k mon se E call karne ka shukria・k ilawa kuch nikal hi na paya.,se,URD
Jin janab ne phone uthaya tha un k mon se E call karne ka shukria・k ilawa kuch nikal hi na paya.,E,URD
Jin janab ne phone uthaya tha un k mon se E call karne ka shukria・k ilawa kuch nikal hi na paya.,call,ENG
Jin janab ne phone uthaya tha un k mon se E call karne ka shukria・k ilawa kuch nikal hi na paya.,karne,URD
Jin janab ne phone uthaya tha un k mon se E call karne ka shukria・k ilawa kuch nikal hi na paya.,ka,URD
Jin janab ne phone uthaya tha un k mon se E call karne ka shukria・k ilawa kuch nikal hi na paya.,shukria・k,URD
Jin janab ne phone uthaya tha un k mon se E call karne ka shukria・k ilawa kuch nikal hi na paya.,ilawa,URD
Jin janab ne phone uthaya tha un k mon se E call karne ka shukria・k ilawa kuch nikal hi na paya.,kuch,URD
Jin janab ne phone uthaya tha un k mon se E call karne ka shukria・k ilawa kuch nikal hi na paya.,nikal,URD
Jin janab ne phone uthaya tha un k mon se E call karne ka shukria・k ilawa kuch nikal hi na paya.,hi,URD
Jin janab ne phone uthaya tha un k mon se E call karne ka shukria・k ilawa kuch nikal hi na paya.,na,URD
Jin janab ne phone uthaya tha un k mon se E call karne ka shukria・k ilawa kuch nikal hi na paya.,paya.,URD
"overall phone is good laikan in market bsck cover aor glass nhi mil raha , ye saath bhejhna chahiye tha",overall,URD
"overall phone is good laikan in market bsck cover aor glass nhi mil raha , ye saath bhejhna chahiye tha",phone,MIX
"overall phone is good laikan in market bsck cover aor glass nhi mil raha , ye saath bhejhna chahiye tha",is,ENG
"overall phone is good laikan in market bsck cover aor glass nhi mil raha , ye saath bhejhna chahiye tha",good,ENG
"overall phone is good laikan in market bsck cover aor glass nhi mil raha , ye saath bhejhna chahiye tha",laikan,URD
"overall phone is good laikan in market bsck cover aor glass nhi mil raha , ye saath bhejhna chahiye tha",in,URD
"overall phone is good laikan in market bsck cover aor glass nhi mil raha , ye saath bhejhna chahiye tha",market,URD
"overall phone is good laikan in market bsck cover aor glass nhi mil raha , ye saath bhejhna chahiye tha",bsck,URD
"overall phone is good laikan in market bsck cover aor glass nhi mil raha , ye saath bhejhna chahiye tha",cover,URD
"overall phone is good laikan in market bsck cover aor glass nhi mil raha , ye saath bhejhna chahiye tha",aor,URD
"overall phone is good laikan in market bsck cover aor glass nhi mil raha , ye saath bhejhna chahiye tha",glass,URD
"overall phone is good laikan in market bsck cover aor glass nhi mil raha , ye saath bhejhna chahiye tha",nhi,URD
"overall phone is good laikan in market bsck cover aor glass nhi mil raha , ye saath bhejhna chahiye tha",mil,URD
"overall phone is good laikan in market bsck cover aor glass nhi mil raha , ye saath bhejhna chahiye tha",raha,URD
"overall phone is good laikan in market bsck cover aor glass nhi mil raha , ye saath bhejhna chahiye tha",",",URD
"overall phone is good laikan in market bsck cover aor glass nhi mil raha , ye saath bhejhna chahiye tha",ye,URD
"overall phone is good laikan in market bsck cover aor glass nhi mil raha , ye saath bhejhna chahiye tha",saath,URD
"overall phone is good laikan in market bsck cover aor glass nhi mil raha , ye saath bhejhna chahiye tha",bhejhna,URD
"overall phone is good laikan in market bsck cover aor glass nhi mil raha , ye saath bhejhna chahiye tha",chahiye,URD
"overall phone is good laikan in market bsck cover aor glass nhi mil raha , ye saath bhejhna chahiye tha",tha,URD
Wo guzishta dinon Russia mein hone wale World University moqablon mein Pakistan Universities ki numaindagi kar chuki hain,Wo,URD
Wo guzishta dinon Russia mein hone wale World University moqablon mein Pakistan Universities ki numaindagi kar chuki hain,guzishta,URD
Wo guzishta dinon Russia mein hone wale World University moqablon mein Pakistan Universities ki numaindagi kar chuki hain,dinon,URD
Wo guzishta dinon Russia mein hone wale World University moqablon mein Pakistan Universities ki numaindagi kar chuki hain,Russia,URD
Wo guzishta dinon Russia mein hone wale World University moqablon mein Pakistan Universities ki numaindagi kar chuki hain,mein,URD
Wo guzishta dinon Russia mein hone wale World University moqablon mein Pakistan Universities ki numaindagi kar chuki hain,hone,URD
Wo guzishta dinon Russia mein hone wale World University moqablon mein Pakistan Universities ki numaindagi kar chuki hain,wale,URD
Wo guzishta dinon Russia mein hone wale World University moqablon mein Pakistan Universities ki numaindagi kar chuki hain,World,ENG
Wo guzishta dinon Russia mein hone wale World University moqablon mein Pakistan Universities ki numaindagi kar chuki hain,University,URD
Wo guzishta dinon Russia mein hone wale World University moqablon mein Pakistan Universities ki numaindagi kar chuki hain,moqablon,URD
Wo guzishta dinon Russia mein hone wale World University moqablon mein Pakistan Universities ki numaindagi kar chuki hain,mein,URD
Wo guzishta dinon Russia mein hone wale World University moqablon mein Pakistan Universities ki numaindagi kar chuki hain,Pakistan,URD
Wo guzishta dinon Russia mein hone wale World University moqablon mein Pakistan Universities ki numaindagi kar chuki hain,Universities,URD
Wo guzishta dinon Russia mein hone wale World University moqablon mein Pakistan Universities ki numaindagi kar chuki hain,ki,URD
Wo guzishta dinon Russia mein hone wale World University moqablon mein Pakistan Universities ki numaindagi kar chuki hain,numaindagi,URD
Wo guzishta dinon Russia mein hone wale World University moqablon mein Pakistan Universities ki numaindagi kar chuki hain,kar,URD
Wo guzishta dinon Russia mein hone wale World University moqablon mein Pakistan Universities ki numaindagi kar chuki hain,chuki,URD
Wo guzishta dinon Russia mein hone wale World University moqablon mein Pakistan Universities ki numaindagi kar chuki hain,hain,URD
Mutee-Ur-Rehman name is bangali officer ne tayyarey ka control sambhal liya aur Karachi mein apne 2 sathiyon ko peygham dete hue kaha,Mutee-Ur-Rehman,URD
Mutee-Ur-Rehman name is bangali officer ne tayyarey ka control sambhal liya aur Karachi mein apne 2 sathiyon ko peygham dete hue kaha,name,URD
Mutee-Ur-Rehman name is bangali officer ne tayyarey ka control sambhal liya aur Karachi mein apne 2 sathiyon ko peygham dete hue kaha,is,ENG
Mutee-Ur-Rehman name is bangali officer ne tayyarey ka control sambhal liya aur Karachi mein apne 2 sathiyon ko peygham dete hue kaha,bangali,URD
Mutee-Ur-Rehman name is bangali officer ne tayyarey ka control sambhal liya aur Karachi mein apne 2 sathiyon ko peygham dete hue kaha,officer,URD
Mutee-Ur-Rehman name is bangali officer ne tayyarey ka control sambhal liya aur Karachi mein apne 2 sathiyon ko peygham dete hue kaha,ne,URD
Mutee-Ur-Rehman name is bangali officer ne tayyarey ka control sambhal liya aur Karachi mein apne 2 sathiyon ko peygham dete hue kaha,tayyarey,URD
Mutee-Ur-Rehman name is bangali officer ne tayyarey ka control sambhal liya aur Karachi mein apne 2 sathiyon ko peygham dete hue kaha,ka,URD
Mutee-Ur-Rehman name is bangali officer ne tayyarey ka control sambhal liya aur Karachi mein apne 2 sathiyon ko peygham dete hue kaha,control,URD
Mutee-Ur-Rehman name is bangali officer ne tayyarey ka control sambhal liya aur Karachi mein apne 2 sathiyon ko peygham dete hue kaha,sambhal,URD
Mutee-Ur-Rehman name is bangali officer ne tayyarey ka control sambhal liya aur Karachi mein apne 2 sathiyon ko peygham dete hue kaha,liya,URD
Mutee-Ur-Rehman name is bangali officer ne tayyarey ka control sambhal liya aur Karachi mein apne 2 sathiyon ko peygham dete hue kaha,aur,URD
Mutee-Ur-Rehman name is bangali officer ne tayyarey ka control sambhal liya aur Karachi mein apne 2 sathiyon ko peygham dete hue kaha,Karachi,URD
Mutee-Ur-Rehman name is bangali officer ne tayyarey ka control sambhal liya aur Karachi mein apne 2 sathiyon ko peygham dete hue kaha,mein,URD
Mutee-Ur-Rehman name is bangali officer ne tayyarey ka control sambhal liya aur Karachi mein apne 2 sathiyon ko peygham dete hue kaha,apne,URD
Mutee-Ur-Rehman name is bangali officer ne tayyarey ka control sambhal liya aur Karachi mein apne 2 sathiyon ko peygham dete hue kaha,2,URD
Mutee-Ur-Rehman name is bangali officer ne tayyarey ka control sambhal liya aur Karachi mein apne 2 sathiyon ko peygham dete hue kaha,sathiyon,URD
Mutee-Ur-Rehman name is bangali officer ne tayyarey ka control sambhal liya aur Karachi mein apne 2 sathiyon ko peygham dete hue kaha,ko,URD
Mutee-Ur-Rehman name is bangali officer ne tayyarey ka control sambhal liya aur Karachi mein apne 2 sathiyon ko peygham dete hue kaha,peygham,URD
Mutee-Ur-Rehman name is bangali officer ne tayyarey ka control sambhal liya aur Karachi mein apne 2 sathiyon ko peygham dete hue kaha,dete,URD
Mutee-Ur-Rehman name is bangali officer ne tayyarey ka control sambhal liya aur Karachi mein apne 2 sathiyon ko peygham dete hue kaha,hue,URD
Mutee-Ur-Rehman name is bangali officer ne tayyarey ka control sambhal liya aur Karachi mein apne 2 sathiyon ko peygham dete hue kaha,kaha,URD
May nay 1 buy is price per zaberdast half selve sweater hai high quality hai,May,URD
May nay 1 buy is price per zaberdast half selve sweater hai high quality hai,nay,URD
May nay 1 buy is price per zaberdast half selve sweater hai high quality hai,1,URD
May nay 1 buy is price per zaberdast half selve sweater hai high quality hai,buy,URD
May nay 1 buy is price per zaberdast half selve sweater hai high quality hai,is,ENG
May nay 1 buy is price per zaberdast half selve sweater hai high quality hai,price,URD
May nay 1 buy is price per zaberdast half selve sweater hai high quality hai,per,URD
May nay 1 buy is price per zaberdast half selve sweater hai high quality hai,zaberdast,URD
May nay 1 buy is price per zaberdast half selve sweater hai high quality hai,half,URD
May nay 1 buy is price per zaberdast half selve sweater hai high quality hai,selve,URD
May nay 1 buy is price per zaberdast half selve sweater hai high quality hai,sweater,URD
May nay 1 buy is price per zaberdast half selve sweater hai high quality hai,hai,URD
May nay 1 buy is price per zaberdast half selve sweater hai high quality hai,high,URD
May nay 1 buy is price per zaberdast half selve sweater hai high quality hai,quality,URD
May nay 1 buy is price per zaberdast half selve sweater hai high quality hai,hai,URD
Un ki tehrir parh kar yun mehsos hota hai ka is ke alfaz moye qalam se nahi balke dil se nikle hon,Un,URD
Un ki tehrir parh kar yun mehsos hota hai ka is ke alfaz moye qalam se nahi balke dil se nikle hon,ki,URD
Un ki tehrir parh kar yun mehsos hota hai ka is ke alfaz moye qalam se nahi balke dil se nikle hon,tehrir,URD
Un ki tehrir parh kar yun mehsos hota hai ka is ke alfaz moye qalam se nahi balke dil se nikle hon,parh,URD
Un ki tehrir parh kar yun mehsos hota hai ka is ke alfaz moye qalam se nahi balke dil se nikle hon,kar,URD
Un ki tehrir parh kar yun mehsos hota hai ka is ke alfaz moye qalam se nahi balke dil se nikle hon,yun,URD
Un ki tehrir parh kar yun mehsos hota hai ka is ke alfaz moye qalam se nahi balke dil se nikle hon,mehsos,URD
Un ki tehrir parh kar yun mehsos hota hai ka is ke alfaz moye qalam se nahi balke dil se nikle hon,hota,URD
Un ki tehrir parh kar yun mehsos hota hai ka is ke alfaz moye qalam se nahi balke dil se nikle hon,hai,URD
Un ki tehrir parh kar yun mehsos hota hai ka is ke alfaz moye qalam se nahi balke dil se nikle hon,ka,URD
Un ki tehrir parh kar yun mehsos hota hai ka is ke alfaz moye qalam se nahi balke dil se nikle hon,is,ENG
Un ki tehrir parh kar yun mehsos hota hai ka is ke alfaz moye qalam se nahi balke dil se nikle hon,ke,URD
Un ki tehrir parh kar yun mehsos hota hai ka is ke alfaz moye qalam se nahi balke dil se nikle hon,alfaz,URD
Un ki tehrir parh kar yun mehsos hota hai ka is ke alfaz moye qalam se nahi balke dil se nikle hon,moye,URD
Un ki tehrir parh kar yun mehsos hota hai ka is ke alfaz moye qalam se nahi balke dil se nikle hon,qalam,URD
Un ki tehrir parh kar yun mehsos hota hai ka is ke alfaz moye qalam se nahi balke dil se nikle hon,se,URD
Un ki tehrir parh kar yun mehsos hota hai ka is ke alfaz moye qalam se nahi balke dil se nikle hon,nahi,URD
Un ki tehrir parh kar yun mehsos hota hai ka is ke alfaz moye qalam se nahi balke dil se nikle hon,balke,URD
Un ki tehrir parh kar yun mehsos hota hai ka is ke alfaz moye qalam se nahi balke dil se nikle hon,dil,URD
Un ki tehrir parh kar yun mehsos hota hai ka is ke alfaz moye qalam se nahi balke dil se nikle hon,se,URD
Un ki tehrir parh kar yun mehsos hota hai ka is ke alfaz moye qalam se nahi balke dil se nikle hon,nikle,URD
Un ki tehrir parh kar yun mehsos hota hai ka is ke alfaz moye qalam se nahi balke dil se nikle hon,hon,URD
BA karne ke bad Molvi Abdul Haq Sir Syed Ahmed Khan ki hidayat par 1895 mein Hyderabad Dakan pohanche,BA,URD
BA karne ke bad Molvi Abdul Haq Sir Syed Ahmed Khan ki hidayat par 1895 mein Hyderabad Dakan pohanche,karne,URD
BA karne ke bad Molvi Abdul Haq Sir Syed Ahmed Khan ki hidayat par 1895 mein Hyderabad Dakan pohanche,ke,URD
BA karne ke bad Molvi Abdul Haq Sir Syed Ahmed Khan ki hidayat par 1895 mein Hyderabad Dakan pohanche,bad,ENG
BA karne ke bad Molvi Abdul Haq Sir Syed Ahmed Khan ki hidayat par 1895 mein Hyderabad Dakan pohanche,Molvi,URD
BA karne ke bad Molvi Abdul Haq Sir Syed Ahmed Khan ki hidayat par 1895 mein Hyderabad Dakan pohanche,Abdul,URD
BA karne ke bad Molvi Abdul Haq Sir Syed Ahmed Khan ki hidayat par 1895 mein Hyderabad Dakan pohanche,Haq,URD
BA karne ke bad Molvi Abdul Haq Sir Syed Ahmed Khan ki hidayat par 1895 mein Hyderabad Dakan pohanche,Sir,URD
BA karne ke bad Molvi Abdul Haq Sir Syed Ahmed Khan ki hidayat par 1895 mein Hyderabad Dakan pohanche,Syed,URD
BA karne ke bad Molvi Abdul Haq Sir Syed Ahmed Khan ki hidayat par 1895 mein Hyderabad Dakan pohanche,Ahmed,URD
BA karne ke bad Molvi Abdul Haq Sir Syed Ahmed Khan ki hidayat par 1895 mein Hyderabad Dakan pohanche,Khan,URD
BA karne ke bad Molvi Abdul Haq Sir Syed Ahmed Khan ki hidayat par 1895 mein Hyderabad Dakan pohanche,ki,URD
BA karne ke bad Molvi Abdul Haq Sir Syed Ahmed Khan ki hidayat par 1895 mein Hyderabad Dakan pohanche,hidayat,URD
BA karne ke bad Molvi Abdul Haq Sir Syed Ahmed Khan ki hidayat par 1895 mein Hyderabad Dakan pohanche,par,URD
BA karne ke bad Molvi Abdul Haq Sir Syed Ahmed Khan ki hidayat par 1895 mein Hyderabad Dakan pohanche,1895,URD
BA karne ke bad Molvi Abdul Haq Sir Syed Ahmed Khan ki hidayat par 1895 mein Hyderabad Dakan pohanche,mein,URD
BA karne ke bad Molvi Abdul Haq Sir Syed Ahmed Khan ki hidayat par 1895 mein Hyderabad Dakan pohanche,Hyderabad,URD
BA karne ke bad Molvi Abdul Haq Sir Syed Ahmed Khan ki hidayat par 1895 mein Hyderabad Dakan pohanche,Dakan,URD
BA karne ke bad Molvi Abdul Haq Sir Syed Ahmed Khan ki hidayat par 1895 mein Hyderabad Dakan pohanche,pohanche,URD
1975 mein inho ne Mohammad Ali aur Chuck Wepner ke darmiyan boxing match dekha,1975,URD
1975 mein inho ne Mohammad Ali aur Chuck Wepner ke darmiyan boxing match dekha,mein,URD
1975 mein inho ne Mohammad Ali aur Chuck Wepner ke darmiyan boxing match dekha,inho,URD
1975 mein inho ne Mohammad Ali aur Chuck Wepner ke darmiyan boxing match dekha,ne,URD
1975 mein inho ne Mohammad Ali aur Chuck Wepner ke darmiyan boxing match dekha,Mohammad,URD
1975 mein inho ne Mohammad Ali aur Chuck Wepner ke darmiyan boxing match dekha,Ali,URD
1975 mein inho ne Mohammad Ali aur Chuck Wepner ke darmiyan boxing match dekha,aur,URD
1975 mein inho ne Mohammad Ali aur Chuck Wepner ke darmiyan boxing match dekha,Chuck,URD
1975 mein inho ne Mohammad Ali aur Chuck Wepner ke darmiyan boxing match dekha,Wepner,URD
1975 mein inho ne Mohammad Ali aur Chuck Wepner ke darmiyan boxing match dekha,ke,URD
1975 mein inho ne Mohammad Ali aur Chuck Wepner ke darmiyan boxing match dekha,darmiyan,URD
1975 mein inho ne Mohammad Ali aur Chuck Wepner ke darmiyan boxing match dekha,boxing,URD
1975 mein inho ne Mohammad Ali aur Chuck Wepner ke darmiyan boxing match dekha,match,ENG
1975 mein inho ne Mohammad Ali aur Chuck Wepner ke darmiyan boxing match dekha,dekha,URD
Asif Iqbal ne apna akhri match Eden gardens kolkata mein khela aur is match ki dusri inning mein 15 runs bana kar run out huwe,Asif,URD
Asif Iqbal ne apna akhri match Eden gardens kolkata mein khela aur is match ki dusri inning mein 15 runs bana kar run out huwe,Iqbal,URD
Asif Iqbal ne apna akhri match Eden gardens kolkata mein khela aur is match ki dusri inning mein 15 runs bana kar run out huwe,ne,URD
Asif Iqbal ne apna akhri match Eden gardens kolkata mein khela aur is match ki dusri inning mein 15 runs bana kar run out huwe,apna,URD
Asif Iqbal ne apna akhri match Eden gardens kolkata mein khela aur is match ki dusri inning mein 15 runs bana kar run out huwe,akhri,URD
Asif Iqbal ne apna akhri match Eden gardens kolkata mein khela aur is match ki dusri inning mein 15 runs bana kar run out huwe,match,ENG
Asif Iqbal ne apna akhri match Eden gardens kolkata mein khela aur is match ki dusri inning mein 15 runs bana kar run out huwe,Eden,URD
Asif Iqbal ne apna akhri match Eden gardens kolkata mein khela aur is match ki dusri inning mein 15 runs bana kar run out huwe,gardens,URD
Asif Iqbal ne apna akhri match Eden gardens kolkata mein khela aur is match ki dusri inning mein 15 runs bana kar run out huwe,kolkata,URD
Asif Iqbal ne apna akhri match Eden gardens kolkata mein khela aur is match ki dusri inning mein 15 runs bana kar run out huwe,mein,URD
Asif Iqbal ne apna akhri match Eden gardens kolkata mein khela aur is match ki dusri inning mein 15 runs bana kar run out huwe,khela,URD
Asif Iqbal ne apna akhri match Eden gardens kolkata mein khela aur is match ki dusri inning mein 15 runs bana kar run out huwe,aur,URD
Asif Iqbal ne apna akhri match Eden gardens kolkata mein khela aur is match ki dusri inning mein 15 runs bana kar run out huwe,is,ENG
Asif Iqbal ne apna akhri match Eden gardens kolkata mein khela aur is match ki dusri inning mein 15 runs bana kar run out huwe,match,ENG
Asif Iqbal ne apna akhri match Eden gardens kolkata mein khela aur is match ki dusri inning mein 15 runs bana kar run out huwe,ki,URD
Asif Iqbal ne apna akhri match Eden gardens kolkata mein khela aur is match ki dusri inning mein 15 runs bana kar run out huwe,dusri,URD
Asif Iqbal ne apna akhri match Eden gardens kolkata mein khela aur is match ki dusri inning mein 15 runs bana kar run out huwe,inning,URD
Asif Iqbal ne apna akhri match Eden gardens kolkata mein khela aur is match ki dusri inning mein 15 runs bana kar run out huwe,mein,URD
Asif Iqbal ne apna akhri match Eden gardens kolkata mein khela aur is match ki dusri inning mein 15 runs bana kar run out huwe,15,URD
Asif Iqbal ne apna akhri match Eden gardens kolkata mein khela aur is match ki dusri inning mein 15 runs bana kar run out huwe,runs,URD
Asif Iqbal ne apna akhri match Eden gardens kolkata mein khela aur is match ki dusri inning mein 15 runs bana kar run out huwe,bana,URD
Asif Iqbal ne apna akhri match Eden gardens kolkata mein khela aur is match ki dusri inning mein 15 runs bana kar run out huwe,kar,URD
Asif Iqbal ne apna akhri match Eden gardens kolkata mein khela aur is match ki dusri inning mein 15 runs bana kar run out huwe,run,URD
Asif Iqbal ne apna akhri match Eden gardens kolkata mein khela aur is match ki dusri inning mein 15 runs bana kar run out huwe,out,URD
Asif Iqbal ne apna akhri match Eden gardens kolkata mein khela aur is match ki dusri inning mein 15 runs bana kar run out huwe,huwe,URD
O bhaijan abhi inka level world ke biggest rock bands se nhi hai.,O,URD
O bhaijan abhi inka level world ke biggest rock bands se nhi hai.,bhaijan,URD
O bhaijan abhi inka level world ke biggest rock bands se nhi hai.,abhi,URD
O bhaijan abhi inka level world ke biggest rock bands se nhi hai.,inka,URD
O bhaijan abhi inka level world ke biggest rock bands se nhi hai.,level,URD
O bhaijan abhi inka level world ke biggest rock bands se nhi hai.,world,ENG
O bhaijan abhi inka level world ke biggest rock bands se nhi hai.,ke,URD
O bhaijan abhi inka level world ke biggest rock bands se nhi hai.,biggest,URD
O bhaijan abhi inka level world ke biggest rock bands se nhi hai.,rock,URD
O bhaijan abhi inka level world ke biggest rock bands se nhi hai.,bands,URD
O bhaijan abhi inka level world ke biggest rock bands se nhi hai.,se,URD
O bhaijan abhi inka level world ke biggest rock bands se nhi hai.,nhi,URD
O bhaijan abhi inka level world ke biggest rock bands se nhi hai.,hai.,URD
Allah hafiz hy is mulk ka,Allah,URD
Allah hafiz hy is mulk ka,hafiz,URD
Allah hafiz hy is mulk ka,hy,URD
Allah hafiz hy is mulk ka,is,ENG
Allah hafiz hy is mulk ka,mulk,URD
Allah hafiz hy is mulk ka,ka,URD
"Pakistan ki ghalazat Qamar Bajwa, cheap justice and IMRAN Niazi hain.",Pakistan,URD
"Pakistan ki ghalazat Qamar Bajwa, cheap justice and IMRAN Niazi hain.",ki,URD
"Pakistan ki ghalazat Qamar Bajwa, cheap justice and IMRAN Niazi hain.",ghalazat,URD
"Pakistan ki ghalazat Qamar Bajwa, cheap justice and IMRAN Niazi hain.",Qamar,URD
"Pakistan ki ghalazat Qamar Bajwa, cheap justice and IMRAN Niazi hain.","Bajwa,",URD
"Pakistan ki ghalazat Qamar Bajwa, cheap justice and IMRAN Niazi hain.",cheap,URD
"Pakistan ki ghalazat Qamar Bajwa, cheap justice and IMRAN Niazi hain.",justice,URD
"Pakistan ki ghalazat Qamar Bajwa, cheap justice and IMRAN Niazi hain.",and,ENG
"Pakistan ki ghalazat Qamar Bajwa, cheap justice and IMRAN Niazi hain.",IMRAN,URD
"Pakistan ki ghalazat Qamar Bajwa, cheap justice and IMRAN Niazi hain.",Niazi,URD
"Pakistan ki ghalazat Qamar Bajwa, cheap justice and IMRAN Niazi hain.",hain.,URD
Jo pic me machin he wo ni ai black color me machin he.but so beautiful and nice and too good,Jo,URD
Jo pic me machin he wo ni ai black color me machin he.but so beautiful and nice and too good,pic,URD
Jo pic me machin he wo ni ai black color me machin he.but so beautiful and nice and too good,me,URD
Jo pic me machin he wo ni ai black color me machin he.but so beautiful and nice and too good,machin,URD
Jo pic me machin he wo ni ai black color me machin he.but so beautiful and nice and too good,he,URD
Jo pic me machin he wo ni ai black color me machin he.but so beautiful and nice and too good,wo,URD
Jo pic me machin he wo ni ai black color me machin he.but so beautiful and nice and too good,ni,URD
Jo pic me machin he wo ni ai black color me machin he.but so beautiful and nice and too good,ai,URD
Jo pic me machin he wo ni ai black color me machin he.but so beautiful and nice and too good,black,URD
Jo pic me machin he wo ni ai black color me machin he.but so beautiful and nice and too good,color,URD
Jo pic me machin he wo ni ai black color me machin he.but so beautiful and nice and too good,me,URD
Jo pic me machin he wo ni ai black color me machin he.but so beautiful and nice and too good,machin,URD
Jo pic me machin he wo ni ai black color me machin he.but so beautiful and nice and too good,he.but,URD
Jo pic me machin he wo ni ai black color me machin he.but so beautiful and nice and too good,so,ENG
Jo pic me machin he wo ni ai black color me machin he.but so beautiful and nice and too good,beautiful,ENG
Jo pic me machin he wo ni ai black color me machin he.but so beautiful and nice and too good,and,ENG
Jo pic me machin he wo ni ai black color me machin he.but so beautiful and nice and too good,nice,ENG
Jo pic me machin he wo ni ai black color me machin he.but so beautiful and nice and too good,and,ENG
Jo pic me machin he wo ni ai black color me machin he.but so beautiful and nice and too good,too,URD
Jo pic me machin he wo ni ai black color me machin he.but so beautiful and nice and too good,good,ENG
"G , or ap bhi Aunty ko tag kar dain yahan 🤣🤣 Unka or uncle ka Bht bht Shukryaa, Ye namoona Is dunya main laany k lye 😂😂😂",G,URD
"G , or ap bhi Aunty ko tag kar dain yahan 🤣🤣 Unka or uncle ka Bht bht Shukryaa, Ye namoona Is dunya main laany k lye 😂😂😂",",",URD
"G , or ap bhi Aunty ko tag kar dain yahan 🤣🤣 Unka or uncle ka Bht bht Shukryaa, Ye namoona Is dunya main laany k lye 😂😂😂",or,URD
"G , or ap bhi Aunty ko tag kar dain yahan 🤣🤣 Unka or uncle ka Bht bht Shukryaa, Ye namoona Is dunya main laany k lye 😂😂😂",ap,URD
"G , or ap bhi Aunty ko tag kar dain yahan 🤣🤣 Unka or uncle ka Bht bht Shukryaa, Ye namoona Is dunya main laany k lye 😂😂😂",bhi,URD
"G , or ap bhi Aunty ko tag kar dain yahan 🤣🤣 Unka or uncle ka Bht bht Shukryaa, Ye namoona Is dunya main laany k lye 😂😂😂",Aunty,URD
"G , or ap bhi Aunty ko tag kar dain yahan 🤣🤣 Unka or uncle ka Bht bht Shukryaa, Ye namoona Is dunya main laany k lye 😂😂😂",ko,URD
"G , or ap bhi Aunty ko tag kar dain yahan 🤣🤣 Unka or uncle ka Bht bht Shukryaa, Ye namoona Is dunya main laany k lye 😂😂😂",tag,URD
"G , or ap bhi Aunty ko tag kar dain yahan 🤣🤣 Unka or uncle ka Bht bht Shukryaa, Ye namoona Is dunya main laany k lye 😂😂😂",kar,URD
"G , or ap bhi Aunty ko tag kar dain yahan 🤣🤣 Unka or uncle ka Bht bht Shukryaa, Ye namoona Is dunya main laany k lye 😂😂😂",dain,URD
"G , or ap bhi Aunty ko tag kar dain yahan 🤣🤣 Unka or uncle ka Bht bht Shukryaa, Ye namoona Is dunya main laany k lye 😂😂😂",yahan,URD
"G , or ap bhi Aunty ko tag kar dain yahan 🤣🤣 Unka or uncle ka Bht bht Shukryaa, Ye namoona Is dunya main laany k lye 😂😂😂",🤣🤣,URD
"G , or ap bhi Aunty ko tag kar dain yahan 🤣🤣 Unka or uncle ka Bht bht Shukryaa, Ye namoona Is dunya main laany k lye 😂😂😂",Unka,URD
"G , or ap bhi Aunty ko tag kar dain yahan 🤣🤣 Unka or uncle ka Bht bht Shukryaa, Ye namoona Is dunya main laany k lye 😂😂😂",or,URD
"G , or ap bhi Aunty ko tag kar dain yahan 🤣🤣 Unka or uncle ka Bht bht Shukryaa, Ye namoona Is dunya main laany k lye 😂😂😂",uncle,URD
"G , or ap bhi Aunty ko tag kar dain yahan 🤣🤣 Unka or uncle ka Bht bht Shukryaa, Ye namoona Is dunya main laany k lye 😂😂😂",ka,URD
"G , or ap bhi Aunty ko tag kar dain yahan 🤣🤣 Unka or uncle ka Bht bht Shukryaa, Ye namoona Is dunya main laany k lye 😂😂😂",Bht,URD
"G , or ap bhi Aunty ko tag kar dain yahan 🤣🤣 Unka or uncle ka Bht bht Shukryaa, Ye namoona Is dunya main laany k lye 😂😂😂",bht,URD
"G , or ap bhi Aunty ko tag kar dain yahan 🤣🤣 Unka or uncle ka Bht bht Shukryaa, Ye namoona Is dunya main laany k lye 😂😂😂","Shukryaa,",URD
"G , or ap bhi Aunty ko tag kar dain yahan 🤣🤣 Unka or uncle ka Bht bht Shukryaa, Ye namoona Is dunya main laany k lye 😂😂😂",Ye,URD
"G , or ap bhi Aunty ko tag kar dain yahan 🤣🤣 Unka or uncle ka Bht bht Shukryaa, Ye namoona Is dunya main laany k lye 😂😂😂",namoona,URD
"G , or ap bhi Aunty ko tag kar dain yahan 🤣🤣 Unka or uncle ka Bht bht Shukryaa, Ye namoona Is dunya main laany k lye 😂😂😂",Is,ENG
"G , or ap bhi Aunty ko tag kar dain yahan 🤣🤣 Unka or uncle ka Bht bht Shukryaa, Ye namoona Is dunya main laany k lye 😂😂😂",dunya,URD
"G , or ap bhi Aunty ko tag kar dain yahan 🤣🤣 Unka or uncle ka Bht bht Shukryaa, Ye namoona Is dunya main laany k lye 😂😂😂",main,URD
"G , or ap bhi Aunty ko tag kar dain yahan 🤣🤣 Unka or uncle ka Bht bht Shukryaa, Ye namoona Is dunya main laany k lye 😂😂😂",laany,URD
"G , or ap bhi Aunty ko tag kar dain yahan 🤣🤣 Unka or uncle ka Bht bht Shukryaa, Ye namoona Is dunya main laany k lye 😂😂😂",k,URD
"G , or ap bhi Aunty ko tag kar dain yahan 🤣🤣 Unka or uncle ka Bht bht Shukryaa, Ye namoona Is dunya main laany k lye 😂😂😂",lye,URD
"G , or ap bhi Aunty ko tag kar dain yahan 🤣🤣 Unka or uncle ka Bht bht Shukryaa, Ye namoona Is dunya main laany k lye 😂😂😂",😂😂😂,URD
Tahum Salman ke career par is ke bais kisi kism ke manfi asrat nahi pare,Tahum,URD
Tahum Salman ke career par is ke bais kisi kism ke manfi asrat nahi pare,Salman,URD
Tahum Salman ke career par is ke bais kisi kism ke manfi asrat nahi pare,ke,URD
Tahum Salman ke career par is ke bais kisi kism ke manfi asrat nahi pare,career,URD
Tahum Salman ke career par is ke bais kisi kism ke manfi asrat nahi pare,par,URD
Tahum Salman ke career par is ke bais kisi kism ke manfi asrat nahi pare,is,ENG
Tahum Salman ke career par is ke bais kisi kism ke manfi asrat nahi pare,ke,URD
Tahum Salman ke career par is ke bais kisi kism ke manfi asrat nahi pare,bais,URD
Tahum Salman ke career par is ke bais kisi kism ke manfi asrat nahi pare,kisi,URD
Tahum Salman ke career par is ke bais kisi kism ke manfi asrat nahi pare,kism,URD
Tahum Salman ke career par is ke bais kisi kism ke manfi asrat nahi pare,ke,URD
Tahum Salman ke career par is ke bais kisi kism ke manfi asrat nahi pare,manfi,URD
Tahum Salman ke career par is ke bais kisi kism ke manfi asrat nahi pare,asrat,URD
Tahum Salman ke career par is ke bais kisi kism ke manfi asrat nahi pare,nahi,URD
Tahum Salman ke career par is ke bais kisi kism ke manfi asrat nahi pare,pare,URD
Liyari Gang war ke sarghana Abdul Rehman Baloch ki halakat aur under world don Shoaib Khan ki giraftari bhi Chaudhry Aslam ke hathon hoi,Liyari,URD
Liyari Gang war ke sarghana Abdul Rehman Baloch ki halakat aur under world don Shoaib Khan ki giraftari bhi Chaudhry Aslam ke hathon hoi,Gang,URD
Liyari Gang war ke sarghana Abdul Rehman Baloch ki halakat aur under world don Shoaib Khan ki giraftari bhi Chaudhry Aslam ke hathon hoi,war,URD
Liyari Gang war ke sarghana Abdul Rehman Baloch ki halakat aur under world don Shoaib Khan ki giraftari bhi Chaudhry Aslam ke hathon hoi,ke,URD
Liyari Gang war ke sarghana Abdul Rehman Baloch ki halakat aur under world don Shoaib Khan ki giraftari bhi Chaudhry Aslam ke hathon hoi,sarghana,URD
Liyari Gang war ke sarghana Abdul Rehman Baloch ki halakat aur under world don Shoaib Khan ki giraftari bhi Chaudhry Aslam ke hathon hoi,Abdul,URD
Liyari Gang war ke sarghana Abdul Rehman Baloch ki halakat aur under world don Shoaib Khan ki giraftari bhi Chaudhry Aslam ke hathon hoi,Rehman,URD
Liyari Gang war ke sarghana Abdul Rehman Baloch ki halakat aur under world don Shoaib Khan ki giraftari bhi Chaudhry Aslam ke hathon hoi,Baloch,URD
Liyari Gang war ke sarghana Abdul Rehman Baloch ki halakat aur under world don Shoaib Khan ki giraftari bhi Chaudhry Aslam ke hathon hoi,ki,URD
Liyari Gang war ke sarghana Abdul Rehman Baloch ki halakat aur under world don Shoaib Khan ki giraftari bhi Chaudhry Aslam ke hathon hoi,halakat,URD
Liyari Gang war ke sarghana Abdul Rehman Baloch ki halakat aur under world don Shoaib Khan ki giraftari bhi Chaudhry Aslam ke hathon hoi,aur,URD
Liyari Gang war ke sarghana Abdul Rehman Baloch ki halakat aur under world don Shoaib Khan ki giraftari bhi Chaudhry Aslam ke hathon hoi,under,URD
Liyari Gang war ke sarghana Abdul Rehman Baloch ki halakat aur under world don Shoaib Khan ki giraftari bhi Chaudhry Aslam ke hathon hoi,world,ENG
Liyari Gang war ke sarghana Abdul Rehman Baloch ki halakat aur under world don Shoaib Khan ki giraftari bhi Chaudhry Aslam ke hathon hoi,don,URD
Liyari Gang war ke sarghana Abdul Rehman Baloch ki halakat aur under world don Shoaib Khan ki giraftari bhi Chaudhry Aslam ke hathon hoi,Shoaib,URD
Liyari Gang war ke sarghana Abdul Rehman Baloch ki halakat aur under world don Shoaib Khan ki giraftari bhi Chaudhry Aslam ke hathon hoi,Khan,URD
Liyari Gang war ke sarghana Abdul Rehman Baloch ki halakat aur under world don Shoaib Khan ki giraftari bhi Chaudhry Aslam ke hathon hoi,ki,URD
Liyari Gang war ke sarghana Abdul Rehman Baloch ki halakat aur under world don Shoaib Khan ki giraftari bhi Chaudhry Aslam ke hathon hoi,giraftari,URD
Liyari Gang war ke sarghana Abdul Rehman Baloch ki halakat aur under world don Shoaib Khan ki giraftari bhi Chaudhry Aslam ke hathon hoi,bhi,URD
Liyari Gang war ke sarghana Abdul Rehman Baloch ki halakat aur under world don Shoaib Khan ki giraftari bhi Chaudhry Aslam ke hathon hoi,Chaudhry,URD
Liyari Gang war ke sarghana Abdul Rehman Baloch ki halakat aur under world don Shoaib Khan ki giraftari bhi Chaudhry Aslam ke hathon hoi,Aslam,URD
Liyari Gang war ke sarghana Abdul Rehman Baloch ki halakat aur under world don Shoaib Khan ki giraftari bhi Chaudhry Aslam ke hathon hoi,ke,URD
Liyari Gang war ke sarghana Abdul Rehman Baloch ki halakat aur under world don Shoaib Khan ki giraftari bhi Chaudhry Aslam ke hathon hoi,hathon,URD
Liyari Gang war ke sarghana Abdul Rehman Baloch ki halakat aur under world don Shoaib Khan ki giraftari bhi Chaudhry Aslam ke hathon hoi,hoi,URD
1936 mein Allama Raghib Ahsan ne Calcutta muslim league ki bunyad rakhi aur is ki yanzeem sazi mein nihayat sargarmi se hissa liya,1936,URD
1936 mein Allama Raghib Ahsan ne Calcutta muslim league ki bunyad rakhi aur is ki yanzeem sazi mein nihayat sargarmi se hissa liya,mein,URD
1936 mein Allama Raghib Ahsan ne Calcutta muslim league ki bunyad rakhi aur is ki yanzeem sazi mein nihayat sargarmi se hissa liya,Allama,URD
1936 mein Allama Raghib Ahsan ne Calcutta muslim league ki bunyad rakhi aur is ki yanzeem sazi mein nihayat sargarmi se hissa liya,Raghib,URD
1936 mein Allama Raghib Ahsan ne Calcutta muslim league ki bunyad rakhi aur is ki yanzeem sazi mein nihayat sargarmi se hissa liya,Ahsan,URD
1936 mein Allama Raghib Ahsan ne Calcutta muslim league ki bunyad rakhi aur is ki yanzeem sazi mein nihayat sargarmi se hissa liya,ne,URD
1936 mein Allama Raghib Ahsan ne Calcutta muslim league ki bunyad rakhi aur is ki yanzeem sazi mein nihayat sargarmi se hissa liya,Calcutta,URD
1936 mein Allama Raghib Ahsan ne Calcutta muslim league ki bunyad rakhi aur is ki yanzeem sazi mein nihayat sargarmi se hissa liya,muslim,URD
1936 mein Allama Raghib Ahsan ne Calcutta muslim league ki bunyad rakhi aur is ki yanzeem sazi mein nihayat sargarmi se hissa liya,league,URD
1936 mein Allama Raghib Ahsan ne Calcutta muslim league ki bunyad rakhi aur is ki yanzeem sazi mein nihayat sargarmi se hissa liya,ki,URD
1936 mein Allama Raghib Ahsan ne Calcutta muslim league ki bunyad rakhi aur is ki yanzeem sazi mein nihayat sargarmi se hissa liya,bunyad,URD
1936 mein Allama Raghib Ahsan ne Calcutta muslim league ki bunyad rakhi aur is ki yanzeem sazi mein nihayat sargarmi se hissa liya,rakhi,URD
1936 mein Allama Raghib Ahsan ne Calcutta muslim league ki bunyad rakhi aur is ki yanzeem sazi mein nihayat sargarmi se hissa liya,aur,URD
1936 mein Allama Raghib Ahsan ne Calcutta muslim league ki bunyad rakhi aur is ki yanzeem sazi mein nihayat sargarmi se hissa liya,is,ENG
1936 mein Allama Raghib Ahsan ne Calcutta muslim league ki bunyad rakhi aur is ki yanzeem sazi mein nihayat sargarmi se hissa liya,ki,URD
1936 mein Allama Raghib Ahsan ne Calcutta muslim league ki bunyad rakhi aur is ki yanzeem sazi mein nihayat sargarmi se hissa liya,yanzeem,URD
1936 mein Allama Raghib Ahsan ne Calcutta muslim league ki bunyad rakhi aur is ki yanzeem sazi mein nihayat sargarmi se hissa liya,sazi,URD
1936 mein Allama Raghib Ahsan ne Calcutta muslim league ki bunyad rakhi aur is ki yanzeem sazi mein nihayat sargarmi se hissa liya,mein,URD
1936 mein Allama Raghib Ahsan ne Calcutta muslim league ki bunyad rakhi aur is ki yanzeem sazi mein nihayat sargarmi se hissa liya,nihayat,URD
1936 mein Allama Raghib Ahsan ne Calcutta muslim league ki bunyad rakhi aur is ki yanzeem sazi mein nihayat sargarmi se hissa liya,sargarmi,URD
1936 mein Allama Raghib Ahsan ne Calcutta muslim league ki bunyad rakhi aur is ki yanzeem sazi mein nihayat sargarmi se hissa liya,se,URD
1936 mein Allama Raghib Ahsan ne Calcutta muslim league ki bunyad rakhi aur is ki yanzeem sazi mein nihayat sargarmi se hissa liya,hissa,URD
1936 mein Allama Raghib Ahsan ne Calcutta muslim league ki bunyad rakhi aur is ki yanzeem sazi mein nihayat sargarmi se hissa liya,liya,URD
Hum degar mumalik se madad nahi tijarat karte hain is waqat zar e mubadla ke zakhair 21 arab dollar ho chuke hain,Hum,URD
Hum degar mumalik se madad nahi tijarat karte hain is waqat zar e mubadla ke zakhair 21 arab dollar ho chuke hain,degar,URD
Hum degar mumalik se madad nahi tijarat karte hain is waqat zar e mubadla ke zakhair 21 arab dollar ho chuke hain,mumalik,URD
Hum degar mumalik se madad nahi tijarat karte hain is waqat zar e mubadla ke zakhair 21 arab dollar ho chuke hain,se,URD
Hum degar mumalik se madad nahi tijarat karte hain is waqat zar e mubadla ke zakhair 21 arab dollar ho chuke hain,madad,URD
Hum degar mumalik se madad nahi tijarat karte hain is waqat zar e mubadla ke zakhair 21 arab dollar ho chuke hain,nahi,URD
Hum degar mumalik se madad nahi tijarat karte hain is waqat zar e mubadla ke zakhair 21 arab dollar ho chuke hain,tijarat,URD
Hum degar mumalik se madad nahi tijarat karte hain is waqat zar e mubadla ke zakhair 21 arab dollar ho chuke hain,karte,URD
Hum degar mumalik se madad nahi tijarat karte hain is waqat zar e mubadla ke zakhair 21 arab dollar ho chuke hain,hain,URD
Hum degar mumalik se madad nahi tijarat karte hain is waqat zar e mubadla ke zakhair 21 arab dollar ho chuke hain,is,ENG
Hum degar mumalik se madad nahi tijarat karte hain is waqat zar e mubadla ke zakhair 21 arab dollar ho chuke hain,waqat,URD
Hum degar mumalik se madad nahi tijarat karte hain is waqat zar e mubadla ke zakhair 21 arab dollar ho chuke hain,zar,URD
Hum degar mumalik se madad nahi tijarat karte hain is waqat zar e mubadla ke zakhair 21 arab dollar ho chuke hain,e,URD
Hum degar mumalik se madad nahi tijarat karte hain is waqat zar e mubadla ke zakhair 21 arab dollar ho chuke hain,mubadla,URD
Hum degar mumalik se madad nahi tijarat karte hain is waqat zar e mubadla ke zakhair 21 arab dollar ho chuke hain,ke,URD
Hum degar mumalik se madad nahi tijarat karte hain is waqat zar e mubadla ke zakhair 21 arab dollar ho chuke hain,zakhair,URD
Hum degar mumalik se madad nahi tijarat karte hain is waqat zar e mubadla ke zakhair 21 arab dollar ho chuke hain,21,URD
Hum degar mumalik se madad nahi tijarat karte hain is waqat zar e mubadla ke zakhair 21 arab dollar ho chuke hain,arab,URD
Hum degar mumalik se madad nahi tijarat karte hain is waqat zar e mubadla ke zakhair 21 arab dollar ho chuke hain,dollar,URD
Hum degar mumalik se madad nahi tijarat karte hain is waqat zar e mubadla ke zakhair 21 arab dollar ho chuke hain,ho,URD
Hum degar mumalik se madad nahi tijarat karte hain is waqat zar e mubadla ke zakhair 21 arab dollar ho chuke hain,chuke,URD
Hum degar mumalik se madad nahi tijarat karte hain is waqat zar e mubadla ke zakhair 21 arab dollar ho chuke hain,hain,URD
Drama acha hai Funny bhi hai Billo Aur Shano ki But Aur bhi Ache Drame hai pakistani,Drama,URD
Drama acha hai Funny bhi hai Billo Aur Shano ki But Aur bhi Ache Drame hai pakistani,acha,URD
Drama acha hai Funny bhi hai Billo Aur Shano ki But Aur bhi Ache Drame hai pakistani,hai,URD
Drama acha hai Funny bhi hai Billo Aur Shano ki But Aur bhi Ache Drame hai pakistani,Funny,URD
Drama acha hai Funny bhi hai Billo Aur Shano ki But Aur bhi Ache Drame hai pakistani,bhi,URD
Drama acha hai Funny bhi hai Billo Aur Shano ki But Aur bhi Ache Drame hai pakistani,hai,URD
Drama acha hai Funny bhi hai Billo Aur Shano ki But Aur bhi Ache Drame hai pakistani,Billo,URD
Drama acha hai Funny bhi hai Billo Aur Shano ki But Aur bhi Ache Drame hai pakistani,Aur,URD
Drama acha hai Funny bhi hai Billo Aur Shano ki But Aur bhi Ache Drame hai pakistani,Shano,URD
Drama acha hai Funny bhi hai Billo Aur Shano ki But Aur bhi Ache Drame hai pakistani,ki,URD
Drama acha hai Funny bhi hai Billo Aur Shano ki But Aur bhi Ache Drame hai pakistani,But,ENG
Drama acha hai Funny bhi hai Billo Aur Shano ki But Aur bhi Ache Drame hai pakistani,Aur,URD
Drama acha hai Funny bhi hai Billo Aur Shano ki But Aur bhi Ache Drame hai pakistani,bhi,URD
Drama acha hai Funny bhi hai Billo Aur Shano ki But Aur bhi Ache Drame hai pakistani,Ache,URD
Drama acha hai Funny bhi hai Billo Aur Shano ki But Aur bhi Ache Drame hai pakistani,Drame,URD
Drama acha hai Funny bhi hai Billo Aur Shano ki But Aur bhi Ache Drame hai pakistani,hai,URD
Drama acha hai Funny bhi hai Billo Aur Shano ki But Aur bhi Ache Drame hai pakistani,pakistani,URD
jan anti uncl ko thanks bolo meri trf sy,jan,URD
jan anti uncl ko thanks bolo meri trf sy,anti,URD
jan anti uncl ko thanks bolo meri trf sy,uncl,URD
jan anti uncl ko thanks bolo meri trf sy,ko,URD
jan anti uncl ko thanks bolo meri trf sy,thanks,ENG
jan anti uncl ko thanks bolo meri trf sy,bolo,URD
jan anti uncl ko thanks bolo meri trf sy,meri,URD
jan anti uncl ko thanks bolo meri trf sy,trf,URD
jan anti uncl ko thanks bolo meri trf sy,sy,URD
kya cheez ha har kici nay like ki.,kya,URD
kya cheez ha har kici nay like ki.,cheez,URD
kya cheez ha har kici nay like ki.,ha,URD
kya cheez ha har kici nay like ki.,har,URD
kya cheez ha har kici nay like ki.,kici,URD
kya cheez ha har kici nay like ki.,nay,URD
kya cheez ha har kici nay like ki.,like,ENG
kya cheez ha har kici nay like ki.,ki.,URD
World cup mein apna phela  match Javed Miandad  West Indies ka khilaf khela aur 24 runs ki pur atemad innings kheli,World,ENG
World cup mein apna phela  match Javed Miandad  West Indies ka khilaf khela aur 24 runs ki pur atemad innings kheli,cup,URD
World cup mein apna phela  match Javed Miandad  West Indies ka khilaf khela aur 24 runs ki pur atemad innings kheli,mein,URD
World cup mein apna phela  match Javed Miandad  West Indies ka khilaf khela aur 24 runs ki pur atemad innings kheli,apna,URD
World cup mein apna phela  match Javed Miandad  West Indies ka khilaf khela aur 24 runs ki pur atemad innings kheli,phela,URD
World cup mein apna phela  match Javed Miandad  West Indies ka khilaf khela aur 24 runs ki pur atemad innings kheli,match,ENG
World cup mein apna phela  match Javed Miandad  West Indies ka khilaf khela aur 24 runs ki pur atemad innings kheli,Javed,URD
World cup mein apna phela  match Javed Miandad  West Indies ka khilaf khela aur 24 runs ki pur atemad innings kheli,Miandad,URD
World cup mein apna phela  match Javed Miandad  West Indies ka khilaf khela aur 24 runs ki pur atemad innings kheli,West,URD
World cup mein apna phela  match Javed Miandad  West Indies ka khilaf khela aur 24 runs ki pur atemad innings kheli,Indies,URD
World cup mein apna phela  match Javed Miandad  West Indies ka khilaf khela aur 24 runs ki pur atemad innings kheli,ka,URD
World cup mein apna phela  match Javed Miandad  West Indies ka khilaf khela aur 24 runs ki pur atemad innings kheli,khilaf,URD
World cup mein apna phela  match Javed Miandad  West Indies ka khilaf khela aur 24 runs ki pur atemad innings kheli,khela,URD
World cup mein apna phela  match Javed Miandad  West Indies ka khilaf khela aur 24 runs ki pur atemad innings kheli,aur,URD
World cup mein apna phela  match Javed Miandad  West Indies ka khilaf khela aur 24 runs ki pur atemad innings kheli,24,URD
World cup mein apna phela  match Javed Miandad  West Indies ka khilaf khela aur 24 runs ki pur atemad innings kheli,runs,URD
World cup mein apna phela  match Javed Miandad  West Indies ka khilaf khela aur 24 runs ki pur atemad innings kheli,ki,URD
World cup mein apna phela  match Javed Miandad  West Indies ka khilaf khela aur 24 runs ki pur atemad innings kheli,pur,URD
World cup mein apna phela  match Javed Miandad  West Indies ka khilaf khela aur 24 runs ki pur atemad innings kheli,atemad,URD
World cup mein apna phela  match Javed Miandad  West Indies ka khilaf khela aur 24 runs ki pur atemad innings kheli,innings,URD
World cup mein apna phela  match Javed Miandad  West Indies ka khilaf khela aur 24 runs ki pur atemad innings kheli,kheli,URD
Is ke bad wo PTV ke mukhtalif shows aur dramas mein baqaiydgi se hissa lene lagein,Is,ENG
Is ke bad wo PTV ke mukhtalif shows aur dramas mein baqaiydgi se hissa lene lagein,ke,URD
Is ke bad wo PTV ke mukhtalif shows aur dramas mein baqaiydgi se hissa lene lagein,bad,ENG
Is ke bad wo PTV ke mukhtalif shows aur dramas mein baqaiydgi se hissa lene lagein,wo,URD
Is ke bad wo PTV ke mukhtalif shows aur dramas mein baqaiydgi se hissa lene lagein,PTV,URD
Is ke bad wo PTV ke mukhtalif shows aur dramas mein baqaiydgi se hissa lene lagein,ke,URD
Is ke bad wo PTV ke mukhtalif shows aur dramas mein baqaiydgi se hissa lene lagein,mukhtalif,URD
Is ke bad wo PTV ke mukhtalif shows aur dramas mein baqaiydgi se hissa lene lagein,shows,URD
Is ke bad wo PTV ke mukhtalif shows aur dramas mein baqaiydgi se hissa lene lagein,aur,URD
Is ke bad wo PTV ke mukhtalif shows aur dramas mein baqaiydgi se hissa lene lagein,dramas,URD
Is ke bad wo PTV ke mukhtalif shows aur dramas mein baqaiydgi se hissa lene lagein,mein,URD
Is ke bad wo PTV ke mukhtalif shows aur dramas mein baqaiydgi se hissa lene lagein,baqaiydgi,URD
Is ke bad wo PTV ke mukhtalif shows aur dramas mein baqaiydgi se hissa lene lagein,se,URD
Is ke bad wo PTV ke mukhtalif shows aur dramas mein baqaiydgi se hissa lene lagein,hissa,URD
Is ke bad wo PTV ke mukhtalif shows aur dramas mein baqaiydgi se hissa lene lagein,lene,URD
Is ke bad wo PTV ke mukhtalif shows aur dramas mein baqaiydgi se hissa lene lagein,lagein,URD
"Taqreer mein to is ka izhaar nahi kiya, lekin ashaar mein kafi hadf-e-malamat banaya",Taqreer,URD
"Taqreer mein to is ka izhaar nahi kiya, lekin ashaar mein kafi hadf-e-malamat banaya",mein,URD
"Taqreer mein to is ka izhaar nahi kiya, lekin ashaar mein kafi hadf-e-malamat banaya",to,URD
"Taqreer mein to is ka izhaar nahi kiya, lekin ashaar mein kafi hadf-e-malamat banaya",is,ENG
"Taqreer mein to is ka izhaar nahi kiya, lekin ashaar mein kafi hadf-e-malamat banaya",ka,URD
"Taqreer mein to is ka izhaar nahi kiya, lekin ashaar mein kafi hadf-e-malamat banaya",izhaar,URD
"Taqreer mein to is ka izhaar nahi kiya, lekin ashaar mein kafi hadf-e-malamat banaya",nahi,URD
"Taqreer mein to is ka izhaar nahi kiya, lekin ashaar mein kafi hadf-e-malamat banaya","kiya,",URD
"Taqreer mein to is ka izhaar nahi kiya, lekin ashaar mein kafi hadf-e-malamat banaya",lekin,URD
"Taqreer mein to is ka izhaar nahi kiya, lekin ashaar mein kafi hadf-e-malamat banaya",ashaar,URD
"Taqreer mein to is ka izhaar nahi kiya, lekin ashaar mein kafi hadf-e-malamat banaya",mein,URD
"Taqreer mein to is ka izhaar nahi kiya, lekin ashaar mein kafi hadf-e-malamat banaya",kafi,URD
"Taqreer mein to is ka izhaar nahi kiya, lekin ashaar mein kafi hadf-e-malamat banaya",hadf-e-malamat,URD
"Taqreer mein to is ka izhaar nahi kiya, lekin ashaar mein kafi hadf-e-malamat banaya",banaya,URD
Is ko kia taqleefh howi choron ko nawaz sharif ky baton ko mulk sy farar karwa diya or nawaz sharif ka nam q nahi dala,Is,ENG
Is ko kia taqleefh howi choron ko nawaz sharif ky baton ko mulk sy farar karwa diya or nawaz sharif ka nam q nahi dala,ko,URD
Is ko kia taqleefh howi choron ko nawaz sharif ky baton ko mulk sy farar karwa diya or nawaz sharif ka nam q nahi dala,kia,URD
Is ko kia taqleefh howi choron ko nawaz sharif ky baton ko mulk sy farar karwa diya or nawaz sharif ka nam q nahi dala,taqleefh,URD
Is ko kia taqleefh howi choron ko nawaz sharif ky baton ko mulk sy farar karwa diya or nawaz sharif ka nam q nahi dala,howi,URD
Is ko kia taqleefh howi choron ko nawaz sharif ky baton ko mulk sy farar karwa diya or nawaz sharif ka nam q nahi dala,choron,URD
Is ko kia taqleefh howi choron ko nawaz sharif ky baton ko mulk sy farar karwa diya or nawaz sharif ka nam q nahi dala,ko,URD
Is ko kia taqleefh howi choron ko nawaz sharif ky baton ko mulk sy farar karwa diya or nawaz sharif ka nam q nahi dala,nawaz,URD
Is ko kia taqleefh howi choron ko nawaz sharif ky baton ko mulk sy farar karwa diya or nawaz sharif ka nam q nahi dala,sharif,URD
Is ko kia taqleefh howi choron ko nawaz sharif ky baton ko mulk sy farar karwa diya or nawaz sharif ka nam q nahi dala,ky,URD
Is ko kia taqleefh howi choron ko nawaz sharif ky baton ko mulk sy farar karwa diya or nawaz sharif ka nam q nahi dala,baton,URD
Is ko kia taqleefh howi choron ko nawaz sharif ky baton ko mulk sy farar karwa diya or nawaz sharif ka nam q nahi dala,ko,URD
Is ko kia taqleefh howi choron ko nawaz sharif ky baton ko mulk sy farar karwa diya or nawaz sharif ka nam q nahi dala,mulk,URD
Is ko kia taqleefh howi choron ko nawaz sharif ky baton ko mulk sy farar karwa diya or nawaz sharif ka nam q nahi dala,sy,URD
Is ko kia taqleefh howi choron ko nawaz sharif ky baton ko mulk sy farar karwa diya or nawaz sharif ka nam q nahi dala,farar,URD
Is ko kia taqleefh howi choron ko nawaz sharif ky baton ko mulk sy farar karwa diya or nawaz sharif ka nam q nahi dala,karwa,URD
Is ko kia taqleefh howi choron ko nawaz sharif ky baton ko mulk sy farar karwa diya or nawaz sharif ka nam q nahi dala,diya,URD
Is ko kia taqleefh howi choron ko nawaz sharif ky baton ko mulk sy farar karwa diya or nawaz sharif ka nam q nahi dala,or,URD
Is ko kia taqleefh howi choron ko nawaz sharif ky baton ko mulk sy farar karwa diya or nawaz sharif ka nam q nahi dala,nawaz,URD
Is ko kia taqleefh howi choron ko nawaz sharif ky baton ko mulk sy farar karwa diya or nawaz sharif ka nam q nahi dala,sharif,URD
Is ko kia taqleefh howi choron ko nawaz sharif ky baton ko mulk sy farar karwa diya or nawaz sharif ka nam q nahi dala,ka,URD
Is ko kia taqleefh howi choron ko nawaz sharif ky baton ko mulk sy farar karwa diya or nawaz sharif ka nam q nahi dala,nam,URD
Is ko kia taqleefh howi choron ko nawaz sharif ky baton ko mulk sy farar karwa diya or nawaz sharif ka nam q nahi dala,q,URD
Is ko kia taqleefh howi choron ko nawaz sharif ky baton ko mulk sy farar karwa diya or nawaz sharif ka nam q nahi dala,nahi,URD
Is ko kia taqleefh howi choron ko nawaz sharif ky baton ko mulk sy farar karwa diya or nawaz sharif ka nam q nahi dala,dala,URD
Oyee dj ka real name kia hy?,Oyee,URD
Oyee dj ka real name kia hy?,dj,URD
Oyee dj ka real name kia hy?,ka,URD
Oyee dj ka real name kia hy?,real,ENG
Oyee dj ka real name kia hy?,name,URD
Oyee dj ka real name kia hy?,kia,URD
Oyee dj ka real name kia hy?,hy?,URD
Javed Miandad ne is test ko jitane mein aham kirdar ada kiya,Javed,URD
Javed Miandad ne is test ko jitane mein aham kirdar ada kiya,Miandad,URD
Javed Miandad ne is test ko jitane mein aham kirdar ada kiya,ne,URD
Javed Miandad ne is test ko jitane mein aham kirdar ada kiya,is,ENG
Javed Miandad ne is test ko jitane mein aham kirdar ada kiya,test,URD
Javed Miandad ne is test ko jitane mein aham kirdar ada kiya,ko,URD
Javed Miandad ne is test ko jitane mein aham kirdar ada kiya,jitane,URD
Javed Miandad ne is test ko jitane mein aham kirdar ada kiya,mein,URD
Javed Miandad ne is test ko jitane mein aham kirdar ada kiya,aham,URD
Javed Miandad ne is test ko jitane mein aham kirdar ada kiya,kirdar,URD
Javed Miandad ne is test ko jitane mein aham kirdar ada kiya,ada,URD
Javed Miandad ne is test ko jitane mein aham kirdar ada kiya,kiya,URD
Jab ke is saal mareez muntaqli service mein 25 % izafa hua.,Jab,URD
Jab ke is saal mareez muntaqli service mein 25 % izafa hua.,ke,URD
Jab ke is saal mareez muntaqli service mein 25 % izafa hua.,is,ENG
Jab ke is saal mareez muntaqli service mein 25 % izafa hua.,saal,URD
Jab ke is saal mareez muntaqli service mein 25 % izafa hua.,mareez,URD
Jab ke is saal mareez muntaqli service mein 25 % izafa hua.,muntaqli,URD
Jab ke is saal mareez muntaqli service mein 25 % izafa hua.,service,URD
Jab ke is saal mareez muntaqli service mein 25 % izafa hua.,mein,URD
Jab ke is saal mareez muntaqli service mein 25 % izafa hua.,25,URD
Jab ke is saal mareez muntaqli service mein 25 % izafa hua.,%,URD
Jab ke is saal mareez muntaqli service mein 25 % izafa hua.,izafa,URD
Jab ke is saal mareez muntaqli service mein 25 % izafa hua.,hua.,URD
Un ke khotot is ki waze missal hain,Un,URD
Un ke khotot is ki waze missal hain,ke,URD
Un ke khotot is ki waze missal hain,khotot,URD
Un ke khotot is ki waze missal hain,is,ENG
Un ke khotot is ki waze missal hain,ki,URD
Un ke khotot is ki waze missal hain,waze,URD
Un ke khotot is ki waze missal hain,missal,URD
Un ke khotot is ki waze missal hain,hain,URD
product is amazing . paper quality is also best . lkn bazar ke lehaz se price zyada hai ....,product,URD
product is amazing . paper quality is also best . lkn bazar ke lehaz se price zyada hai ....,is,ENG
product is amazing . paper quality is also best . lkn bazar ke lehaz se price zyada hai ....,amazing,ENG
product is amazing . paper quality is also best . lkn bazar ke lehaz se price zyada hai ....,.,URD
product is amazing . paper quality is also best . lkn bazar ke lehaz se price zyada hai ....,paper,URD
product is amazing . paper quality is also best . lkn bazar ke lehaz se price zyada hai ....,quality,URD
product is amazing . paper quality is also best . lkn bazar ke lehaz se price zyada hai ....,is,ENG
product is amazing . paper quality is also best . lkn bazar ke lehaz se price zyada hai ....,also,URD
product is amazing . paper quality is also best . lkn bazar ke lehaz se price zyada hai ....,best,ENG
product is amazing . paper quality is also best . lkn bazar ke lehaz se price zyada hai ....,.,URD
product is amazing . paper quality is also best . lkn bazar ke lehaz se price zyada hai ....,lkn,URD
product is amazing . paper quality is also best . lkn bazar ke lehaz se price zyada hai ....,bazar,URD
product is amazing . paper quality is also best . lkn bazar ke lehaz se price zyada hai ....,ke,URD
product is amazing . paper quality is also best . lkn bazar ke lehaz se price zyada hai ....,lehaz,URD
product is amazing . paper quality is also best . lkn bazar ke lehaz se price zyada hai ....,se,URD
product is amazing . paper quality is also best . lkn bazar ke lehaz se price zyada hai ....,price,URD
product is amazing . paper quality is also best . lkn bazar ke lehaz se price zyada hai ....,zyada,URD
product is amazing . paper quality is also best . lkn bazar ke lehaz se price zyada hai ....,hai,URD
product is amazing . paper quality is also best . lkn bazar ke lehaz se price zyada hai ....,....,URD
o bhai tumhri post par gandi link dt hai kisi ny ude delete kro,o,URD
o bhai tumhri post par gandi link dt hai kisi ny ude delete kro,bhai,URD
o bhai tumhri post par gandi link dt hai kisi ny ude delete kro,tumhri,URD
o bhai tumhri post par gandi link dt hai kisi ny ude delete kro,post,ENG
o bhai tumhri post par gandi link dt hai kisi ny ude delete kro,par,URD
o bhai tumhri post par gandi link dt hai kisi ny ude delete kro,gandi,URD
o bhai tumhri post par gandi link dt hai kisi ny ude delete kro,link,URD
o bhai tumhri post par gandi link dt hai kisi ny ude delete kro,dt,URD
o bhai tumhri post par gandi link dt hai kisi ny ude delete kro,hai,URD
o bhai tumhri post par gandi link dt hai kisi ny ude delete kro,kisi,URD
o bhai tumhri post par gandi link dt hai kisi ny ude delete kro,ny,URD
o bhai tumhri post par gandi link dt hai kisi ny ude delete kro,ude,URD
o bhai tumhri post par gandi link dt hai kisi ny ude delete kro,delete,URD
o bhai tumhri post par gandi link dt hai kisi ny ude delete kro,kro,URD
Dosri bar wo election mein 30000 votes se apne hareef par sabqat le gae,Dosri,URD
Dosri bar wo election mein 30000 votes se apne hareef par sabqat le gae,bar,URD
Dosri bar wo election mein 30000 votes se apne hareef par sabqat le gae,wo,URD
Dosri bar wo election mein 30000 votes se apne hareef par sabqat le gae,election,ENG
Dosri bar wo election mein 30000 votes se apne hareef par sabqat le gae,mein,URD
Dosri bar wo election mein 30000 votes se apne hareef par sabqat le gae,30000,URD
Dosri bar wo election mein 30000 votes se apne hareef par sabqat le gae,votes,URD
Dosri bar wo election mein 30000 votes se apne hareef par sabqat le gae,se,URD
Dosri bar wo election mein 30000 votes se apne hareef par sabqat le gae,apne,URD
Dosri bar wo election mein 30000 votes se apne hareef par sabqat le gae,hareef,URD
Dosri bar wo election mein 30000 votes se apne hareef par sabqat le gae,par,URD
Dosri bar wo election mein 30000 votes se apne hareef par sabqat le gae,sabqat,URD
Dosri bar wo election mein 30000 votes se apne hareef par sabqat le gae,le,URD
Dosri bar wo election mein 30000 votes se apne hareef par sabqat le gae,gae,URD
Apni Raftaar Me Miyana Ravi Ikhtiyar Karo Aur Apni Awaz Ko Past Rakho Sab Se Buri Awaz Gadhay Ki Hai,Apni,URD
Apni Raftaar Me Miyana Ravi Ikhtiyar Karo Aur Apni Awaz Ko Past Rakho Sab Se Buri Awaz Gadhay Ki Hai,Raftaar,URD
Apni Raftaar Me Miyana Ravi Ikhtiyar Karo Aur Apni Awaz Ko Past Rakho Sab Se Buri Awaz Gadhay Ki Hai,Me,URD
Apni Raftaar Me Miyana Ravi Ikhtiyar Karo Aur Apni Awaz Ko Past Rakho Sab Se Buri Awaz Gadhay Ki Hai,Miyana,URD
Apni Raftaar Me Miyana Ravi Ikhtiyar Karo Aur Apni Awaz Ko Past Rakho Sab Se Buri Awaz Gadhay Ki Hai,Ravi,URD
Apni Raftaar Me Miyana Ravi Ikhtiyar Karo Aur Apni Awaz Ko Past Rakho Sab Se Buri Awaz Gadhay Ki Hai,Ikhtiyar,URD
Apni Raftaar Me Miyana Ravi Ikhtiyar Karo Aur Apni Awaz Ko Past Rakho Sab Se Buri Awaz Gadhay Ki Hai,Karo,URD
Apni Raftaar Me Miyana Ravi Ikhtiyar Karo Aur Apni Awaz Ko Past Rakho Sab Se Buri Awaz Gadhay Ki Hai,Aur,URD
Apni Raftaar Me Miyana Ravi Ikhtiyar Karo Aur Apni Awaz Ko Past Rakho Sab Se Buri Awaz Gadhay Ki Hai,Apni,URD
Apni Raftaar Me Miyana Ravi Ikhtiyar Karo Aur Apni Awaz Ko Past Rakho Sab Se Buri Awaz Gadhay Ki Hai,Awaz,URD
Apni Raftaar Me Miyana Ravi Ikhtiyar Karo Aur Apni Awaz Ko Past Rakho Sab Se Buri Awaz Gadhay Ki Hai,Ko,URD
Apni Raftaar Me Miyana Ravi Ikhtiyar Karo Aur Apni Awaz Ko Past Rakho Sab Se Buri Awaz Gadhay Ki Hai,Past,ENG
Apni Raftaar Me Miyana Ravi Ikhtiyar Karo Aur Apni Awaz Ko Past Rakho Sab Se Buri Awaz Gadhay Ki Hai,Rakho,URD
Apni Raftaar Me Miyana Ravi Ikhtiyar Karo Aur Apni Awaz Ko Past Rakho Sab Se Buri Awaz Gadhay Ki Hai,Sab,URD
Apni Raftaar Me Miyana Ravi Ikhtiyar Karo Aur Apni Awaz Ko Past Rakho Sab Se Buri Awaz Gadhay Ki Hai,Se,URD
Apni Raftaar Me Miyana Ravi Ikhtiyar Karo Aur Apni Awaz Ko Past Rakho Sab Se Buri Awaz Gadhay Ki Hai,Buri,URD
Apni Raftaar Me Miyana Ravi Ikhtiyar Karo Aur Apni Awaz Ko Past Rakho Sab Se Buri Awaz Gadhay Ki Hai,Awaz,URD
Apni Raftaar Me Miyana Ravi Ikhtiyar Karo Aur Apni Awaz Ko Past Rakho Sab Se Buri Awaz Gadhay Ki Hai,Gadhay,URD
Apni Raftaar Me Miyana Ravi Ikhtiyar Karo Aur Apni Awaz Ko Past Rakho Sab Se Buri Awaz Gadhay Ki Hai,Ki,URD
Apni Raftaar Me Miyana Ravi Ikhtiyar Karo Aur Apni Awaz Ko Past Rakho Sab Se Buri Awaz Gadhay Ki Hai,Hai,URD
Is silsile ko bari baqaidgi se main ne 1971 tak chalaya.,Is,ENG
Is silsile ko bari baqaidgi se main ne 1971 tak chalaya.,silsile,URD
Is silsile ko bari baqaidgi se main ne 1971 tak chalaya.,ko,URD
Is silsile ko bari baqaidgi se main ne 1971 tak chalaya.,bari,URD
Is silsile ko bari baqaidgi se main ne 1971 tak chalaya.,baqaidgi,URD
Is silsile ko bari baqaidgi se main ne 1971 tak chalaya.,se,URD
Is silsile ko bari baqaidgi se main ne 1971 tak chalaya.,main,URD
Is silsile ko bari baqaidgi se main ne 1971 tak chalaya.,ne,URD
Is silsile ko bari baqaidgi se main ne 1971 tak chalaya.,1971,URD
Is silsile ko bari baqaidgi se main ne 1971 tak chalaya.,tak,URD
Is silsile ko bari baqaidgi se main ne 1971 tak chalaya.,chalaya.,URD
Test Crickt Main Unhon Ne Pakistan Ki Taraf Sy Sub Sy Zyada Chakkay Marnay Walay Player Ka Izaz Hasil Kia,Test,URD
Test Crickt Main Unhon Ne Pakistan Ki Taraf Sy Sub Sy Zyada Chakkay Marnay Walay Player Ka Izaz Hasil Kia,Crickt,URD
Test Crickt Main Unhon Ne Pakistan Ki Taraf Sy Sub Sy Zyada Chakkay Marnay Walay Player Ka Izaz Hasil Kia,Main,URD
Test Crickt Main Unhon Ne Pakistan Ki Taraf Sy Sub Sy Zyada Chakkay Marnay Walay Player Ka Izaz Hasil Kia,Unhon,URD
Test Crickt Main Unhon Ne Pakistan Ki Taraf Sy Sub Sy Zyada Chakkay Marnay Walay Player Ka Izaz Hasil Kia,Ne,URD
Test Crickt Main Unhon Ne Pakistan Ki Taraf Sy Sub Sy Zyada Chakkay Marnay Walay Player Ka Izaz Hasil Kia,Pakistan,URD
Test Crickt Main Unhon Ne Pakistan Ki Taraf Sy Sub Sy Zyada Chakkay Marnay Walay Player Ka Izaz Hasil Kia,Ki,URD
Test Crickt Main Unhon Ne Pakistan Ki Taraf Sy Sub Sy Zyada Chakkay Marnay Walay Player Ka Izaz Hasil Kia,Taraf,URD
Test Crickt Main Unhon Ne Pakistan Ki Taraf Sy Sub Sy Zyada Chakkay Marnay Walay Player Ka Izaz Hasil Kia,Sy,URD
Test Crickt Main Unhon Ne Pakistan Ki Taraf Sy Sub Sy Zyada Chakkay Marnay Walay Player Ka Izaz Hasil Kia,Sub,URD
Test Crickt Main Unhon Ne Pakistan Ki Taraf Sy Sub Sy Zyada Chakkay Marnay Walay Player Ka Izaz Hasil Kia,Sy,URD
Test Crickt Main Unhon Ne Pakistan Ki Taraf Sy Sub Sy Zyada Chakkay Marnay Walay Player Ka Izaz Hasil Kia,Zyada,URD
Test Crickt Main Unhon Ne Pakistan Ki Taraf Sy Sub Sy Zyada Chakkay Marnay Walay Player Ka Izaz Hasil Kia,Chakkay,URD
Test Crickt Main Unhon Ne Pakistan Ki Taraf Sy Sub Sy Zyada Chakkay Marnay Walay Player Ka Izaz Hasil Kia,Marnay,URD
Test Crickt Main Unhon Ne Pakistan Ki Taraf Sy Sub Sy Zyada Chakkay Marnay Walay Player Ka Izaz Hasil Kia,Walay,URD
Test Crickt Main Unhon Ne Pakistan Ki Taraf Sy Sub Sy Zyada Chakkay Marnay Walay Player Ka Izaz Hasil Kia,Player,ENG
Test Crickt Main Unhon Ne Pakistan Ki Taraf Sy Sub Sy Zyada Chakkay Marnay Walay Player Ka Izaz Hasil Kia,Ka,URD
Test Crickt Main Unhon Ne Pakistan Ki Taraf Sy Sub Sy Zyada Chakkay Marnay Walay Player Ka Izaz Hasil Kia,Izaz,URD
Test Crickt Main Unhon Ne Pakistan Ki Taraf Sy Sub Sy Zyada Chakkay Marnay Walay Player Ka Izaz Hasil Kia,Hasil,URD
Test Crickt Main Unhon Ne Pakistan Ki Taraf Sy Sub Sy Zyada Chakkay Marnay Walay Player Ka Izaz Hasil Kia,Kia,URD
Hahaha. Sabka hi yahi hal hota hai. Per  selfies le le k apne phone mei dafan kardeti hai,Hahaha.,URD
Hahaha. Sabka hi yahi hal hota hai. Per  selfies le le k apne phone mei dafan kardeti hai,Sabka,URD
Hahaha. Sabka hi yahi hal hota hai. Per  selfies le le k apne phone mei dafan kardeti hai,hi,URD
Hahaha. Sabka hi yahi hal hota hai. Per  selfies le le k apne phone mei dafan kardeti hai,yahi,URD
Hahaha. Sabka hi yahi hal hota hai. Per  selfies le le k apne phone mei dafan kardeti hai,hal,URD
Hahaha. Sabka hi yahi hal hota hai. Per  selfies le le k apne phone mei dafan kardeti hai,hota,URD
Hahaha. Sabka hi yahi hal hota hai. Per  selfies le le k apne phone mei dafan kardeti hai,hai.,URD
Hahaha. Sabka hi yahi hal hota hai. Per  selfies le le k apne phone mei dafan kardeti hai,Per,URD
Hahaha. Sabka hi yahi hal hota hai. Per  selfies le le k apne phone mei dafan kardeti hai,selfies,URD
Hahaha. Sabka hi yahi hal hota hai. Per  selfies le le k apne phone mei dafan kardeti hai,le,URD
Hahaha. Sabka hi yahi hal hota hai. Per  selfies le le k apne phone mei dafan kardeti hai,le,URD
Hahaha. Sabka hi yahi hal hota hai. Per  selfies le le k apne phone mei dafan kardeti hai,k,URD
Hahaha. Sabka hi yahi hal hota hai. Per  selfies le le k apne phone mei dafan kardeti hai,apne,URD
Hahaha. Sabka hi yahi hal hota hai. Per  selfies le le k apne phone mei dafan kardeti hai,phone,MIX
Hahaha. Sabka hi yahi hal hota hai. Per  selfies le le k apne phone mei dafan kardeti hai,mei,URD
Hahaha. Sabka hi yahi hal hota hai. Per  selfies le le k apne phone mei dafan kardeti hai,dafan,URD
Hahaha. Sabka hi yahi hal hota hai. Per  selfies le le k apne phone mei dafan kardeti hai,kardeti,URD
Hahaha. Sabka hi yahi hal hota hai. Per  selfies le le k apne phone mei dafan kardeti hai,hai,URD
Chunache Anjuman High School Ahmedabad education society ke secretary rahe aur dosri falahi anjumano mein bhi dilchaspi lete the,Chunache,URD
Chunache Anjuman High School Ahmedabad education society ke secretary rahe aur dosri falahi anjumano mein bhi dilchaspi lete the,Anjuman,URD
Chunache Anjuman High School Ahmedabad education society ke secretary rahe aur dosri falahi anjumano mein bhi dilchaspi lete the,High,URD
Chunache Anjuman High School Ahmedabad education society ke secretary rahe aur dosri falahi anjumano mein bhi dilchaspi lete the,School,URD
Chunache Anjuman High School Ahmedabad education society ke secretary rahe aur dosri falahi anjumano mein bhi dilchaspi lete the,Ahmedabad,URD
Chunache Anjuman High School Ahmedabad education society ke secretary rahe aur dosri falahi anjumano mein bhi dilchaspi lete the,education,URD
Chunache Anjuman High School Ahmedabad education society ke secretary rahe aur dosri falahi anjumano mein bhi dilchaspi lete the,society,URD
Chunache Anjuman High School Ahmedabad education society ke secretary rahe aur dosri falahi anjumano mein bhi dilchaspi lete the,ke,URD
Chunache Anjuman High School Ahmedabad education society ke secretary rahe aur dosri falahi anjumano mein bhi dilchaspi lete the,secretary,URD
Chunache Anjuman High School Ahmedabad education society ke secretary rahe aur dosri falahi anjumano mein bhi dilchaspi lete the,rahe,URD
Chunache Anjuman High School Ahmedabad education society ke secretary rahe aur dosri falahi anjumano mein bhi dilchaspi lete the,aur,URD
Chunache Anjuman High School Ahmedabad education society ke secretary rahe aur dosri falahi anjumano mein bhi dilchaspi lete the,dosri,URD
Chunache Anjuman High School Ahmedabad education society ke secretary rahe aur dosri falahi anjumano mein bhi dilchaspi lete the,falahi,URD
Chunache Anjuman High School Ahmedabad education society ke secretary rahe aur dosri falahi anjumano mein bhi dilchaspi lete the,anjumano,URD
Chunache Anjuman High School Ahmedabad education society ke secretary rahe aur dosri falahi anjumano mein bhi dilchaspi lete the,mein,URD
Chunache Anjuman High School Ahmedabad education society ke secretary rahe aur dosri falahi anjumano mein bhi dilchaspi lete the,bhi,URD
Chunache Anjuman High School Ahmedabad education society ke secretary rahe aur dosri falahi anjumano mein bhi dilchaspi lete the,dilchaspi,URD
Chunache Anjuman High School Ahmedabad education society ke secretary rahe aur dosri falahi anjumano mein bhi dilchaspi lete the,lete,URD
Chunache Anjuman High School Ahmedabad education society ke secretary rahe aur dosri falahi anjumano mein bhi dilchaspi lete the,the,ENG
Khuda ka khiuf kro is trah uski taarifein ker rha hei jesy dono ne koi karnama kia hei haram halal ki tmeez rakho,Khuda,URD
Khuda ka khiuf kro is trah uski taarifein ker rha hei jesy dono ne koi karnama kia hei haram halal ki tmeez rakho,ka,URD
Khuda ka khiuf kro is trah uski taarifein ker rha hei jesy dono ne koi karnama kia hei haram halal ki tmeez rakho,khiuf,URD
Khuda ka khiuf kro is trah uski taarifein ker rha hei jesy dono ne koi karnama kia hei haram halal ki tmeez rakho,kro,URD
Khuda ka khiuf kro is trah uski taarifein ker rha hei jesy dono ne koi karnama kia hei haram halal ki tmeez rakho,is,ENG
Khuda ka khiuf kro is trah uski taarifein ker rha hei jesy dono ne koi karnama kia hei haram halal ki tmeez rakho,trah,URD
Khuda ka khiuf kro is trah uski taarifein ker rha hei jesy dono ne koi karnama kia hei haram halal ki tmeez rakho,uski,URD
Khuda ka khiuf kro is trah uski taarifein ker rha hei jesy dono ne koi karnama kia hei haram halal ki tmeez rakho,taarifein,URD
Khuda ka khiuf kro is trah uski taarifein ker rha hei jesy dono ne koi karnama kia hei haram halal ki tmeez rakho,ker,URD
Khuda ka khiuf kro is trah uski taarifein ker rha hei jesy dono ne koi karnama kia hei haram halal ki tmeez rakho,rha,URD
Khuda ka khiuf kro is trah uski taarifein ker rha hei jesy dono ne koi karnama kia hei haram halal ki tmeez rakho,hei,URD
Khuda ka khiuf kro is trah uski taarifein ker rha hei jesy dono ne koi karnama kia hei haram halal ki tmeez rakho,jesy,URD
Khuda ka khiuf kro is trah uski taarifein ker rha hei jesy dono ne koi karnama kia hei haram halal ki tmeez rakho,dono,URD
Khuda ka khiuf kro is trah uski taarifein ker rha hei jesy dono ne koi karnama kia hei haram halal ki tmeez rakho,ne,URD
Khuda ka khiuf kro is trah uski taarifein ker rha hei jesy dono ne koi karnama kia hei haram halal ki tmeez rakho,koi,URD
Khuda ka khiuf kro is trah uski taarifein ker rha hei jesy dono ne koi karnama kia hei haram halal ki tmeez rakho,karnama,URD
Khuda ka khiuf kro is trah uski taarifein ker rha hei jesy dono ne koi karnama kia hei haram halal ki tmeez rakho,kia,URD
Khuda ka khiuf kro is trah uski taarifein ker rha hei jesy dono ne koi karnama kia hei haram halal ki tmeez rakho,hei,URD
Khuda ka khiuf kro is trah uski taarifein ker rha hei jesy dono ne koi karnama kia hei haram halal ki tmeez rakho,haram,URD
Khuda ka khiuf kro is trah uski taarifein ker rha hei jesy dono ne koi karnama kia hei haram halal ki tmeez rakho,halal,URD
Khuda ka khiuf kro is trah uski taarifein ker rha hei jesy dono ne koi karnama kia hei haram halal ki tmeez rakho,ki,URD
Khuda ka khiuf kro is trah uski taarifein ker rha hei jesy dono ne koi karnama kia hei haram halal ki tmeez rakho,tmeez,URD
Khuda ka khiuf kro is trah uski taarifein ker rha hei jesy dono ne koi karnama kia hei haram halal ki tmeez rakho,rakho,URD
Barah-e-Meherbani is trhan ki posts zyyada kiya karain ta k humaray ilm mein izafa ho!#Shukriya,Barah-e-Meherbani,URD
Barah-e-Meherbani is trhan ki posts zyyada kiya karain ta k humaray ilm mein izafa ho!#Shukriya,is,ENG
Barah-e-Meherbani is trhan ki posts zyyada kiya karain ta k humaray ilm mein izafa ho!#Shukriya,trhan,URD
Barah-e-Meherbani is trhan ki posts zyyada kiya karain ta k humaray ilm mein izafa ho!#Shukriya,ki,URD
Barah-e-Meherbani is trhan ki posts zyyada kiya karain ta k humaray ilm mein izafa ho!#Shukriya,posts,URD
Barah-e-Meherbani is trhan ki posts zyyada kiya karain ta k humaray ilm mein izafa ho!#Shukriya,zyyada,URD
Barah-e-Meherbani is trhan ki posts zyyada kiya karain ta k humaray ilm mein izafa ho!#Shukriya,kiya,URD
Barah-e-Meherbani is trhan ki posts zyyada kiya karain ta k humaray ilm mein izafa ho!#Shukriya,karain,URD
Barah-e-Meherbani is trhan ki posts zyyada kiya karain ta k humaray ilm mein izafa ho!#Shukriya,ta,URD
Barah-e-Meherbani is trhan ki posts zyyada kiya karain ta k humaray ilm mein izafa ho!#Shukriya,k,URD
Barah-e-Meherbani is trhan ki posts zyyada kiya karain ta k humaray ilm mein izafa ho!#Shukriya,humaray,URD
Barah-e-Meherbani is trhan ki posts zyyada kiya karain ta k humaray ilm mein izafa ho!#Shukriya,ilm,URD
Barah-e-Meherbani is trhan ki posts zyyada kiya karain ta k humaray ilm mein izafa ho!#Shukriya,mein,URD
Barah-e-Meherbani is trhan ki posts zyyada kiya karain ta k humaray ilm mein izafa ho!#Shukriya,izafa,URD
Barah-e-Meherbani is trhan ki posts zyyada kiya karain ta k humaray ilm mein izafa ho!#Shukriya,ho!#Shukriya,URD
"Apne dilkash, khadokhal aur husun e bemisaal se zamane bhar ko aseer karne wali is sahira ka bachpan aur larakpan kae yateem khano mein guzra",Apne,URD
"Apne dilkash, khadokhal aur husun e bemisaal se zamane bhar ko aseer karne wali is sahira ka bachpan aur larakpan kae yateem khano mein guzra","dilkash,",URD
"Apne dilkash, khadokhal aur husun e bemisaal se zamane bhar ko aseer karne wali is sahira ka bachpan aur larakpan kae yateem khano mein guzra",khadokhal,URD
"Apne dilkash, khadokhal aur husun e bemisaal se zamane bhar ko aseer karne wali is sahira ka bachpan aur larakpan kae yateem khano mein guzra",aur,URD
"Apne dilkash, khadokhal aur husun e bemisaal se zamane bhar ko aseer karne wali is sahira ka bachpan aur larakpan kae yateem khano mein guzra",husun,URD
"Apne dilkash, khadokhal aur husun e bemisaal se zamane bhar ko aseer karne wali is sahira ka bachpan aur larakpan kae yateem khano mein guzra",e,URD
"Apne dilkash, khadokhal aur husun e bemisaal se zamane bhar ko aseer karne wali is sahira ka bachpan aur larakpan kae yateem khano mein guzra",bemisaal,URD
"Apne dilkash, khadokhal aur husun e bemisaal se zamane bhar ko aseer karne wali is sahira ka bachpan aur larakpan kae yateem khano mein guzra",se,URD
"Apne dilkash, khadokhal aur husun e bemisaal se zamane bhar ko aseer karne wali is sahira ka bachpan aur larakpan kae yateem khano mein guzra",zamane,URD
"Apne dilkash, khadokhal aur husun e bemisaal se zamane bhar ko aseer karne wali is sahira ka bachpan aur larakpan kae yateem khano mein guzra",bhar,URD
"Apne dilkash, khadokhal aur husun e bemisaal se zamane bhar ko aseer karne wali is sahira ka bachpan aur larakpan kae yateem khano mein guzra",ko,URD
"Apne dilkash, khadokhal aur husun e bemisaal se zamane bhar ko aseer karne wali is sahira ka bachpan aur larakpan kae yateem khano mein guzra",aseer,URD
"Apne dilkash, khadokhal aur husun e bemisaal se zamane bhar ko aseer karne wali is sahira ka bachpan aur larakpan kae yateem khano mein guzra",karne,URD
"Apne dilkash, khadokhal aur husun e bemisaal se zamane bhar ko aseer karne wali is sahira ka bachpan aur larakpan kae yateem khano mein guzra",wali,URD
"Apne dilkash, khadokhal aur husun e bemisaal se zamane bhar ko aseer karne wali is sahira ka bachpan aur larakpan kae yateem khano mein guzra",is,ENG
"Apne dilkash, khadokhal aur husun e bemisaal se zamane bhar ko aseer karne wali is sahira ka bachpan aur larakpan kae yateem khano mein guzra",sahira,URD
"Apne dilkash, khadokhal aur husun e bemisaal se zamane bhar ko aseer karne wali is sahira ka bachpan aur larakpan kae yateem khano mein guzra",ka,URD
"Apne dilkash, khadokhal aur husun e bemisaal se zamane bhar ko aseer karne wali is sahira ka bachpan aur larakpan kae yateem khano mein guzra",bachpan,URD
"Apne dilkash, khadokhal aur husun e bemisaal se zamane bhar ko aseer karne wali is sahira ka bachpan aur larakpan kae yateem khano mein guzra",aur,URD
"Apne dilkash, khadokhal aur husun e bemisaal se zamane bhar ko aseer karne wali is sahira ka bachpan aur larakpan kae yateem khano mein guzra",larakpan,URD
"Apne dilkash, khadokhal aur husun e bemisaal se zamane bhar ko aseer karne wali is sahira ka bachpan aur larakpan kae yateem khano mein guzra",kae,URD
"Apne dilkash, khadokhal aur husun e bemisaal se zamane bhar ko aseer karne wali is sahira ka bachpan aur larakpan kae yateem khano mein guzra",yateem,URD
"Apne dilkash, khadokhal aur husun e bemisaal se zamane bhar ko aseer karne wali is sahira ka bachpan aur larakpan kae yateem khano mein guzra",khano,URD
"Apne dilkash, khadokhal aur husun e bemisaal se zamane bhar ko aseer karne wali is sahira ka bachpan aur larakpan kae yateem khano mein guzra",mein,URD
"Apne dilkash, khadokhal aur husun e bemisaal se zamane bhar ko aseer karne wali is sahira ka bachpan aur larakpan kae yateem khano mein guzra",guzra,URD
Bhaagi zinda thi QandeelBaloch tu fahasha thi according to the people ab mar gai ha tu achi thi bechari. Double standard society Lanat ha,Bhaagi,URD
Bhaagi zinda thi QandeelBaloch tu fahasha thi according to the people ab mar gai ha tu achi thi bechari. Double standard society Lanat ha,zinda,URD
Bhaagi zinda thi QandeelBaloch tu fahasha thi according to the people ab mar gai ha tu achi thi bechari. Double standard society Lanat ha,thi,URD
Bhaagi zinda thi QandeelBaloch tu fahasha thi according to the people ab mar gai ha tu achi thi bechari. Double standard society Lanat ha,QandeelBaloch,URD
Bhaagi zinda thi QandeelBaloch tu fahasha thi according to the people ab mar gai ha tu achi thi bechari. Double standard society Lanat ha,tu,URD
Bhaagi zinda thi QandeelBaloch tu fahasha thi according to the people ab mar gai ha tu achi thi bechari. Double standard society Lanat ha,fahasha,URD
Bhaagi zinda thi QandeelBaloch tu fahasha thi according to the people ab mar gai ha tu achi thi bechari. Double standard society Lanat ha,thi,URD
Bhaagi zinda thi QandeelBaloch tu fahasha thi according to the people ab mar gai ha tu achi thi bechari. Double standard society Lanat ha,according,URD
Bhaagi zinda thi QandeelBaloch tu fahasha thi according to the people ab mar gai ha tu achi thi bechari. Double standard society Lanat ha,to,URD
Bhaagi zinda thi QandeelBaloch tu fahasha thi according to the people ab mar gai ha tu achi thi bechari. Double standard society Lanat ha,the,ENG
Bhaagi zinda thi QandeelBaloch tu fahasha thi according to the people ab mar gai ha tu achi thi bechari. Double standard society Lanat ha,people,URD
Bhaagi zinda thi QandeelBaloch tu fahasha thi according to the people ab mar gai ha tu achi thi bechari. Double standard society Lanat ha,ab,URD
Bhaagi zinda thi QandeelBaloch tu fahasha thi according to the people ab mar gai ha tu achi thi bechari. Double standard society Lanat ha,mar,URD
Bhaagi zinda thi QandeelBaloch tu fahasha thi according to the people ab mar gai ha tu achi thi bechari. Double standard society Lanat ha,gai,URD
Bhaagi zinda thi QandeelBaloch tu fahasha thi according to the people ab mar gai ha tu achi thi bechari. Double standard society Lanat ha,ha,URD
Bhaagi zinda thi QandeelBaloch tu fahasha thi according to the people ab mar gai ha tu achi thi bechari. Double standard society Lanat ha,tu,URD
Bhaagi zinda thi QandeelBaloch tu fahasha thi according to the people ab mar gai ha tu achi thi bechari. Double standard society Lanat ha,achi,URD
Bhaagi zinda thi QandeelBaloch tu fahasha thi according to the people ab mar gai ha tu achi thi bechari. Double standard society Lanat ha,thi,URD
Bhaagi zinda thi QandeelBaloch tu fahasha thi according to the people ab mar gai ha tu achi thi bechari. Double standard society Lanat ha,bechari.,URD
Bhaagi zinda thi QandeelBaloch tu fahasha thi according to the people ab mar gai ha tu achi thi bechari. Double standard society Lanat ha,Double,URD
Bhaagi zinda thi QandeelBaloch tu fahasha thi according to the people ab mar gai ha tu achi thi bechari. Double standard society Lanat ha,standard,URD
Bhaagi zinda thi QandeelBaloch tu fahasha thi according to the people ab mar gai ha tu achi thi bechari. Double standard society Lanat ha,society,URD
Bhaagi zinda thi QandeelBaloch tu fahasha thi according to the people ab mar gai ha tu achi thi bechari. Double standard society Lanat ha,Lanat,URD
Bhaagi zinda thi QandeelBaloch tu fahasha thi according to the people ab mar gai ha tu achi thi bechari. Double standard society Lanat ha,ha,URD
Jin mein se 122 Urdu geet 91 films se the,Jin,URD
Jin mein se 122 Urdu geet 91 films se the,mein,URD
Jin mein se 122 Urdu geet 91 films se the,se,URD
Jin mein se 122 Urdu geet 91 films se the,122,URD
Jin mein se 122 Urdu geet 91 films se the,Urdu,URD
Jin mein se 122 Urdu geet 91 films se the,geet,URD
Jin mein se 122 Urdu geet 91 films se the,91,URD
Jin mein se 122 Urdu geet 91 films se the,films,URD
Jin mein se 122 Urdu geet 91 films se the,se,URD
Jin mein se 122 Urdu geet 91 films se the,the,ENG
Main music ko samajhti hon aur jin logon ne meri awaaz sun rakhi hai wo jante hain ke main acha gaa sakti hon,Main,URD
Main music ko samajhti hon aur jin logon ne meri awaaz sun rakhi hai wo jante hain ke main acha gaa sakti hon,music,ENG
Main music ko samajhti hon aur jin logon ne meri awaaz sun rakhi hai wo jante hain ke main acha gaa sakti hon,ko,URD
Main music ko samajhti hon aur jin logon ne meri awaaz sun rakhi hai wo jante hain ke main acha gaa sakti hon,samajhti,URD
Main music ko samajhti hon aur jin logon ne meri awaaz sun rakhi hai wo jante hain ke main acha gaa sakti hon,hon,URD
Main music ko samajhti hon aur jin logon ne meri awaaz sun rakhi hai wo jante hain ke main acha gaa sakti hon,aur,URD
Main music ko samajhti hon aur jin logon ne meri awaaz sun rakhi hai wo jante hain ke main acha gaa sakti hon,jin,URD
Main music ko samajhti hon aur jin logon ne meri awaaz sun rakhi hai wo jante hain ke main acha gaa sakti hon,logon,URD
Main music ko samajhti hon aur jin logon ne meri awaaz sun rakhi hai wo jante hain ke main acha gaa sakti hon,ne,URD
Main music ko samajhti hon aur jin logon ne meri awaaz sun rakhi hai wo jante hain ke main acha gaa sakti hon,meri,URD
Main music ko samajhti hon aur jin logon ne meri awaaz sun rakhi hai wo jante hain ke main acha gaa sakti hon,awaaz,URD
Main music ko samajhti hon aur jin logon ne meri awaaz sun rakhi hai wo jante hain ke main acha gaa sakti hon,sun,URD
Main music ko samajhti hon aur jin logon ne meri awaaz sun rakhi hai wo jante hain ke main acha gaa sakti hon,rakhi,URD
Main music ko samajhti hon aur jin logon ne meri awaaz sun rakhi hai wo jante hain ke main acha gaa sakti hon,hai,URD
Main music ko samajhti hon aur jin logon ne meri awaaz sun rakhi hai wo jante hain ke main acha gaa sakti hon,wo,URD
Main music ko samajhti hon aur jin logon ne meri awaaz sun rakhi hai wo jante hain ke main acha gaa sakti hon,jante,URD
Main music ko samajhti hon aur jin logon ne meri awaaz sun rakhi hai wo jante hain ke main acha gaa sakti hon,hain,URD
Main music ko samajhti hon aur jin logon ne meri awaaz sun rakhi hai wo jante hain ke main acha gaa sakti hon,ke,URD
Main music ko samajhti hon aur jin logon ne meri awaaz sun rakhi hai wo jante hain ke main acha gaa sakti hon,main,URD
Main music ko samajhti hon aur jin logon ne meri awaaz sun rakhi hai wo jante hain ke main acha gaa sakti hon,acha,URD
Main music ko samajhti hon aur jin logon ne meri awaaz sun rakhi hai wo jante hain ke main acha gaa sakti hon,gaa,URD
Main music ko samajhti hon aur jin logon ne meri awaaz sun rakhi hai wo jante hain ke main acha gaa sakti hon,sakti,URD
Main music ko samajhti hon aur jin logon ne meri awaaz sun rakhi hai wo jante hain ke main acha gaa sakti hon,hon,URD
"Kabhi inhe ibtedai numbers par khilaya jata hai, to kabhi middle order main muntaqil kar diya jata hai",Kabhi,URD
"Kabhi inhe ibtedai numbers par khilaya jata hai, to kabhi middle order main muntaqil kar diya jata hai",inhe,URD
"Kabhi inhe ibtedai numbers par khilaya jata hai, to kabhi middle order main muntaqil kar diya jata hai",ibtedai,URD
"Kabhi inhe ibtedai numbers par khilaya jata hai, to kabhi middle order main muntaqil kar diya jata hai",numbers,URD
"Kabhi inhe ibtedai numbers par khilaya jata hai, to kabhi middle order main muntaqil kar diya jata hai",par,URD
"Kabhi inhe ibtedai numbers par khilaya jata hai, to kabhi middle order main muntaqil kar diya jata hai",khilaya,URD
"Kabhi inhe ibtedai numbers par khilaya jata hai, to kabhi middle order main muntaqil kar diya jata hai",jata,URD
"Kabhi inhe ibtedai numbers par khilaya jata hai, to kabhi middle order main muntaqil kar diya jata hai","hai,",URD
"Kabhi inhe ibtedai numbers par khilaya jata hai, to kabhi middle order main muntaqil kar diya jata hai",to,URD
"Kabhi inhe ibtedai numbers par khilaya jata hai, to kabhi middle order main muntaqil kar diya jata hai",kabhi,URD
"Kabhi inhe ibtedai numbers par khilaya jata hai, to kabhi middle order main muntaqil kar diya jata hai",middle,URD
"Kabhi inhe ibtedai numbers par khilaya jata hai, to kabhi middle order main muntaqil kar diya jata hai",order,MIX
"Kabhi inhe ibtedai numbers par khilaya jata hai, to kabhi middle order main muntaqil kar diya jata hai",main,URD
"Kabhi inhe ibtedai numbers par khilaya jata hai, to kabhi middle order main muntaqil kar diya jata hai",muntaqil,URD
"Kabhi inhe ibtedai numbers par khilaya jata hai, to kabhi middle order main muntaqil kar diya jata hai",kar,URD
"Kabhi inhe ibtedai numbers par khilaya jata hai, to kabhi middle order main muntaqil kar diya jata hai",diya,URD
"Kabhi inhe ibtedai numbers par khilaya jata hai, to kabhi middle order main muntaqil kar diya jata hai",jata,URD
"Kabhi inhe ibtedai numbers par khilaya jata hai, to kabhi middle order main muntaqil kar diya jata hai",hai,URD
"Is liye aik taraf to musalmano ne is ilm ko wo jis halat mein bhi mila, Arabic mein muntaqil kar ke mehfooz kiya",Is,ENG
"Is liye aik taraf to musalmano ne is ilm ko wo jis halat mein bhi mila, Arabic mein muntaqil kar ke mehfooz kiya",liye,URD
"Is liye aik taraf to musalmano ne is ilm ko wo jis halat mein bhi mila, Arabic mein muntaqil kar ke mehfooz kiya",aik,URD
"Is liye aik taraf to musalmano ne is ilm ko wo jis halat mein bhi mila, Arabic mein muntaqil kar ke mehfooz kiya",taraf,URD
"Is liye aik taraf to musalmano ne is ilm ko wo jis halat mein bhi mila, Arabic mein muntaqil kar ke mehfooz kiya",to,URD
"Is liye aik taraf to musalmano ne is ilm ko wo jis halat mein bhi mila, Arabic mein muntaqil kar ke mehfooz kiya",musalmano,URD
"Is liye aik taraf to musalmano ne is ilm ko wo jis halat mein bhi mila, Arabic mein muntaqil kar ke mehfooz kiya",ne,URD
"Is liye aik taraf to musalmano ne is ilm ko wo jis halat mein bhi mila, Arabic mein muntaqil kar ke mehfooz kiya",is,ENG
"Is liye aik taraf to musalmano ne is ilm ko wo jis halat mein bhi mila, Arabic mein muntaqil kar ke mehfooz kiya",ilm,URD
"Is liye aik taraf to musalmano ne is ilm ko wo jis halat mein bhi mila, Arabic mein muntaqil kar ke mehfooz kiya",ko,URD
"Is liye aik taraf to musalmano ne is ilm ko wo jis halat mein bhi mila, Arabic mein muntaqil kar ke mehfooz kiya",wo,URD
"Is liye aik taraf to musalmano ne is ilm ko wo jis halat mein bhi mila, Arabic mein muntaqil kar ke mehfooz kiya",jis,URD
"Is liye aik taraf to musalmano ne is ilm ko wo jis halat mein bhi mila, Arabic mein muntaqil kar ke mehfooz kiya",halat,URD
"Is liye aik taraf to musalmano ne is ilm ko wo jis halat mein bhi mila, Arabic mein muntaqil kar ke mehfooz kiya",mein,URD
"Is liye aik taraf to musalmano ne is ilm ko wo jis halat mein bhi mila, Arabic mein muntaqil kar ke mehfooz kiya",bhi,URD
"Is liye aik taraf to musalmano ne is ilm ko wo jis halat mein bhi mila, Arabic mein muntaqil kar ke mehfooz kiya","mila,",URD
"Is liye aik taraf to musalmano ne is ilm ko wo jis halat mein bhi mila, Arabic mein muntaqil kar ke mehfooz kiya",Arabic,URD
"Is liye aik taraf to musalmano ne is ilm ko wo jis halat mein bhi mila, Arabic mein muntaqil kar ke mehfooz kiya",mein,URD
"Is liye aik taraf to musalmano ne is ilm ko wo jis halat mein bhi mila, Arabic mein muntaqil kar ke mehfooz kiya",muntaqil,URD
"Is liye aik taraf to musalmano ne is ilm ko wo jis halat mein bhi mila, Arabic mein muntaqil kar ke mehfooz kiya",kar,URD
"Is liye aik taraf to musalmano ne is ilm ko wo jis halat mein bhi mila, Arabic mein muntaqil kar ke mehfooz kiya",ke,URD
"Is liye aik taraf to musalmano ne is ilm ko wo jis halat mein bhi mila, Arabic mein muntaqil kar ke mehfooz kiya",mehfooz,URD
"Is liye aik taraf to musalmano ne is ilm ko wo jis halat mein bhi mila, Arabic mein muntaqil kar ke mehfooz kiya",kiya,URD
Ricky Ponting 2003 mein Wisden Leading Cricketer in the World aur 2006 mein Wisden Cricket of the Year ka aezaaz bhi hasil kar chuke hain,Ricky,URD
Ricky Ponting 2003 mein Wisden Leading Cricketer in the World aur 2006 mein Wisden Cricket of the Year ka aezaaz bhi hasil kar chuke hain,Ponting,URD
Ricky Ponting 2003 mein Wisden Leading Cricketer in the World aur 2006 mein Wisden Cricket of the Year ka aezaaz bhi hasil kar chuke hain,2003,URD
Ricky Ponting 2003 mein Wisden Leading Cricketer in the World aur 2006 mein Wisden Cricket of the Year ka aezaaz bhi hasil kar chuke hain,mein,URD
Ricky Ponting 2003 mein Wisden Leading Cricketer in the World aur 2006 mein Wisden Cricket of the Year ka aezaaz bhi hasil kar chuke hain,Wisden,URD
Ricky Ponting 2003 mein Wisden Leading Cricketer in the World aur 2006 mein Wisden Cricket of the Year ka aezaaz bhi hasil kar chuke hain,Leading,URD
Ricky Ponting 2003 mein Wisden Leading Cricketer in the World aur 2006 mein Wisden Cricket of the Year ka aezaaz bhi hasil kar chuke hain,Cricketer,URD
Ricky Ponting 2003 mein Wisden Leading Cricketer in the World aur 2006 mein Wisden Cricket of the Year ka aezaaz bhi hasil kar chuke hain,in,URD
Ricky Ponting 2003 mein Wisden Leading Cricketer in the World aur 2006 mein Wisden Cricket of the Year ka aezaaz bhi hasil kar chuke hain,the,ENG
Ricky Ponting 2003 mein Wisden Leading Cricketer in the World aur 2006 mein Wisden Cricket of the Year ka aezaaz bhi hasil kar chuke hain,World,ENG
Ricky Ponting 2003 mein Wisden Leading Cricketer in the World aur 2006 mein Wisden Cricket of the Year ka aezaaz bhi hasil kar chuke hain,aur,URD
Ricky Ponting 2003 mein Wisden Leading Cricketer in the World aur 2006 mein Wisden Cricket of the Year ka aezaaz bhi hasil kar chuke hain,2006,URD
Ricky Ponting 2003 mein Wisden Leading Cricketer in the World aur 2006 mein Wisden Cricket of the Year ka aezaaz bhi hasil kar chuke hain,mein,URD
Ricky Ponting 2003 mein Wisden Leading Cricketer in the World aur 2006 mein Wisden Cricket of the Year ka aezaaz bhi hasil kar chuke hain,Wisden,URD
Ricky Ponting 2003 mein Wisden Leading Cricketer in the World aur 2006 mein Wisden Cricket of the Year ka aezaaz bhi hasil kar chuke hain,Cricket,URD
Ricky Ponting 2003 mein Wisden Leading Cricketer in the World aur 2006 mein Wisden Cricket of the Year ka aezaaz bhi hasil kar chuke hain,of,URD
Ricky Ponting 2003 mein Wisden Leading Cricketer in the World aur 2006 mein Wisden Cricket of the Year ka aezaaz bhi hasil kar chuke hain,the,ENG
Ricky Ponting 2003 mein Wisden Leading Cricketer in the World aur 2006 mein Wisden Cricket of the Year ka aezaaz bhi hasil kar chuke hain,Year,URD
Ricky Ponting 2003 mein Wisden Leading Cricketer in the World aur 2006 mein Wisden Cricket of the Year ka aezaaz bhi hasil kar chuke hain,ka,URD
Ricky Ponting 2003 mein Wisden Leading Cricketer in the World aur 2006 mein Wisden Cricket of the Year ka aezaaz bhi hasil kar chuke hain,aezaaz,URD
Ricky Ponting 2003 mein Wisden Leading Cricketer in the World aur 2006 mein Wisden Cricket of the Year ka aezaaz bhi hasil kar chuke hain,bhi,URD
Ricky Ponting 2003 mein Wisden Leading Cricketer in the World aur 2006 mein Wisden Cricket of the Year ka aezaaz bhi hasil kar chuke hain,hasil,URD
Ricky Ponting 2003 mein Wisden Leading Cricketer in the World aur 2006 mein Wisden Cricket of the Year ka aezaaz bhi hasil kar chuke hain,kar,URD
Ricky Ponting 2003 mein Wisden Leading Cricketer in the World aur 2006 mein Wisden Cricket of the Year ka aezaaz bhi hasil kar chuke hain,chuke,URD
Ricky Ponting 2003 mein Wisden Leading Cricketer in the World aur 2006 mein Wisden Cricket of the Year ka aezaaz bhi hasil kar chuke hain,hain,URD
AoAma pti say request karta hun k NA 126 par review karay plz Maher wajid is best candidate plzzz ye seat loose mat karo,AoAma,URD
AoAma pti say request karta hun k NA 126 par review karay plz Maher wajid is best candidate plzzz ye seat loose mat karo,pti,URD
AoAma pti say request karta hun k NA 126 par review karay plz Maher wajid is best candidate plzzz ye seat loose mat karo,say,URD
AoAma pti say request karta hun k NA 126 par review karay plz Maher wajid is best candidate plzzz ye seat loose mat karo,request,URD
AoAma pti say request karta hun k NA 126 par review karay plz Maher wajid is best candidate plzzz ye seat loose mat karo,karta,URD
AoAma pti say request karta hun k NA 126 par review karay plz Maher wajid is best candidate plzzz ye seat loose mat karo,hun,URD
AoAma pti say request karta hun k NA 126 par review karay plz Maher wajid is best candidate plzzz ye seat loose mat karo,k,URD
AoAma pti say request karta hun k NA 126 par review karay plz Maher wajid is best candidate plzzz ye seat loose mat karo,NA,URD
AoAma pti say request karta hun k NA 126 par review karay plz Maher wajid is best candidate plzzz ye seat loose mat karo,126,URD
AoAma pti say request karta hun k NA 126 par review karay plz Maher wajid is best candidate plzzz ye seat loose mat karo,par,URD
AoAma pti say request karta hun k NA 126 par review karay plz Maher wajid is best candidate plzzz ye seat loose mat karo,review,URD
AoAma pti say request karta hun k NA 126 par review karay plz Maher wajid is best candidate plzzz ye seat loose mat karo,karay,URD
AoAma pti say request karta hun k NA 126 par review karay plz Maher wajid is best candidate plzzz ye seat loose mat karo,plz,URD
AoAma pti say request karta hun k NA 126 par review karay plz Maher wajid is best candidate plzzz ye seat loose mat karo,Maher,URD
AoAma pti say request karta hun k NA 126 par review karay plz Maher wajid is best candidate plzzz ye seat loose mat karo,wajid,URD
AoAma pti say request karta hun k NA 126 par review karay plz Maher wajid is best candidate plzzz ye seat loose mat karo,is,ENG
AoAma pti say request karta hun k NA 126 par review karay plz Maher wajid is best candidate plzzz ye seat loose mat karo,best,ENG
AoAma pti say request karta hun k NA 126 par review karay plz Maher wajid is best candidate plzzz ye seat loose mat karo,candidate,URD
AoAma pti say request karta hun k NA 126 par review karay plz Maher wajid is best candidate plzzz ye seat loose mat karo,plzzz,URD
AoAma pti say request karta hun k NA 126 par review karay plz Maher wajid is best candidate plzzz ye seat loose mat karo,ye,URD
AoAma pti say request karta hun k NA 126 par review karay plz Maher wajid is best candidate plzzz ye seat loose mat karo,seat,URD
AoAma pti say request karta hun k NA 126 par review karay plz Maher wajid is best candidate plzzz ye seat loose mat karo,loose,URD
AoAma pti say request karta hun k NA 126 par review karay plz Maher wajid is best candidate plzzz ye seat loose mat karo,mat,URD
AoAma pti say request karta hun k NA 126 par review karay plz Maher wajid is best candidate plzzz ye seat loose mat karo,karo,URD
welcome.....siraaj Kal....lagta bht busy ho,welcome.....siraaj,URD
welcome.....siraaj Kal....lagta bht busy ho,Kal....lagta,URD
welcome.....siraaj Kal....lagta bht busy ho,bht,URD
welcome.....siraaj Kal....lagta bht busy ho,busy,ENG
welcome.....siraaj Kal....lagta bht busy ho,ho,URD
70 ki dehaai ka yeh wo zamana tha jab Attaullah Esakhelvi aik cassette ki recording ka muaawza 1 lac rupees liya karte the,70,URD
70 ki dehaai ka yeh wo zamana tha jab Attaullah Esakhelvi aik cassette ki recording ka muaawza 1 lac rupees liya karte the,ki,URD
70 ki dehaai ka yeh wo zamana tha jab Attaullah Esakhelvi aik cassette ki recording ka muaawza 1 lac rupees liya karte the,dehaai,URD
70 ki dehaai ka yeh wo zamana tha jab Attaullah Esakhelvi aik cassette ki recording ka muaawza 1 lac rupees liya karte the,ka,URD
70 ki dehaai ka yeh wo zamana tha jab Attaullah Esakhelvi aik cassette ki recording ka muaawza 1 lac rupees liya karte the,yeh,URD
70 ki dehaai ka yeh wo zamana tha jab Attaullah Esakhelvi aik cassette ki recording ka muaawza 1 lac rupees liya karte the,wo,URD
70 ki dehaai ka yeh wo zamana tha jab Attaullah Esakhelvi aik cassette ki recording ka muaawza 1 lac rupees liya karte the,zamana,URD
70 ki dehaai ka yeh wo zamana tha jab Attaullah Esakhelvi aik cassette ki recording ka muaawza 1 lac rupees liya karte the,tha,URD
70 ki dehaai ka yeh wo zamana tha jab Attaullah Esakhelvi aik cassette ki recording ka muaawza 1 lac rupees liya karte the,jab,URD
70 ki dehaai ka yeh wo zamana tha jab Attaullah Esakhelvi aik cassette ki recording ka muaawza 1 lac rupees liya karte the,Attaullah,URD
70 ki dehaai ka yeh wo zamana tha jab Attaullah Esakhelvi aik cassette ki recording ka muaawza 1 lac rupees liya karte the,Esakhelvi,URD
70 ki dehaai ka yeh wo zamana tha jab Attaullah Esakhelvi aik cassette ki recording ka muaawza 1 lac rupees liya karte the,aik,URD
70 ki dehaai ka yeh wo zamana tha jab Attaullah Esakhelvi aik cassette ki recording ka muaawza 1 lac rupees liya karte the,cassette,URD
70 ki dehaai ka yeh wo zamana tha jab Attaullah Esakhelvi aik cassette ki recording ka muaawza 1 lac rupees liya karte the,ki,URD
70 ki dehaai ka yeh wo zamana tha jab Attaullah Esakhelvi aik cassette ki recording ka muaawza 1 lac rupees liya karte the,recording,URD
70 ki dehaai ka yeh wo zamana tha jab Attaullah Esakhelvi aik cassette ki recording ka muaawza 1 lac rupees liya karte the,ka,URD
70 ki dehaai ka yeh wo zamana tha jab Attaullah Esakhelvi aik cassette ki recording ka muaawza 1 lac rupees liya karte the,muaawza,URD
70 ki dehaai ka yeh wo zamana tha jab Attaullah Esakhelvi aik cassette ki recording ka muaawza 1 lac rupees liya karte the,1,URD
70 ki dehaai ka yeh wo zamana tha jab Attaullah Esakhelvi aik cassette ki recording ka muaawza 1 lac rupees liya karte the,lac,URD
70 ki dehaai ka yeh wo zamana tha jab Attaullah Esakhelvi aik cassette ki recording ka muaawza 1 lac rupees liya karte the,rupees,URD
70 ki dehaai ka yeh wo zamana tha jab Attaullah Esakhelvi aik cassette ki recording ka muaawza 1 lac rupees liya karte the,liya,URD
70 ki dehaai ka yeh wo zamana tha jab Attaullah Esakhelvi aik cassette ki recording ka muaawza 1 lac rupees liya karte the,karte,URD
70 ki dehaai ka yeh wo zamana tha jab Attaullah Esakhelvi aik cassette ki recording ka muaawza 1 lac rupees liya karte the,the,ENG
Sheetal dawat... Wo song yaad h na... Clg k campus wala,Sheetal,URD
Sheetal dawat... Wo song yaad h na... Clg k campus wala,dawat...,URD
Sheetal dawat... Wo song yaad h na... Clg k campus wala,Wo,URD
Sheetal dawat... Wo song yaad h na... Clg k campus wala,song,ENG
Sheetal dawat... Wo song yaad h na... Clg k campus wala,yaad,URD
Sheetal dawat... Wo song yaad h na... Clg k campus wala,h,URD
Sheetal dawat... Wo song yaad h na... Clg k campus wala,na...,URD
Sheetal dawat... Wo song yaad h na... Clg k campus wala,Clg,URD
Sheetal dawat... Wo song yaad h na... Clg k campus wala,k,URD
Sheetal dawat... Wo song yaad h na... Clg k campus wala,campus,URD
Sheetal dawat... Wo song yaad h na... Clg k campus wala,wala,URD
Adakar Qaumi Khan is mein pehli martaba Hero ke tor par aae the,Adakar,URD
Adakar Qaumi Khan is mein pehli martaba Hero ke tor par aae the,Qaumi,URD
Adakar Qaumi Khan is mein pehli martaba Hero ke tor par aae the,Khan,URD
Adakar Qaumi Khan is mein pehli martaba Hero ke tor par aae the,is,ENG
Adakar Qaumi Khan is mein pehli martaba Hero ke tor par aae the,mein,URD
Adakar Qaumi Khan is mein pehli martaba Hero ke tor par aae the,pehli,URD
Adakar Qaumi Khan is mein pehli martaba Hero ke tor par aae the,martaba,URD
Adakar Qaumi Khan is mein pehli martaba Hero ke tor par aae the,Hero,URD
Adakar Qaumi Khan is mein pehli martaba Hero ke tor par aae the,ke,URD
Adakar Qaumi Khan is mein pehli martaba Hero ke tor par aae the,tor,URD
Adakar Qaumi Khan is mein pehli martaba Hero ke tor par aae the,par,URD
Adakar Qaumi Khan is mein pehli martaba Hero ke tor par aae the,aae,URD
Adakar Qaumi Khan is mein pehli martaba Hero ke tor par aae the,the,ENG
Iska mtlb khoo mn gya tumhara BS and mera MS wo b NUST se....Kuch b mtlb kuch b....,Iska,URD
Iska mtlb khoo mn gya tumhara BS and mera MS wo b NUST se....Kuch b mtlb kuch b....,mtlb,URD
Iska mtlb khoo mn gya tumhara BS and mera MS wo b NUST se....Kuch b mtlb kuch b....,khoo,URD
Iska mtlb khoo mn gya tumhara BS and mera MS wo b NUST se....Kuch b mtlb kuch b....,mn,URD
Iska mtlb khoo mn gya tumhara BS and mera MS wo b NUST se....Kuch b mtlb kuch b....,gya,URD
Iska mtlb khoo mn gya tumhara BS and mera MS wo b NUST se....Kuch b mtlb kuch b....,tumhara,URD
Iska mtlb khoo mn gya tumhara BS and mera MS wo b NUST se....Kuch b mtlb kuch b....,BS,URD
Iska mtlb khoo mn gya tumhara BS and mera MS wo b NUST se....Kuch b mtlb kuch b....,and,ENG
Iska mtlb khoo mn gya tumhara BS and mera MS wo b NUST se....Kuch b mtlb kuch b....,mera,URD
Iska mtlb khoo mn gya tumhara BS and mera MS wo b NUST se....Kuch b mtlb kuch b....,MS,URD
Iska mtlb khoo mn gya tumhara BS and mera MS wo b NUST se....Kuch b mtlb kuch b....,wo,URD
Iska mtlb khoo mn gya tumhara BS and mera MS wo b NUST se....Kuch b mtlb kuch b....,b,URD
Iska mtlb khoo mn gya tumhara BS and mera MS wo b NUST se....Kuch b mtlb kuch b....,NUST,URD
Iska mtlb khoo mn gya tumhara BS and mera MS wo b NUST se....Kuch b mtlb kuch b....,se....Kuch,URD
Iska mtlb khoo mn gya tumhara BS and mera MS wo b NUST se....Kuch b mtlb kuch b....,b,URD
Iska mtlb khoo mn gya tumhara BS and mera MS wo b NUST se....Kuch b mtlb kuch b....,mtlb,URD
Iska mtlb khoo mn gya tumhara BS and mera MS wo b NUST se....Kuch b mtlb kuch b....,kuch,URD
Iska mtlb khoo mn gya tumhara BS and mera MS wo b NUST se....Kuch b mtlb kuch b....,b....,URD
Ye kis kitab main hay?is ki sanad kia hay?,Ye,URD
Ye kis kitab main hay?is ki sanad kia hay?,kis,URD
Ye kis kitab main hay?is ki sanad kia hay?,kitab,URD
Ye kis kitab main hay?is ki sanad kia hay?,main,URD
Ye kis kitab main hay?is ki sanad kia hay?,hay?is,URD
Ye kis kitab main hay?is ki sanad kia hay?,ki,URD
Ye kis kitab main hay?is ki sanad kia hay?,sanad,URD
Ye kis kitab main hay?is ki sanad kia hay?,kia,URD
Ye kis kitab main hay?is ki sanad kia hay?,hay?,URD
Bad men kuch ikhtelafat ki bina par wo TDP chor kar samaaj waadi party mein shamil ho gai,Bad,ENG
Bad men kuch ikhtelafat ki bina par wo TDP chor kar samaaj waadi party mein shamil ho gai,men,URD
Bad men kuch ikhtelafat ki bina par wo TDP chor kar samaaj waadi party mein shamil ho gai,kuch,URD
Bad men kuch ikhtelafat ki bina par wo TDP chor kar samaaj waadi party mein shamil ho gai,ikhtelafat,URD
Bad men kuch ikhtelafat ki bina par wo TDP chor kar samaaj waadi party mein shamil ho gai,ki,URD
Bad men kuch ikhtelafat ki bina par wo TDP chor kar samaaj waadi party mein shamil ho gai,bina,URD
Bad men kuch ikhtelafat ki bina par wo TDP chor kar samaaj waadi party mein shamil ho gai,par,URD
Bad men kuch ikhtelafat ki bina par wo TDP chor kar samaaj waadi party mein shamil ho gai,wo,URD
Bad men kuch ikhtelafat ki bina par wo TDP chor kar samaaj waadi party mein shamil ho gai,TDP,URD
Bad men kuch ikhtelafat ki bina par wo TDP chor kar samaaj waadi party mein shamil ho gai,chor,URD
Bad men kuch ikhtelafat ki bina par wo TDP chor kar samaaj waadi party mein shamil ho gai,kar,URD
Bad men kuch ikhtelafat ki bina par wo TDP chor kar samaaj waadi party mein shamil ho gai,samaaj,URD
Bad men kuch ikhtelafat ki bina par wo TDP chor kar samaaj waadi party mein shamil ho gai,waadi,URD
Bad men kuch ikhtelafat ki bina par wo TDP chor kar samaaj waadi party mein shamil ho gai,party,URD
Bad men kuch ikhtelafat ki bina par wo TDP chor kar samaaj waadi party mein shamil ho gai,mein,URD
Bad men kuch ikhtelafat ki bina par wo TDP chor kar samaaj waadi party mein shamil ho gai,shamil,URD
Bad men kuch ikhtelafat ki bina par wo TDP chor kar samaaj waadi party mein shamil ho gai,ho,URD
Bad men kuch ikhtelafat ki bina par wo TDP chor kar samaaj waadi party mein shamil ho gai,gai,URD
"Tm log veriat kohli ko ahmad shahzad k sath compare kr k kohli ki insult krty o. This is,not fair. Ok??,😜😜",Tm,URD
"Tm log veriat kohli ko ahmad shahzad k sath compare kr k kohli ki insult krty o. This is,not fair. Ok??,😜😜",log,URD
"Tm log veriat kohli ko ahmad shahzad k sath compare kr k kohli ki insult krty o. This is,not fair. Ok??,😜😜",veriat,URD
"Tm log veriat kohli ko ahmad shahzad k sath compare kr k kohli ki insult krty o. This is,not fair. Ok??,😜😜",kohli,URD
"Tm log veriat kohli ko ahmad shahzad k sath compare kr k kohli ki insult krty o. This is,not fair. Ok??,😜😜",ko,URD
"Tm log veriat kohli ko ahmad shahzad k sath compare kr k kohli ki insult krty o. This is,not fair. Ok??,😜😜",ahmad,URD
"Tm log veriat kohli ko ahmad shahzad k sath compare kr k kohli ki insult krty o. This is,not fair. Ok??,😜😜",shahzad,URD
"Tm log veriat kohli ko ahmad shahzad k sath compare kr k kohli ki insult krty o. This is,not fair. Ok??,😜😜",k,URD
"Tm log veriat kohli ko ahmad shahzad k sath compare kr k kohli ki insult krty o. This is,not fair. Ok??,😜😜",sath,URD
"Tm log veriat kohli ko ahmad shahzad k sath compare kr k kohli ki insult krty o. This is,not fair. Ok??,😜😜",compare,URD
"Tm log veriat kohli ko ahmad shahzad k sath compare kr k kohli ki insult krty o. This is,not fair. Ok??,😜😜",kr,URD
"Tm log veriat kohli ko ahmad shahzad k sath compare kr k kohli ki insult krty o. This is,not fair. Ok??,😜😜",k,URD
"Tm log veriat kohli ko ahmad shahzad k sath compare kr k kohli ki insult krty o. This is,not fair. Ok??,😜😜",kohli,URD
"Tm log veriat kohli ko ahmad shahzad k sath compare kr k kohli ki insult krty o. This is,not fair. Ok??,😜😜",ki,URD
"Tm log veriat kohli ko ahmad shahzad k sath compare kr k kohli ki insult krty o. This is,not fair. Ok??,😜😜",insult,URD
"Tm log veriat kohli ko ahmad shahzad k sath compare kr k kohli ki insult krty o. This is,not fair. Ok??,😜😜",krty,URD
"Tm log veriat kohli ko ahmad shahzad k sath compare kr k kohli ki insult krty o. This is,not fair. Ok??,😜😜",o.,URD
"Tm log veriat kohli ko ahmad shahzad k sath compare kr k kohli ki insult krty o. This is,not fair. Ok??,😜😜",This,URD
"Tm log veriat kohli ko ahmad shahzad k sath compare kr k kohli ki insult krty o. This is,not fair. Ok??,😜😜","is,not",URD
"Tm log veriat kohli ko ahmad shahzad k sath compare kr k kohli ki insult krty o. This is,not fair. Ok??,😜😜",fair.,URD
"Tm log veriat kohli ko ahmad shahzad k sath compare kr k kohli ki insult krty o. This is,not fair. Ok??,😜😜","Ok??,😜😜",URD
Ye tOu matCh se pehly e Celebrate krny lg gaye thy,Ye,URD
Ye tOu matCh se pehly e Celebrate krny lg gaye thy,tOu,URD
Ye tOu matCh se pehly e Celebrate krny lg gaye thy,matCh,ENG
Ye tOu matCh se pehly e Celebrate krny lg gaye thy,se,URD
Ye tOu matCh se pehly e Celebrate krny lg gaye thy,pehly,URD
Ye tOu matCh se pehly e Celebrate krny lg gaye thy,e,URD
Ye tOu matCh se pehly e Celebrate krny lg gaye thy,Celebrate,URD
Ye tOu matCh se pehly e Celebrate krny lg gaye thy,krny,URD
Ye tOu matCh se pehly e Celebrate krny lg gaye thy,lg,URD
Ye tOu matCh se pehly e Celebrate krny lg gaye thy,gaye,URD
Ye tOu matCh se pehly e Celebrate krny lg gaye thy,thy,URD
Bad mein civil aur military ke mazameen ki ashaat shuru hui,Bad,ENG
Bad mein civil aur military ke mazameen ki ashaat shuru hui,mein,URD
Bad mein civil aur military ke mazameen ki ashaat shuru hui,civil,URD
Bad mein civil aur military ke mazameen ki ashaat shuru hui,aur,URD
Bad mein civil aur military ke mazameen ki ashaat shuru hui,military,URD
Bad mein civil aur military ke mazameen ki ashaat shuru hui,ke,URD
Bad mein civil aur military ke mazameen ki ashaat shuru hui,mazameen,URD
Bad mein civil aur military ke mazameen ki ashaat shuru hui,ki,URD
Bad mein civil aur military ke mazameen ki ashaat shuru hui,ashaat,URD
Bad mein civil aur military ke mazameen ki ashaat shuru hui,shuru,URD
Bad mein civil aur military ke mazameen ki ashaat shuru hui,hui,URD
Oh sorry saman apko tag nahi karna tha,Oh,URD
Oh sorry saman apko tag nahi karna tha,sorry,ENG
Oh sorry saman apko tag nahi karna tha,saman,URD
Oh sorry saman apko tag nahi karna tha,apko,URD
Oh sorry saman apko tag nahi karna tha,tag,URD
Oh sorry saman apko tag nahi karna tha,nahi,URD
Oh sorry saman apko tag nahi karna tha,karna,URD
Oh sorry saman apko tag nahi karna tha,tha,URD
Pakistan cricket team ke captain ki hesiyat se un ki khidmat ko nazar andaz nahi kiya ja sakta,Pakistan,URD
Pakistan cricket team ke captain ki hesiyat se un ki khidmat ko nazar andaz nahi kiya ja sakta,cricket,URD
Pakistan cricket team ke captain ki hesiyat se un ki khidmat ko nazar andaz nahi kiya ja sakta,team,ENG
Pakistan cricket team ke captain ki hesiyat se un ki khidmat ko nazar andaz nahi kiya ja sakta,ke,URD
Pakistan cricket team ke captain ki hesiyat se un ki khidmat ko nazar andaz nahi kiya ja sakta,captain,URD
Pakistan cricket team ke captain ki hesiyat se un ki khidmat ko nazar andaz nahi kiya ja sakta,ki,URD
Pakistan cricket team ke captain ki hesiyat se un ki khidmat ko nazar andaz nahi kiya ja sakta,hesiyat,URD
Pakistan cricket team ke captain ki hesiyat se un ki khidmat ko nazar andaz nahi kiya ja sakta,se,URD
Pakistan cricket team ke captain ki hesiyat se un ki khidmat ko nazar andaz nahi kiya ja sakta,un,URD
Pakistan cricket team ke captain ki hesiyat se un ki khidmat ko nazar andaz nahi kiya ja sakta,ki,URD
Pakistan cricket team ke captain ki hesiyat se un ki khidmat ko nazar andaz nahi kiya ja sakta,khidmat,URD
Pakistan cricket team ke captain ki hesiyat se un ki khidmat ko nazar andaz nahi kiya ja sakta,ko,URD
Pakistan cricket team ke captain ki hesiyat se un ki khidmat ko nazar andaz nahi kiya ja sakta,nazar,URD
Pakistan cricket team ke captain ki hesiyat se un ki khidmat ko nazar andaz nahi kiya ja sakta,andaz,URD
Pakistan cricket team ke captain ki hesiyat se un ki khidmat ko nazar andaz nahi kiya ja sakta,nahi,URD
Pakistan cricket team ke captain ki hesiyat se un ki khidmat ko nazar andaz nahi kiya ja sakta,kiya,URD
Pakistan cricket team ke captain ki hesiyat se un ki khidmat ko nazar andaz nahi kiya ja sakta,ja,URD
Pakistan cricket team ke captain ki hesiyat se un ki khidmat ko nazar andaz nahi kiya ja sakta,sakta,URD
Bag acha nhi hai picture mai kuch aur hai order kuch aur aya hai  Read more,Bag,URD
Bag acha nhi hai picture mai kuch aur hai order kuch aur aya hai  Read more,acha,URD
Bag acha nhi hai picture mai kuch aur hai order kuch aur aya hai  Read more,nhi,URD
Bag acha nhi hai picture mai kuch aur hai order kuch aur aya hai  Read more,hai,URD
Bag acha nhi hai picture mai kuch aur hai order kuch aur aya hai  Read more,picture,URD
Bag acha nhi hai picture mai kuch aur hai order kuch aur aya hai  Read more,mai,URD
Bag acha nhi hai picture mai kuch aur hai order kuch aur aya hai  Read more,kuch,URD
Bag acha nhi hai picture mai kuch aur hai order kuch aur aya hai  Read more,aur,URD
Bag acha nhi hai picture mai kuch aur hai order kuch aur aya hai  Read more,hai,URD
Bag acha nhi hai picture mai kuch aur hai order kuch aur aya hai  Read more,order,MIX
Bag acha nhi hai picture mai kuch aur hai order kuch aur aya hai  Read more,kuch,URD
Bag acha nhi hai picture mai kuch aur hai order kuch aur aya hai  Read more,aur,URD
Bag acha nhi hai picture mai kuch aur hai order kuch aur aya hai  Read more,aya,URD
Bag acha nhi hai picture mai kuch aur hai order kuch aur aya hai  Read more,hai,URD
Bag acha nhi hai picture mai kuch aur hai order kuch aur aya hai  Read more,Read,URD
Bag acha nhi hai picture mai kuch aur hai order kuch aur aya hai  Read more,more,URD
Rabindranath Tagore aur Jawaharlal Nehru jaise barhe zamaa o rehnuma in ki nazmon ko be had pasand karte the,Rabindranath,URD
Rabindranath Tagore aur Jawaharlal Nehru jaise barhe zamaa o rehnuma in ki nazmon ko be had pasand karte the,Tagore,URD
Rabindranath Tagore aur Jawaharlal Nehru jaise barhe zamaa o rehnuma in ki nazmon ko be had pasand karte the,aur,URD
Rabindranath Tagore aur Jawaharlal Nehru jaise barhe zamaa o rehnuma in ki nazmon ko be had pasand karte the,Jawaharlal,URD
Rabindranath Tagore aur Jawaharlal Nehru jaise barhe zamaa o rehnuma in ki nazmon ko be had pasand karte the,Nehru,URD
Rabindranath Tagore aur Jawaharlal Nehru jaise barhe zamaa o rehnuma in ki nazmon ko be had pasand karte the,jaise,URD
Rabindranath Tagore aur Jawaharlal Nehru jaise barhe zamaa o rehnuma in ki nazmon ko be had pasand karte the,barhe,URD
Rabindranath Tagore aur Jawaharlal Nehru jaise barhe zamaa o rehnuma in ki nazmon ko be had pasand karte the,zamaa,URD
Rabindranath Tagore aur Jawaharlal Nehru jaise barhe zamaa o rehnuma in ki nazmon ko be had pasand karte the,o,URD
Rabindranath Tagore aur Jawaharlal Nehru jaise barhe zamaa o rehnuma in ki nazmon ko be had pasand karte the,rehnuma,URD
Rabindranath Tagore aur Jawaharlal Nehru jaise barhe zamaa o rehnuma in ki nazmon ko be had pasand karte the,in,URD
Rabindranath Tagore aur Jawaharlal Nehru jaise barhe zamaa o rehnuma in ki nazmon ko be had pasand karte the,ki,URD
Rabindranath Tagore aur Jawaharlal Nehru jaise barhe zamaa o rehnuma in ki nazmon ko be had pasand karte the,nazmon,URD
Rabindranath Tagore aur Jawaharlal Nehru jaise barhe zamaa o rehnuma in ki nazmon ko be had pasand karte the,ko,URD
Rabindranath Tagore aur Jawaharlal Nehru jaise barhe zamaa o rehnuma in ki nazmon ko be had pasand karte the,be,URD
Rabindranath Tagore aur Jawaharlal Nehru jaise barhe zamaa o rehnuma in ki nazmon ko be had pasand karte the,had,URD
Rabindranath Tagore aur Jawaharlal Nehru jaise barhe zamaa o rehnuma in ki nazmon ko be had pasand karte the,pasand,URD
Rabindranath Tagore aur Jawaharlal Nehru jaise barhe zamaa o rehnuma in ki nazmon ko be had pasand karte the,karte,URD
Rabindranath Tagore aur Jawaharlal Nehru jaise barhe zamaa o rehnuma in ki nazmon ko be had pasand karte the,the,ENG
Phr b begerat aur dheet awam inhi ko vote degi...,Phr,URD
Phr b begerat aur dheet awam inhi ko vote degi...,b,URD
Phr b begerat aur dheet awam inhi ko vote degi...,begerat,URD
Phr b begerat aur dheet awam inhi ko vote degi...,aur,URD
Phr b begerat aur dheet awam inhi ko vote degi...,dheet,URD
Phr b begerat aur dheet awam inhi ko vote degi...,awam,URD
Phr b begerat aur dheet awam inhi ko vote degi...,inhi,URD
Phr b begerat aur dheet awam inhi ko vote degi...,ko,URD
Phr b begerat aur dheet awam inhi ko vote degi...,vote,ENG
Phr b begerat aur dheet awam inhi ko vote degi...,degi...,URD
"1999 ke wolrd cup mein wo qaumi team ko final tak na qabil e shikast le gae, lekin final mein Pakistan ko Australia se shikast hui",1999,URD
"1999 ke wolrd cup mein wo qaumi team ko final tak na qabil e shikast le gae, lekin final mein Pakistan ko Australia se shikast hui",ke,URD
"1999 ke wolrd cup mein wo qaumi team ko final tak na qabil e shikast le gae, lekin final mein Pakistan ko Australia se shikast hui",wolrd,URD
"1999 ke wolrd cup mein wo qaumi team ko final tak na qabil e shikast le gae, lekin final mein Pakistan ko Australia se shikast hui",cup,URD
"1999 ke wolrd cup mein wo qaumi team ko final tak na qabil e shikast le gae, lekin final mein Pakistan ko Australia se shikast hui",mein,URD
"1999 ke wolrd cup mein wo qaumi team ko final tak na qabil e shikast le gae, lekin final mein Pakistan ko Australia se shikast hui",wo,URD
"1999 ke wolrd cup mein wo qaumi team ko final tak na qabil e shikast le gae, lekin final mein Pakistan ko Australia se shikast hui",qaumi,URD
"1999 ke wolrd cup mein wo qaumi team ko final tak na qabil e shikast le gae, lekin final mein Pakistan ko Australia se shikast hui",team,ENG
"1999 ke wolrd cup mein wo qaumi team ko final tak na qabil e shikast le gae, lekin final mein Pakistan ko Australia se shikast hui",ko,URD
"1999 ke wolrd cup mein wo qaumi team ko final tak na qabil e shikast le gae, lekin final mein Pakistan ko Australia se shikast hui",final,URD
"1999 ke wolrd cup mein wo qaumi team ko final tak na qabil e shikast le gae, lekin final mein Pakistan ko Australia se shikast hui",tak,URD
"1999 ke wolrd cup mein wo qaumi team ko final tak na qabil e shikast le gae, lekin final mein Pakistan ko Australia se shikast hui",na,URD
"1999 ke wolrd cup mein wo qaumi team ko final tak na qabil e shikast le gae, lekin final mein Pakistan ko Australia se shikast hui",qabil,URD
"1999 ke wolrd cup mein wo qaumi team ko final tak na qabil e shikast le gae, lekin final mein Pakistan ko Australia se shikast hui",e,URD
"1999 ke wolrd cup mein wo qaumi team ko final tak na qabil e shikast le gae, lekin final mein Pakistan ko Australia se shikast hui",shikast,URD
"1999 ke wolrd cup mein wo qaumi team ko final tak na qabil e shikast le gae, lekin final mein Pakistan ko Australia se shikast hui",le,URD
"1999 ke wolrd cup mein wo qaumi team ko final tak na qabil e shikast le gae, lekin final mein Pakistan ko Australia se shikast hui","gae,",URD
"1999 ke wolrd cup mein wo qaumi team ko final tak na qabil e shikast le gae, lekin final mein Pakistan ko Australia se shikast hui",lekin,URD
"1999 ke wolrd cup mein wo qaumi team ko final tak na qabil e shikast le gae, lekin final mein Pakistan ko Australia se shikast hui",final,URD
"1999 ke wolrd cup mein wo qaumi team ko final tak na qabil e shikast le gae, lekin final mein Pakistan ko Australia se shikast hui",mein,URD
"1999 ke wolrd cup mein wo qaumi team ko final tak na qabil e shikast le gae, lekin final mein Pakistan ko Australia se shikast hui",Pakistan,URD
"1999 ke wolrd cup mein wo qaumi team ko final tak na qabil e shikast le gae, lekin final mein Pakistan ko Australia se shikast hui",ko,URD
"1999 ke wolrd cup mein wo qaumi team ko final tak na qabil e shikast le gae, lekin final mein Pakistan ko Australia se shikast hui",Australia,URD
"1999 ke wolrd cup mein wo qaumi team ko final tak na qabil e shikast le gae, lekin final mein Pakistan ko Australia se shikast hui",se,URD
"1999 ke wolrd cup mein wo qaumi team ko final tak na qabil e shikast le gae, lekin final mein Pakistan ko Australia se shikast hui",shikast,URD
"1999 ke wolrd cup mein wo qaumi team ko final tak na qabil e shikast le gae, lekin final mein Pakistan ko Australia se shikast hui",hui,URD
Aur ilaaj ke bad bila muaawza wapis pohnchaya gaya. Faisal Edhi ki janib se ilaaj ke liye 20000 rupees fee case mareez diye gaey.,Aur,URD
Aur ilaaj ke bad bila muaawza wapis pohnchaya gaya. Faisal Edhi ki janib se ilaaj ke liye 20000 rupees fee case mareez diye gaey.,ilaaj,URD
Aur ilaaj ke bad bila muaawza wapis pohnchaya gaya. Faisal Edhi ki janib se ilaaj ke liye 20000 rupees fee case mareez diye gaey.,ke,URD
Aur ilaaj ke bad bila muaawza wapis pohnchaya gaya. Faisal Edhi ki janib se ilaaj ke liye 20000 rupees fee case mareez diye gaey.,bad,ENG
Aur ilaaj ke bad bila muaawza wapis pohnchaya gaya. Faisal Edhi ki janib se ilaaj ke liye 20000 rupees fee case mareez diye gaey.,bila,URD
Aur ilaaj ke bad bila muaawza wapis pohnchaya gaya. Faisal Edhi ki janib se ilaaj ke liye 20000 rupees fee case mareez diye gaey.,muaawza,URD
Aur ilaaj ke bad bila muaawza wapis pohnchaya gaya. Faisal Edhi ki janib se ilaaj ke liye 20000 rupees fee case mareez diye gaey.,wapis,URD
Aur ilaaj ke bad bila muaawza wapis pohnchaya gaya. Faisal Edhi ki janib se ilaaj ke liye 20000 rupees fee case mareez diye gaey.,pohnchaya,URD
Aur ilaaj ke bad bila muaawza wapis pohnchaya gaya. Faisal Edhi ki janib se ilaaj ke liye 20000 rupees fee case mareez diye gaey.,gaya.,URD
Aur ilaaj ke bad bila muaawza wapis pohnchaya gaya. Faisal Edhi ki janib se ilaaj ke liye 20000 rupees fee case mareez diye gaey.,Faisal,URD
Aur ilaaj ke bad bila muaawza wapis pohnchaya gaya. Faisal Edhi ki janib se ilaaj ke liye 20000 rupees fee case mareez diye gaey.,Edhi,URD
Aur ilaaj ke bad bila muaawza wapis pohnchaya gaya. Faisal Edhi ki janib se ilaaj ke liye 20000 rupees fee case mareez diye gaey.,ki,URD
Aur ilaaj ke bad bila muaawza wapis pohnchaya gaya. Faisal Edhi ki janib se ilaaj ke liye 20000 rupees fee case mareez diye gaey.,janib,URD
Aur ilaaj ke bad bila muaawza wapis pohnchaya gaya. Faisal Edhi ki janib se ilaaj ke liye 20000 rupees fee case mareez diye gaey.,se,URD
Aur ilaaj ke bad bila muaawza wapis pohnchaya gaya. Faisal Edhi ki janib se ilaaj ke liye 20000 rupees fee case mareez diye gaey.,ilaaj,URD
Aur ilaaj ke bad bila muaawza wapis pohnchaya gaya. Faisal Edhi ki janib se ilaaj ke liye 20000 rupees fee case mareez diye gaey.,ke,URD
Aur ilaaj ke bad bila muaawza wapis pohnchaya gaya. Faisal Edhi ki janib se ilaaj ke liye 20000 rupees fee case mareez diye gaey.,liye,URD
Aur ilaaj ke bad bila muaawza wapis pohnchaya gaya. Faisal Edhi ki janib se ilaaj ke liye 20000 rupees fee case mareez diye gaey.,20000,URD
Aur ilaaj ke bad bila muaawza wapis pohnchaya gaya. Faisal Edhi ki janib se ilaaj ke liye 20000 rupees fee case mareez diye gaey.,rupees,URD
Aur ilaaj ke bad bila muaawza wapis pohnchaya gaya. Faisal Edhi ki janib se ilaaj ke liye 20000 rupees fee case mareez diye gaey.,fee,URD
Aur ilaaj ke bad bila muaawza wapis pohnchaya gaya. Faisal Edhi ki janib se ilaaj ke liye 20000 rupees fee case mareez diye gaey.,case,URD
Aur ilaaj ke bad bila muaawza wapis pohnchaya gaya. Faisal Edhi ki janib se ilaaj ke liye 20000 rupees fee case mareez diye gaey.,mareez,URD
Aur ilaaj ke bad bila muaawza wapis pohnchaya gaya. Faisal Edhi ki janib se ilaaj ke liye 20000 rupees fee case mareez diye gaey.,diye,URD
Aur ilaaj ke bad bila muaawza wapis pohnchaya gaya. Faisal Edhi ki janib se ilaaj ke liye 20000 rupees fee case mareez diye gaey.,gaey.,URD
Yr I just don't like kinza Himmat kese hui is ki jia pe hath uthane ki,Yr,URD
Yr I just don't like kinza Himmat kese hui is ki jia pe hath uthane ki,I,URD
Yr I just don't like kinza Himmat kese hui is ki jia pe hath uthane ki,just,URD
Yr I just don't like kinza Himmat kese hui is ki jia pe hath uthane ki,don't,URD
Yr I just don't like kinza Himmat kese hui is ki jia pe hath uthane ki,like,ENG
Yr I just don't like kinza Himmat kese hui is ki jia pe hath uthane ki,kinza,URD
Yr I just don't like kinza Himmat kese hui is ki jia pe hath uthane ki,Himmat,URD
Yr I just don't like kinza Himmat kese hui is ki jia pe hath uthane ki,kese,URD
Yr I just don't like kinza Himmat kese hui is ki jia pe hath uthane ki,hui,URD
Yr I just don't like kinza Himmat kese hui is ki jia pe hath uthane ki,is,ENG
Yr I just don't like kinza Himmat kese hui is ki jia pe hath uthane ki,ki,URD
Yr I just don't like kinza Himmat kese hui is ki jia pe hath uthane ki,jia,URD
Yr I just don't like kinza Himmat kese hui is ki jia pe hath uthane ki,pe,URD
Yr I just don't like kinza Himmat kese hui is ki jia pe hath uthane ki,hath,URD
Yr I just don't like kinza Himmat kese hui is ki jia pe hath uthane ki,uthane,URD
Yr I just don't like kinza Himmat kese hui is ki jia pe hath uthane ki,ki,URD
Meri Taraf sy Bhi thanks krna 🤣😂,Meri,URD
Meri Taraf sy Bhi thanks krna 🤣😂,Taraf,URD
Meri Taraf sy Bhi thanks krna 🤣😂,sy,URD
Meri Taraf sy Bhi thanks krna 🤣😂,Bhi,URD
Meri Taraf sy Bhi thanks krna 🤣😂,thanks,ENG
Meri Taraf sy Bhi thanks krna 🤣😂,krna,URD
Meri Taraf sy Bhi thanks krna 🤣😂,🤣😂,URD
Inhe aik mauqa milna chahiye ke wo khud is baat ka faisla kar saken ke kya behtar hai aur kya nahi.,Inhe,URD
Inhe aik mauqa milna chahiye ke wo khud is baat ka faisla kar saken ke kya behtar hai aur kya nahi.,aik,URD
Inhe aik mauqa milna chahiye ke wo khud is baat ka faisla kar saken ke kya behtar hai aur kya nahi.,mauqa,URD
Inhe aik mauqa milna chahiye ke wo khud is baat ka faisla kar saken ke kya behtar hai aur kya nahi.,milna,URD
Inhe aik mauqa milna chahiye ke wo khud is baat ka faisla kar saken ke kya behtar hai aur kya nahi.,chahiye,URD
Inhe aik mauqa milna chahiye ke wo khud is baat ka faisla kar saken ke kya behtar hai aur kya nahi.,ke,URD
Inhe aik mauqa milna chahiye ke wo khud is baat ka faisla kar saken ke kya behtar hai aur kya nahi.,wo,URD
Inhe aik mauqa milna chahiye ke wo khud is baat ka faisla kar saken ke kya behtar hai aur kya nahi.,khud,URD
Inhe aik mauqa milna chahiye ke wo khud is baat ka faisla kar saken ke kya behtar hai aur kya nahi.,is,ENG
Inhe aik mauqa milna chahiye ke wo khud is baat ka faisla kar saken ke kya behtar hai aur kya nahi.,baat,URD
Inhe aik mauqa milna chahiye ke wo khud is baat ka faisla kar saken ke kya behtar hai aur kya nahi.,ka,URD
Inhe aik mauqa milna chahiye ke wo khud is baat ka faisla kar saken ke kya behtar hai aur kya nahi.,faisla,URD
Inhe aik mauqa milna chahiye ke wo khud is baat ka faisla kar saken ke kya behtar hai aur kya nahi.,kar,URD
Inhe aik mauqa milna chahiye ke wo khud is baat ka faisla kar saken ke kya behtar hai aur kya nahi.,saken,URD
Inhe aik mauqa milna chahiye ke wo khud is baat ka faisla kar saken ke kya behtar hai aur kya nahi.,ke,URD
Inhe aik mauqa milna chahiye ke wo khud is baat ka faisla kar saken ke kya behtar hai aur kya nahi.,kya,URD
Inhe aik mauqa milna chahiye ke wo khud is baat ka faisla kar saken ke kya behtar hai aur kya nahi.,behtar,URD
Inhe aik mauqa milna chahiye ke wo khud is baat ka faisla kar saken ke kya behtar hai aur kya nahi.,hai,URD
Inhe aik mauqa milna chahiye ke wo khud is baat ka faisla kar saken ke kya behtar hai aur kya nahi.,aur,URD
Inhe aik mauqa milna chahiye ke wo khud is baat ka faisla kar saken ke kya behtar hai aur kya nahi.,kya,URD
Inhe aik mauqa milna chahiye ke wo khud is baat ka faisla kar saken ke kya behtar hai aur kya nahi.,nahi.,URD
Jis ki kamiyabi ke bad inhe science fiction films ka mustanid director samjha jane laga,Jis,URD
Jis ki kamiyabi ke bad inhe science fiction films ka mustanid director samjha jane laga,ki,URD
Jis ki kamiyabi ke bad inhe science fiction films ka mustanid director samjha jane laga,kamiyabi,URD
Jis ki kamiyabi ke bad inhe science fiction films ka mustanid director samjha jane laga,ke,URD
Jis ki kamiyabi ke bad inhe science fiction films ka mustanid director samjha jane laga,bad,ENG
Jis ki kamiyabi ke bad inhe science fiction films ka mustanid director samjha jane laga,inhe,URD
Jis ki kamiyabi ke bad inhe science fiction films ka mustanid director samjha jane laga,science,URD
Jis ki kamiyabi ke bad inhe science fiction films ka mustanid director samjha jane laga,fiction,URD
Jis ki kamiyabi ke bad inhe science fiction films ka mustanid director samjha jane laga,films,URD
Jis ki kamiyabi ke bad inhe science fiction films ka mustanid director samjha jane laga,ka,URD
Jis ki kamiyabi ke bad inhe science fiction films ka mustanid director samjha jane laga,mustanid,URD
Jis ki kamiyabi ke bad inhe science fiction films ka mustanid director samjha jane laga,director,URD
Jis ki kamiyabi ke bad inhe science fiction films ka mustanid director samjha jane laga,samjha,URD
Jis ki kamiyabi ke bad inhe science fiction films ka mustanid director samjha jane laga,jane,URD
Jis ki kamiyabi ke bad inhe science fiction films ka mustanid director samjha jane laga,laga,URD
Wo Punjab kutth ki nasal SS ha is lay Lahore....,Wo,URD
Wo Punjab kutth ki nasal SS ha is lay Lahore....,Punjab,URD
Wo Punjab kutth ki nasal SS ha is lay Lahore....,kutth,URD
Wo Punjab kutth ki nasal SS ha is lay Lahore....,ki,URD
Wo Punjab kutth ki nasal SS ha is lay Lahore....,nasal,URD
Wo Punjab kutth ki nasal SS ha is lay Lahore....,SS,URD
Wo Punjab kutth ki nasal SS ha is lay Lahore....,ha,URD
Wo Punjab kutth ki nasal SS ha is lay Lahore....,is,ENG
Wo Punjab kutth ki nasal SS ha is lay Lahore....,lay,URD
Wo Punjab kutth ki nasal SS ha is lay Lahore....,Lahore....,URD
"achi quality ha shirts ki, good one",achi,URD
"achi quality ha shirts ki, good one",quality,URD
"achi quality ha shirts ki, good one",ha,URD
"achi quality ha shirts ki, good one",shirts,URD
"achi quality ha shirts ki, good one","ki,",URD
"achi quality ha shirts ki, good one",good,ENG
"achi quality ha shirts ki, good one",one,URD
But me ne in me se kuch b nahi kia  no new dress no make up no sona no cooking.,But,ENG
But me ne in me se kuch b nahi kia  no new dress no make up no sona no cooking.,me,URD
But me ne in me se kuch b nahi kia  no new dress no make up no sona no cooking.,ne,URD
But me ne in me se kuch b nahi kia  no new dress no make up no sona no cooking.,in,URD
But me ne in me se kuch b nahi kia  no new dress no make up no sona no cooking.,me,URD
But me ne in me se kuch b nahi kia  no new dress no make up no sona no cooking.,se,URD
But me ne in me se kuch b nahi kia  no new dress no make up no sona no cooking.,kuch,URD
But me ne in me se kuch b nahi kia  no new dress no make up no sona no cooking.,b,URD
But me ne in me se kuch b nahi kia  no new dress no make up no sona no cooking.,nahi,URD
But me ne in me se kuch b nahi kia  no new dress no make up no sona no cooking.,kia,URD
But me ne in me se kuch b nahi kia  no new dress no make up no sona no cooking.,no,URD
But me ne in me se kuch b nahi kia  no new dress no make up no sona no cooking.,new,URD
But me ne in me se kuch b nahi kia  no new dress no make up no sona no cooking.,dress,URD
But me ne in me se kuch b nahi kia  no new dress no make up no sona no cooking.,no,URD
But me ne in me se kuch b nahi kia  no new dress no make up no sona no cooking.,make,URD
But me ne in me se kuch b nahi kia  no new dress no make up no sona no cooking.,up,URD
But me ne in me se kuch b nahi kia  no new dress no make up no sona no cooking.,no,URD
But me ne in me se kuch b nahi kia  no new dress no make up no sona no cooking.,sona,URD
But me ne in me se kuch b nahi kia  no new dress no make up no sona no cooking.,no,URD
But me ne in me se kuch b nahi kia  no new dress no make up no sona no cooking.,cooking.,URD
Free medical bhi karwaa rahaa hai lougo kiKhaali jalsay nahe kar rahaa,Free,ENG
Free medical bhi karwaa rahaa hai lougo kiKhaali jalsay nahe kar rahaa,medical,URD
Free medical bhi karwaa rahaa hai lougo kiKhaali jalsay nahe kar rahaa,bhi,URD
Free medical bhi karwaa rahaa hai lougo kiKhaali jalsay nahe kar rahaa,karwaa,URD
Free medical bhi karwaa rahaa hai lougo kiKhaali jalsay nahe kar rahaa,rahaa,URD
Free medical bhi karwaa rahaa hai lougo kiKhaali jalsay nahe kar rahaa,hai,URD
Free medical bhi karwaa rahaa hai lougo kiKhaali jalsay nahe kar rahaa,lougo,URD
Free medical bhi karwaa rahaa hai lougo kiKhaali jalsay nahe kar rahaa,kiKhaali,URD
Free medical bhi karwaa rahaa hai lougo kiKhaali jalsay nahe kar rahaa,jalsay,URD
Free medical bhi karwaa rahaa hai lougo kiKhaali jalsay nahe kar rahaa,nahe,URD
Free medical bhi karwaa rahaa hai lougo kiKhaali jalsay nahe kar rahaa,kar,URD
Free medical bhi karwaa rahaa hai lougo kiKhaali jalsay nahe kar rahaa,rahaa,URD
"Bollywood ki films kafi bold hoti hai aur sensor bhi in se narmi baratta hai, aap ne is barey mein socha hai ?",Bollywood,URD
"Bollywood ki films kafi bold hoti hai aur sensor bhi in se narmi baratta hai, aap ne is barey mein socha hai ?",ki,URD
"Bollywood ki films kafi bold hoti hai aur sensor bhi in se narmi baratta hai, aap ne is barey mein socha hai ?",films,URD
"Bollywood ki films kafi bold hoti hai aur sensor bhi in se narmi baratta hai, aap ne is barey mein socha hai ?",kafi,URD
"Bollywood ki films kafi bold hoti hai aur sensor bhi in se narmi baratta hai, aap ne is barey mein socha hai ?",bold,URD
"Bollywood ki films kafi bold hoti hai aur sensor bhi in se narmi baratta hai, aap ne is barey mein socha hai ?",hoti,URD
"Bollywood ki films kafi bold hoti hai aur sensor bhi in se narmi baratta hai, aap ne is barey mein socha hai ?",hai,URD
"Bollywood ki films kafi bold hoti hai aur sensor bhi in se narmi baratta hai, aap ne is barey mein socha hai ?",aur,URD
"Bollywood ki films kafi bold hoti hai aur sensor bhi in se narmi baratta hai, aap ne is barey mein socha hai ?",sensor,URD
"Bollywood ki films kafi bold hoti hai aur sensor bhi in se narmi baratta hai, aap ne is barey mein socha hai ?",bhi,URD
"Bollywood ki films kafi bold hoti hai aur sensor bhi in se narmi baratta hai, aap ne is barey mein socha hai ?",in,URD
"Bollywood ki films kafi bold hoti hai aur sensor bhi in se narmi baratta hai, aap ne is barey mein socha hai ?",se,URD
"Bollywood ki films kafi bold hoti hai aur sensor bhi in se narmi baratta hai, aap ne is barey mein socha hai ?",narmi,URD
"Bollywood ki films kafi bold hoti hai aur sensor bhi in se narmi baratta hai, aap ne is barey mein socha hai ?",baratta,URD
"Bollywood ki films kafi bold hoti hai aur sensor bhi in se narmi baratta hai, aap ne is barey mein socha hai ?","hai,",URD
"Bollywood ki films kafi bold hoti hai aur sensor bhi in se narmi baratta hai, aap ne is barey mein socha hai ?",aap,URD
"Bollywood ki films kafi bold hoti hai aur sensor bhi in se narmi baratta hai, aap ne is barey mein socha hai ?",ne,URD
"Bollywood ki films kafi bold hoti hai aur sensor bhi in se narmi baratta hai, aap ne is barey mein socha hai ?",is,ENG
"Bollywood ki films kafi bold hoti hai aur sensor bhi in se narmi baratta hai, aap ne is barey mein socha hai ?",barey,URD
"Bollywood ki films kafi bold hoti hai aur sensor bhi in se narmi baratta hai, aap ne is barey mein socha hai ?",mein,URD
"Bollywood ki films kafi bold hoti hai aur sensor bhi in se narmi baratta hai, aap ne is barey mein socha hai ?",socha,URD
"Bollywood ki films kafi bold hoti hai aur sensor bhi in se narmi baratta hai, aap ne is barey mein socha hai ?",hai,URD
"Bollywood ki films kafi bold hoti hai aur sensor bhi in se narmi baratta hai, aap ne is barey mein socha hai ?",?,URD
1947 mein Molvi Abdul Haq ne is anjuman ka sadar daftar Karachi mein muntaqil kiya,1947,URD
1947 mein Molvi Abdul Haq ne is anjuman ka sadar daftar Karachi mein muntaqil kiya,mein,URD
1947 mein Molvi Abdul Haq ne is anjuman ka sadar daftar Karachi mein muntaqil kiya,Molvi,URD
1947 mein Molvi Abdul Haq ne is anjuman ka sadar daftar Karachi mein muntaqil kiya,Abdul,URD
1947 mein Molvi Abdul Haq ne is anjuman ka sadar daftar Karachi mein muntaqil kiya,Haq,URD
1947 mein Molvi Abdul Haq ne is anjuman ka sadar daftar Karachi mein muntaqil kiya,ne,URD
1947 mein Molvi Abdul Haq ne is anjuman ka sadar daftar Karachi mein muntaqil kiya,is,ENG
1947 mein Molvi Abdul Haq ne is anjuman ka sadar daftar Karachi mein muntaqil kiya,anjuman,URD
1947 mein Molvi Abdul Haq ne is anjuman ka sadar daftar Karachi mein muntaqil kiya,ka,URD
1947 mein Molvi Abdul Haq ne is anjuman ka sadar daftar Karachi mein muntaqil kiya,sadar,URD
1947 mein Molvi Abdul Haq ne is anjuman ka sadar daftar Karachi mein muntaqil kiya,daftar,URD
1947 mein Molvi Abdul Haq ne is anjuman ka sadar daftar Karachi mein muntaqil kiya,Karachi,URD
1947 mein Molvi Abdul Haq ne is anjuman ka sadar daftar Karachi mein muntaqil kiya,mein,URD
1947 mein Molvi Abdul Haq ne is anjuman ka sadar daftar Karachi mein muntaqil kiya,muntaqil,URD
1947 mein Molvi Abdul Haq ne is anjuman ka sadar daftar Karachi mein muntaqil kiya,kiya,URD
mary jesam par chambal hy is ka elaj bato,mary,URD
mary jesam par chambal hy is ka elaj bato,jesam,URD
mary jesam par chambal hy is ka elaj bato,par,URD
mary jesam par chambal hy is ka elaj bato,chambal,URD
mary jesam par chambal hy is ka elaj bato,hy,URD
mary jesam par chambal hy is ka elaj bato,is,ENG
mary jesam par chambal hy is ka elaj bato,ka,URD
mary jesam par chambal hy is ka elaj bato,elaj,URD
mary jesam par chambal hy is ka elaj bato,bato,URD
Is myn bus tu e hy,Is,ENG
Is myn bus tu e hy,myn,URD
Is myn bus tu e hy,bus,URD
Is myn bus tu e hy,tu,URD
Is myn bus tu e hy,e,URD
Is myn bus tu e hy,hy,URD
Buzurgon ki is nazar ka natija dekhiye ke donon hi geet Iqbal Bano ne gaye aur wo bhi amar ho gaein,Buzurgon,URD
Buzurgon ki is nazar ka natija dekhiye ke donon hi geet Iqbal Bano ne gaye aur wo bhi amar ho gaein,ki,URD
Buzurgon ki is nazar ka natija dekhiye ke donon hi geet Iqbal Bano ne gaye aur wo bhi amar ho gaein,is,ENG
Buzurgon ki is nazar ka natija dekhiye ke donon hi geet Iqbal Bano ne gaye aur wo bhi amar ho gaein,nazar,URD
Buzurgon ki is nazar ka natija dekhiye ke donon hi geet Iqbal Bano ne gaye aur wo bhi amar ho gaein,ka,URD
Buzurgon ki is nazar ka natija dekhiye ke donon hi geet Iqbal Bano ne gaye aur wo bhi amar ho gaein,natija,URD
Buzurgon ki is nazar ka natija dekhiye ke donon hi geet Iqbal Bano ne gaye aur wo bhi amar ho gaein,dekhiye,URD
Buzurgon ki is nazar ka natija dekhiye ke donon hi geet Iqbal Bano ne gaye aur wo bhi amar ho gaein,ke,URD
Buzurgon ki is nazar ka natija dekhiye ke donon hi geet Iqbal Bano ne gaye aur wo bhi amar ho gaein,donon,URD
Buzurgon ki is nazar ka natija dekhiye ke donon hi geet Iqbal Bano ne gaye aur wo bhi amar ho gaein,hi,URD
Buzurgon ki is nazar ka natija dekhiye ke donon hi geet Iqbal Bano ne gaye aur wo bhi amar ho gaein,geet,URD
Buzurgon ki is nazar ka natija dekhiye ke donon hi geet Iqbal Bano ne gaye aur wo bhi amar ho gaein,Iqbal,URD
Buzurgon ki is nazar ka natija dekhiye ke donon hi geet Iqbal Bano ne gaye aur wo bhi amar ho gaein,Bano,URD
Buzurgon ki is nazar ka natija dekhiye ke donon hi geet Iqbal Bano ne gaye aur wo bhi amar ho gaein,ne,URD
Buzurgon ki is nazar ka natija dekhiye ke donon hi geet Iqbal Bano ne gaye aur wo bhi amar ho gaein,gaye,URD
Buzurgon ki is nazar ka natija dekhiye ke donon hi geet Iqbal Bano ne gaye aur wo bhi amar ho gaein,aur,URD
Buzurgon ki is nazar ka natija dekhiye ke donon hi geet Iqbal Bano ne gaye aur wo bhi amar ho gaein,wo,URD
Buzurgon ki is nazar ka natija dekhiye ke donon hi geet Iqbal Bano ne gaye aur wo bhi amar ho gaein,bhi,URD
Buzurgon ki is nazar ka natija dekhiye ke donon hi geet Iqbal Bano ne gaye aur wo bhi amar ho gaein,amar,URD
Buzurgon ki is nazar ka natija dekhiye ke donon hi geet Iqbal Bano ne gaye aur wo bhi amar ho gaein,ho,URD
Buzurgon ki is nazar ka natija dekhiye ke donon hi geet Iqbal Bano ne gaye aur wo bhi amar ho gaein,gaein,URD
Hafeez Jalandhari pakistan ke qaumi shaiyr the magar in ki maqbooliyat bharat mein bhi kam nahi thi,Hafeez,URD
Hafeez Jalandhari pakistan ke qaumi shaiyr the magar in ki maqbooliyat bharat mein bhi kam nahi thi,Jalandhari,URD
Hafeez Jalandhari pakistan ke qaumi shaiyr the magar in ki maqbooliyat bharat mein bhi kam nahi thi,pakistan,URD
Hafeez Jalandhari pakistan ke qaumi shaiyr the magar in ki maqbooliyat bharat mein bhi kam nahi thi,ke,URD
Hafeez Jalandhari pakistan ke qaumi shaiyr the magar in ki maqbooliyat bharat mein bhi kam nahi thi,qaumi,URD
Hafeez Jalandhari pakistan ke qaumi shaiyr the magar in ki maqbooliyat bharat mein bhi kam nahi thi,shaiyr,URD
Hafeez Jalandhari pakistan ke qaumi shaiyr the magar in ki maqbooliyat bharat mein bhi kam nahi thi,the,ENG
Hafeez Jalandhari pakistan ke qaumi shaiyr the magar in ki maqbooliyat bharat mein bhi kam nahi thi,magar,URD
Hafeez Jalandhari pakistan ke qaumi shaiyr the magar in ki maqbooliyat bharat mein bhi kam nahi thi,in,URD
Hafeez Jalandhari pakistan ke qaumi shaiyr the magar in ki maqbooliyat bharat mein bhi kam nahi thi,ki,URD
Hafeez Jalandhari pakistan ke qaumi shaiyr the magar in ki maqbooliyat bharat mein bhi kam nahi thi,maqbooliyat,URD
Hafeez Jalandhari pakistan ke qaumi shaiyr the magar in ki maqbooliyat bharat mein bhi kam nahi thi,bharat,URD
Hafeez Jalandhari pakistan ke qaumi shaiyr the magar in ki maqbooliyat bharat mein bhi kam nahi thi,mein,URD
Hafeez Jalandhari pakistan ke qaumi shaiyr the magar in ki maqbooliyat bharat mein bhi kam nahi thi,bhi,URD
Hafeez Jalandhari pakistan ke qaumi shaiyr the magar in ki maqbooliyat bharat mein bhi kam nahi thi,kam,URD
Hafeez Jalandhari pakistan ke qaumi shaiyr the magar in ki maqbooliyat bharat mein bhi kam nahi thi,nahi,URD
Hafeez Jalandhari pakistan ke qaumi shaiyr the magar in ki maqbooliyat bharat mein bhi kam nahi thi,thi,URD
Bad azaa inhe 1946 mein aik behri jahaz ke zariye England bhej diya gaya,Bad,ENG
Bad azaa inhe 1946 mein aik behri jahaz ke zariye England bhej diya gaya,azaa,URD
Bad azaa inhe 1946 mein aik behri jahaz ke zariye England bhej diya gaya,inhe,URD
Bad azaa inhe 1946 mein aik behri jahaz ke zariye England bhej diya gaya,1946,URD
Bad azaa inhe 1946 mein aik behri jahaz ke zariye England bhej diya gaya,mein,URD
Bad azaa inhe 1946 mein aik behri jahaz ke zariye England bhej diya gaya,aik,URD
Bad azaa inhe 1946 mein aik behri jahaz ke zariye England bhej diya gaya,behri,URD
Bad azaa inhe 1946 mein aik behri jahaz ke zariye England bhej diya gaya,jahaz,URD
Bad azaa inhe 1946 mein aik behri jahaz ke zariye England bhej diya gaya,ke,URD
Bad azaa inhe 1946 mein aik behri jahaz ke zariye England bhej diya gaya,zariye,URD
Bad azaa inhe 1946 mein aik behri jahaz ke zariye England bhej diya gaya,England,URD
Bad azaa inhe 1946 mein aik behri jahaz ke zariye England bhej diya gaya,bhej,URD
Bad azaa inhe 1946 mein aik behri jahaz ke zariye England bhej diya gaya,diya,URD
Bad azaa inhe 1946 mein aik behri jahaz ke zariye England bhej diya gaya,gaya,URD
America Ki Mukhtalif Riyasato Main Masjid Ko Bomb Sy Urane Ki Dhamki Amez Call,America,URD
America Ki Mukhtalif Riyasato Main Masjid Ko Bomb Sy Urane Ki Dhamki Amez Call,Ki,URD
America Ki Mukhtalif Riyasato Main Masjid Ko Bomb Sy Urane Ki Dhamki Amez Call,Mukhtalif,URD
America Ki Mukhtalif Riyasato Main Masjid Ko Bomb Sy Urane Ki Dhamki Amez Call,Riyasato,URD
America Ki Mukhtalif Riyasato Main Masjid Ko Bomb Sy Urane Ki Dhamki Amez Call,Main,URD
America Ki Mukhtalif Riyasato Main Masjid Ko Bomb Sy Urane Ki Dhamki Amez Call,Masjid,URD
America Ki Mukhtalif Riyasato Main Masjid Ko Bomb Sy Urane Ki Dhamki Amez Call,Ko,URD
America Ki Mukhtalif Riyasato Main Masjid Ko Bomb Sy Urane Ki Dhamki Amez Call,Bomb,URD
America Ki Mukhtalif Riyasato Main Masjid Ko Bomb Sy Urane Ki Dhamki Amez Call,Sy,URD
America Ki Mukhtalif Riyasato Main Masjid Ko Bomb Sy Urane Ki Dhamki Amez Call,Urane,URD
America Ki Mukhtalif Riyasato Main Masjid Ko Bomb Sy Urane Ki Dhamki Amez Call,Ki,URD
America Ki Mukhtalif Riyasato Main Masjid Ko Bomb Sy Urane Ki Dhamki Amez Call,Dhamki,URD
America Ki Mukhtalif Riyasato Main Masjid Ko Bomb Sy Urane Ki Dhamki Amez Call,Amez,URD
America Ki Mukhtalif Riyasato Main Masjid Ko Bomb Sy Urane Ki Dhamki Amez Call,Call,ENG
Filmi duniya mein aane ke bad wo kai falahi kaamon mein sharik rahe,Filmi,URD
Filmi duniya mein aane ke bad wo kai falahi kaamon mein sharik rahe,duniya,URD
Filmi duniya mein aane ke bad wo kai falahi kaamon mein sharik rahe,mein,URD
Filmi duniya mein aane ke bad wo kai falahi kaamon mein sharik rahe,aane,URD
Filmi duniya mein aane ke bad wo kai falahi kaamon mein sharik rahe,ke,URD
Filmi duniya mein aane ke bad wo kai falahi kaamon mein sharik rahe,bad,ENG
Filmi duniya mein aane ke bad wo kai falahi kaamon mein sharik rahe,wo,URD
Filmi duniya mein aane ke bad wo kai falahi kaamon mein sharik rahe,kai,URD
Filmi duniya mein aane ke bad wo kai falahi kaamon mein sharik rahe,falahi,URD
Filmi duniya mein aane ke bad wo kai falahi kaamon mein sharik rahe,kaamon,URD
Filmi duniya mein aane ke bad wo kai falahi kaamon mein sharik rahe,mein,URD
Filmi duniya mein aane ke bad wo kai falahi kaamon mein sharik rahe,sharik,URD
Filmi duniya mein aane ke bad wo kai falahi kaamon mein sharik rahe,rahe,URD
Yehi comment expect kia tha yaar tu vi relax kar k ik waari soch la,Yehi,URD
Yehi comment expect kia tha yaar tu vi relax kar k ik waari soch la,comment,ENG
Yehi comment expect kia tha yaar tu vi relax kar k ik waari soch la,expect,URD
Yehi comment expect kia tha yaar tu vi relax kar k ik waari soch la,kia,URD
Yehi comment expect kia tha yaar tu vi relax kar k ik waari soch la,tha,URD
Yehi comment expect kia tha yaar tu vi relax kar k ik waari soch la,yaar,URD
Yehi comment expect kia tha yaar tu vi relax kar k ik waari soch la,tu,URD
Yehi comment expect kia tha yaar tu vi relax kar k ik waari soch la,vi,URD
Yehi comment expect kia tha yaar tu vi relax kar k ik waari soch la,relax,URD
Yehi comment expect kia tha yaar tu vi relax kar k ik waari soch la,kar,URD
Yehi comment expect kia tha yaar tu vi relax kar k ik waari soch la,k,URD
Yehi comment expect kia tha yaar tu vi relax kar k ik waari soch la,ik,URD
Yehi comment expect kia tha yaar tu vi relax kar k ik waari soch la,waari,URD
Yehi comment expect kia tha yaar tu vi relax kar k ik waari soch la,soch,URD
Yehi comment expect kia tha yaar tu vi relax kar k ik waari soch la,la,URD
plzz is dramay ko is dafa bhi chalaiyey ga,plzz,URD
plzz is dramay ko is dafa bhi chalaiyey ga,is,ENG
plzz is dramay ko is dafa bhi chalaiyey ga,dramay,URD
plzz is dramay ko is dafa bhi chalaiyey ga,ko,URD
plzz is dramay ko is dafa bhi chalaiyey ga,is,ENG
plzz is dramay ko is dafa bhi chalaiyey ga,dafa,URD
plzz is dramay ko is dafa bhi chalaiyey ga,bhi,URD
plzz is dramay ko is dafa bhi chalaiyey ga,chalaiyey,URD
plzz is dramay ko is dafa bhi chalaiyey ga,ga,URD
haha is aurat ny koi 1 bat logical ya facts ki base py ki hay,haha,URD
haha is aurat ny koi 1 bat logical ya facts ki base py ki hay,is,ENG
haha is aurat ny koi 1 bat logical ya facts ki base py ki hay,aurat,URD
haha is aurat ny koi 1 bat logical ya facts ki base py ki hay,ny,URD
haha is aurat ny koi 1 bat logical ya facts ki base py ki hay,koi,URD
haha is aurat ny koi 1 bat logical ya facts ki base py ki hay,1,URD
haha is aurat ny koi 1 bat logical ya facts ki base py ki hay,bat,URD
haha is aurat ny koi 1 bat logical ya facts ki base py ki hay,logical,URD
haha is aurat ny koi 1 bat logical ya facts ki base py ki hay,ya,URD
haha is aurat ny koi 1 bat logical ya facts ki base py ki hay,facts,URD
haha is aurat ny koi 1 bat logical ya facts ki base py ki hay,ki,URD
haha is aurat ny koi 1 bat logical ya facts ki base py ki hay,base,URD
haha is aurat ny koi 1 bat logical ya facts ki base py ki hay,py,URD
haha is aurat ny koi 1 bat logical ya facts ki base py ki hay,ki,URD
haha is aurat ny koi 1 bat logical ya facts ki base py ki hay,hay,URD
Kya biwi se aesi dosti hai ke aap un se sab kuch share kar saken ?,Kya,URD
Kya biwi se aesi dosti hai ke aap un se sab kuch share kar saken ?,biwi,URD
Kya biwi se aesi dosti hai ke aap un se sab kuch share kar saken ?,se,URD
Kya biwi se aesi dosti hai ke aap un se sab kuch share kar saken ?,aesi,URD
Kya biwi se aesi dosti hai ke aap un se sab kuch share kar saken ?,dosti,URD
Kya biwi se aesi dosti hai ke aap un se sab kuch share kar saken ?,hai,URD
Kya biwi se aesi dosti hai ke aap un se sab kuch share kar saken ?,ke,URD
Kya biwi se aesi dosti hai ke aap un se sab kuch share kar saken ?,aap,URD
Kya biwi se aesi dosti hai ke aap un se sab kuch share kar saken ?,un,URD
Kya biwi se aesi dosti hai ke aap un se sab kuch share kar saken ?,se,URD
Kya biwi se aesi dosti hai ke aap un se sab kuch share kar saken ?,sab,URD
Kya biwi se aesi dosti hai ke aap un se sab kuch share kar saken ?,kuch,URD
Kya biwi se aesi dosti hai ke aap un se sab kuch share kar saken ?,share,ENG
Kya biwi se aesi dosti hai ke aap un se sab kuch share kar saken ?,kar,URD
Kya biwi se aesi dosti hai ke aap un se sab kuch share kar saken ?,saken,URD
Kya biwi se aesi dosti hai ke aap un se sab kuch share kar saken ?,?,URD
awaz achi h pr video kya bnai h bhai,awaz,URD
awaz achi h pr video kya bnai h bhai,achi,URD
awaz achi h pr video kya bnai h bhai,h,URD
awaz achi h pr video kya bnai h bhai,pr,URD
awaz achi h pr video kya bnai h bhai,video,ENG
awaz achi h pr video kya bnai h bhai,kya,URD
awaz achi h pr video kya bnai h bhai,bnai,URD
awaz achi h pr video kya bnai h bhai,h,URD
awaz achi h pr video kya bnai h bhai,bhai,URD
Aap ko is facebook page per ja kar aik tour ki booking karwa leni chahiye.,Aap,URD
Aap ko is facebook page per ja kar aik tour ki booking karwa leni chahiye.,ko,URD
Aap ko is facebook page per ja kar aik tour ki booking karwa leni chahiye.,is,ENG
Aap ko is facebook page per ja kar aik tour ki booking karwa leni chahiye.,facebook,URD
Aap ko is facebook page per ja kar aik tour ki booking karwa leni chahiye.,page,URD
Aap ko is facebook page per ja kar aik tour ki booking karwa leni chahiye.,per,URD
Aap ko is facebook page per ja kar aik tour ki booking karwa leni chahiye.,ja,URD
Aap ko is facebook page per ja kar aik tour ki booking karwa leni chahiye.,kar,URD
Aap ko is facebook page per ja kar aik tour ki booking karwa leni chahiye.,aik,URD
Aap ko is facebook page per ja kar aik tour ki booking karwa leni chahiye.,tour,URD
Aap ko is facebook page per ja kar aik tour ki booking karwa leni chahiye.,ki,URD
Aap ko is facebook page per ja kar aik tour ki booking karwa leni chahiye.,booking,URD
Aap ko is facebook page per ja kar aik tour ki booking karwa leni chahiye.,karwa,URD
Aap ko is facebook page per ja kar aik tour ki booking karwa leni chahiye.,leni,URD
Aap ko is facebook page per ja kar aik tour ki booking karwa leni chahiye.,chahiye.,URD
Wisdon ne likha ke Pakistan is dore mein haqiqi qowat ke tor par ubhra hai,Wisdon,URD
Wisdon ne likha ke Pakistan is dore mein haqiqi qowat ke tor par ubhra hai,ne,URD
Wisdon ne likha ke Pakistan is dore mein haqiqi qowat ke tor par ubhra hai,likha,URD
Wisdon ne likha ke Pakistan is dore mein haqiqi qowat ke tor par ubhra hai,ke,URD
Wisdon ne likha ke Pakistan is dore mein haqiqi qowat ke tor par ubhra hai,Pakistan,URD
Wisdon ne likha ke Pakistan is dore mein haqiqi qowat ke tor par ubhra hai,is,ENG
Wisdon ne likha ke Pakistan is dore mein haqiqi qowat ke tor par ubhra hai,dore,URD
Wisdon ne likha ke Pakistan is dore mein haqiqi qowat ke tor par ubhra hai,mein,URD
Wisdon ne likha ke Pakistan is dore mein haqiqi qowat ke tor par ubhra hai,haqiqi,URD
Wisdon ne likha ke Pakistan is dore mein haqiqi qowat ke tor par ubhra hai,qowat,URD
Wisdon ne likha ke Pakistan is dore mein haqiqi qowat ke tor par ubhra hai,ke,URD
Wisdon ne likha ke Pakistan is dore mein haqiqi qowat ke tor par ubhra hai,tor,URD
Wisdon ne likha ke Pakistan is dore mein haqiqi qowat ke tor par ubhra hai,par,URD
Wisdon ne likha ke Pakistan is dore mein haqiqi qowat ke tor par ubhra hai,ubhra,URD
Wisdon ne likha ke Pakistan is dore mein haqiqi qowat ke tor par ubhra hai,hai,URD
"Edhi free consultant dispensary Meetha dar, Edhi home Sohrabh gorh mein 55010 mareezon ka muft ilaaj kiya gaya.",Edhi,URD
"Edhi free consultant dispensary Meetha dar, Edhi home Sohrabh gorh mein 55010 mareezon ka muft ilaaj kiya gaya.",free,ENG
"Edhi free consultant dispensary Meetha dar, Edhi home Sohrabh gorh mein 55010 mareezon ka muft ilaaj kiya gaya.",consultant,URD
"Edhi free consultant dispensary Meetha dar, Edhi home Sohrabh gorh mein 55010 mareezon ka muft ilaaj kiya gaya.",dispensary,URD
"Edhi free consultant dispensary Meetha dar, Edhi home Sohrabh gorh mein 55010 mareezon ka muft ilaaj kiya gaya.",Meetha,URD
"Edhi free consultant dispensary Meetha dar, Edhi home Sohrabh gorh mein 55010 mareezon ka muft ilaaj kiya gaya.","dar,",URD
"Edhi free consultant dispensary Meetha dar, Edhi home Sohrabh gorh mein 55010 mareezon ka muft ilaaj kiya gaya.",Edhi,URD
"Edhi free consultant dispensary Meetha dar, Edhi home Sohrabh gorh mein 55010 mareezon ka muft ilaaj kiya gaya.",home,URD
"Edhi free consultant dispensary Meetha dar, Edhi home Sohrabh gorh mein 55010 mareezon ka muft ilaaj kiya gaya.",Sohrabh,URD
"Edhi free consultant dispensary Meetha dar, Edhi home Sohrabh gorh mein 55010 mareezon ka muft ilaaj kiya gaya.",gorh,URD
"Edhi free consultant dispensary Meetha dar, Edhi home Sohrabh gorh mein 55010 mareezon ka muft ilaaj kiya gaya.",mein,URD
"Edhi free consultant dispensary Meetha dar, Edhi home Sohrabh gorh mein 55010 mareezon ka muft ilaaj kiya gaya.",55010,URD
"Edhi free consultant dispensary Meetha dar, Edhi home Sohrabh gorh mein 55010 mareezon ka muft ilaaj kiya gaya.",mareezon,URD
"Edhi free consultant dispensary Meetha dar, Edhi home Sohrabh gorh mein 55010 mareezon ka muft ilaaj kiya gaya.",ka,URD
"Edhi free consultant dispensary Meetha dar, Edhi home Sohrabh gorh mein 55010 mareezon ka muft ilaaj kiya gaya.",muft,URD
"Edhi free consultant dispensary Meetha dar, Edhi home Sohrabh gorh mein 55010 mareezon ka muft ilaaj kiya gaya.",ilaaj,URD
"Edhi free consultant dispensary Meetha dar, Edhi home Sohrabh gorh mein 55010 mareezon ka muft ilaaj kiya gaya.",kiya,URD
"Edhi free consultant dispensary Meetha dar, Edhi home Sohrabh gorh mein 55010 mareezon ka muft ilaaj kiya gaya.",gaya.,URD
Miss shah:-)Absa say kuch haseen ni:-),Miss,ENG
Miss shah:-)Absa say kuch haseen ni:-),shah:-)Absa,URD
Miss shah:-)Absa say kuch haseen ni:-),say,URD
Miss shah:-)Absa say kuch haseen ni:-),kuch,URD
Miss shah:-)Absa say kuch haseen ni:-),haseen,URD
Miss shah:-)Absa say kuch haseen ni:-),ni:-),URD
Main Nay Nataij K Hawalay Say Is Say Zyada Shireen Jaam Nahi Piya,Main,URD
Main Nay Nataij K Hawalay Say Is Say Zyada Shireen Jaam Nahi Piya,Nay,URD
Main Nay Nataij K Hawalay Say Is Say Zyada Shireen Jaam Nahi Piya,Nataij,URD
Main Nay Nataij K Hawalay Say Is Say Zyada Shireen Jaam Nahi Piya,K,URD
Main Nay Nataij K Hawalay Say Is Say Zyada Shireen Jaam Nahi Piya,Hawalay,URD
Main Nay Nataij K Hawalay Say Is Say Zyada Shireen Jaam Nahi Piya,Say,URD
Main Nay Nataij K Hawalay Say Is Say Zyada Shireen Jaam Nahi Piya,Is,ENG
Main Nay Nataij K Hawalay Say Is Say Zyada Shireen Jaam Nahi Piya,Say,URD
Main Nay Nataij K Hawalay Say Is Say Zyada Shireen Jaam Nahi Piya,Zyada,URD
Main Nay Nataij K Hawalay Say Is Say Zyada Shireen Jaam Nahi Piya,Shireen,URD
Main Nay Nataij K Hawalay Say Is Say Zyada Shireen Jaam Nahi Piya,Jaam,URD
Main Nay Nataij K Hawalay Say Is Say Zyada Shireen Jaam Nahi Piya,Nahi,URD
Main Nay Nataij K Hawalay Say Is Say Zyada Shireen Jaam Nahi Piya,Piya,URD
.😂 Thanks boldenA meri taraf Se,.😂,URD
.😂 Thanks boldenA meri taraf Se,Thanks,ENG
.😂 Thanks boldenA meri taraf Se,boldenA,URD
.😂 Thanks boldenA meri taraf Se,meri,URD
.😂 Thanks boldenA meri taraf Se,taraf,URD
.😂 Thanks boldenA meri taraf Se,Se,URD
"Meghan kal se wifi password mang Rae Hain,THE EFF",Meghan,URD
"Meghan kal se wifi password mang Rae Hain,THE EFF",kal,URD
"Meghan kal se wifi password mang Rae Hain,THE EFF",se,URD
"Meghan kal se wifi password mang Rae Hain,THE EFF",wifi,URD
"Meghan kal se wifi password mang Rae Hain,THE EFF",password,URD
"Meghan kal se wifi password mang Rae Hain,THE EFF",mang,URD
"Meghan kal se wifi password mang Rae Hain,THE EFF",Rae,URD
"Meghan kal se wifi password mang Rae Hain,THE EFF","Hain,THE",URD
"Meghan kal se wifi password mang Rae Hain,THE EFF",EFF,URD
1971 mein Sire county 13 saal bad county champion bani to us mein Intikhab Alam ki umdah bowling ka bhi dakhal tha,1971,URD
1971 mein Sire county 13 saal bad county champion bani to us mein Intikhab Alam ki umdah bowling ka bhi dakhal tha,mein,URD
1971 mein Sire county 13 saal bad county champion bani to us mein Intikhab Alam ki umdah bowling ka bhi dakhal tha,Sire,URD
1971 mein Sire county 13 saal bad county champion bani to us mein Intikhab Alam ki umdah bowling ka bhi dakhal tha,county,URD
1971 mein Sire county 13 saal bad county champion bani to us mein Intikhab Alam ki umdah bowling ka bhi dakhal tha,13,URD
1971 mein Sire county 13 saal bad county champion bani to us mein Intikhab Alam ki umdah bowling ka bhi dakhal tha,saal,URD
1971 mein Sire county 13 saal bad county champion bani to us mein Intikhab Alam ki umdah bowling ka bhi dakhal tha,bad,ENG
1971 mein Sire county 13 saal bad county champion bani to us mein Intikhab Alam ki umdah bowling ka bhi dakhal tha,county,URD
1971 mein Sire county 13 saal bad county champion bani to us mein Intikhab Alam ki umdah bowling ka bhi dakhal tha,champion,URD
1971 mein Sire county 13 saal bad county champion bani to us mein Intikhab Alam ki umdah bowling ka bhi dakhal tha,bani,URD
1971 mein Sire county 13 saal bad county champion bani to us mein Intikhab Alam ki umdah bowling ka bhi dakhal tha,to,URD
1971 mein Sire county 13 saal bad county champion bani to us mein Intikhab Alam ki umdah bowling ka bhi dakhal tha,us,URD
1971 mein Sire county 13 saal bad county champion bani to us mein Intikhab Alam ki umdah bowling ka bhi dakhal tha,mein,URD
1971 mein Sire county 13 saal bad county champion bani to us mein Intikhab Alam ki umdah bowling ka bhi dakhal tha,Intikhab,URD
1971 mein Sire county 13 saal bad county champion bani to us mein Intikhab Alam ki umdah bowling ka bhi dakhal tha,Alam,URD
1971 mein Sire county 13 saal bad county champion bani to us mein Intikhab Alam ki umdah bowling ka bhi dakhal tha,ki,URD
1971 mein Sire county 13 saal bad county champion bani to us mein Intikhab Alam ki umdah bowling ka bhi dakhal tha,umdah,URD
1971 mein Sire county 13 saal bad county champion bani to us mein Intikhab Alam ki umdah bowling ka bhi dakhal tha,bowling,URD
1971 mein Sire county 13 saal bad county champion bani to us mein Intikhab Alam ki umdah bowling ka bhi dakhal tha,ka,URD
1971 mein Sire county 13 saal bad county champion bani to us mein Intikhab Alam ki umdah bowling ka bhi dakhal tha,bhi,URD
1971 mein Sire county 13 saal bad county champion bani to us mein Intikhab Alam ki umdah bowling ka bhi dakhal tha,dakhal,URD
1971 mein Sire county 13 saal bad county champion bani to us mein Intikhab Alam ki umdah bowling ka bhi dakhal tha,tha,URD
1992 ke bad inhe cricket ki duniya ka sab se ziyada tez aur sab se ziyada tabahkun bowler qarar diya jane laga,1992,URD
1992 ke bad inhe cricket ki duniya ka sab se ziyada tez aur sab se ziyada tabahkun bowler qarar diya jane laga,ke,URD
1992 ke bad inhe cricket ki duniya ka sab se ziyada tez aur sab se ziyada tabahkun bowler qarar diya jane laga,bad,ENG
1992 ke bad inhe cricket ki duniya ka sab se ziyada tez aur sab se ziyada tabahkun bowler qarar diya jane laga,inhe,URD
1992 ke bad inhe cricket ki duniya ka sab se ziyada tez aur sab se ziyada tabahkun bowler qarar diya jane laga,cricket,URD
1992 ke bad inhe cricket ki duniya ka sab se ziyada tez aur sab se ziyada tabahkun bowler qarar diya jane laga,ki,URD
1992 ke bad inhe cricket ki duniya ka sab se ziyada tez aur sab se ziyada tabahkun bowler qarar diya jane laga,duniya,URD
1992 ke bad inhe cricket ki duniya ka sab se ziyada tez aur sab se ziyada tabahkun bowler qarar diya jane laga,ka,URD
1992 ke bad inhe cricket ki duniya ka sab se ziyada tez aur sab se ziyada tabahkun bowler qarar diya jane laga,sab,URD
1992 ke bad inhe cricket ki duniya ka sab se ziyada tez aur sab se ziyada tabahkun bowler qarar diya jane laga,se,URD
1992 ke bad inhe cricket ki duniya ka sab se ziyada tez aur sab se ziyada tabahkun bowler qarar diya jane laga,ziyada,URD
1992 ke bad inhe cricket ki duniya ka sab se ziyada tez aur sab se ziyada tabahkun bowler qarar diya jane laga,tez,URD
1992 ke bad inhe cricket ki duniya ka sab se ziyada tez aur sab se ziyada tabahkun bowler qarar diya jane laga,aur,URD
1992 ke bad inhe cricket ki duniya ka sab se ziyada tez aur sab se ziyada tabahkun bowler qarar diya jane laga,sab,URD
1992 ke bad inhe cricket ki duniya ka sab se ziyada tez aur sab se ziyada tabahkun bowler qarar diya jane laga,se,URD
1992 ke bad inhe cricket ki duniya ka sab se ziyada tez aur sab se ziyada tabahkun bowler qarar diya jane laga,ziyada,URD
1992 ke bad inhe cricket ki duniya ka sab se ziyada tez aur sab se ziyada tabahkun bowler qarar diya jane laga,tabahkun,URD
1992 ke bad inhe cricket ki duniya ka sab se ziyada tez aur sab se ziyada tabahkun bowler qarar diya jane laga,bowler,URD
1992 ke bad inhe cricket ki duniya ka sab se ziyada tez aur sab se ziyada tabahkun bowler qarar diya jane laga,qarar,URD
1992 ke bad inhe cricket ki duniya ka sab se ziyada tez aur sab se ziyada tabahkun bowler qarar diya jane laga,diya,URD
1992 ke bad inhe cricket ki duniya ka sab se ziyada tez aur sab se ziyada tabahkun bowler qarar diya jane laga,jane,URD
1992 ke bad inhe cricket ki duniya ka sab se ziyada tez aur sab se ziyada tabahkun bowler qarar diya jane laga,laga,URD
Ha kyuki sab hasne lag gye the nd apn toh gana gaye b ni the,Ha,URD
Ha kyuki sab hasne lag gye the nd apn toh gana gaye b ni the,kyuki,URD
Ha kyuki sab hasne lag gye the nd apn toh gana gaye b ni the,sab,URD
Ha kyuki sab hasne lag gye the nd apn toh gana gaye b ni the,hasne,URD
Ha kyuki sab hasne lag gye the nd apn toh gana gaye b ni the,lag,URD
Ha kyuki sab hasne lag gye the nd apn toh gana gaye b ni the,gye,URD
Ha kyuki sab hasne lag gye the nd apn toh gana gaye b ni the,the,ENG
Ha kyuki sab hasne lag gye the nd apn toh gana gaye b ni the,nd,URD
Ha kyuki sab hasne lag gye the nd apn toh gana gaye b ni the,apn,URD
Ha kyuki sab hasne lag gye the nd apn toh gana gaye b ni the,toh,URD
Ha kyuki sab hasne lag gye the nd apn toh gana gaye b ni the,gana,URD
Ha kyuki sab hasne lag gye the nd apn toh gana gaye b ni the,gaye,URD
Ha kyuki sab hasne lag gye the nd apn toh gana gaye b ni the,b,URD
Ha kyuki sab hasne lag gye the nd apn toh gana gaye b ni the,ni,URD
Ha kyuki sab hasne lag gye the nd apn toh gana gaye b ni the,the,ENG
Assistant ko 16 kesy mila jb k is tarh ki sammry main to us ko 15 milna tha. yai mukmuka hai shame on,Assistant,URD
Assistant ko 16 kesy mila jb k is tarh ki sammry main to us ko 15 milna tha. yai mukmuka hai shame on,ko,URD
Assistant ko 16 kesy mila jb k is tarh ki sammry main to us ko 15 milna tha. yai mukmuka hai shame on,16,URD
Assistant ko 16 kesy mila jb k is tarh ki sammry main to us ko 15 milna tha. yai mukmuka hai shame on,kesy,URD
Assistant ko 16 kesy mila jb k is tarh ki sammry main to us ko 15 milna tha. yai mukmuka hai shame on,mila,URD
Assistant ko 16 kesy mila jb k is tarh ki sammry main to us ko 15 milna tha. yai mukmuka hai shame on,jb,URD
Assistant ko 16 kesy mila jb k is tarh ki sammry main to us ko 15 milna tha. yai mukmuka hai shame on,k,URD
Assistant ko 16 kesy mila jb k is tarh ki sammry main to us ko 15 milna tha. yai mukmuka hai shame on,is,ENG
Assistant ko 16 kesy mila jb k is tarh ki sammry main to us ko 15 milna tha. yai mukmuka hai shame on,tarh,URD
Assistant ko 16 kesy mila jb k is tarh ki sammry main to us ko 15 milna tha. yai mukmuka hai shame on,ki,URD
Assistant ko 16 kesy mila jb k is tarh ki sammry main to us ko 15 milna tha. yai mukmuka hai shame on,sammry,URD
Assistant ko 16 kesy mila jb k is tarh ki sammry main to us ko 15 milna tha. yai mukmuka hai shame on,main,URD
Assistant ko 16 kesy mila jb k is tarh ki sammry main to us ko 15 milna tha. yai mukmuka hai shame on,to,URD
Assistant ko 16 kesy mila jb k is tarh ki sammry main to us ko 15 milna tha. yai mukmuka hai shame on,us,URD
Assistant ko 16 kesy mila jb k is tarh ki sammry main to us ko 15 milna tha. yai mukmuka hai shame on,ko,URD
Assistant ko 16 kesy mila jb k is tarh ki sammry main to us ko 15 milna tha. yai mukmuka hai shame on,15,URD
Assistant ko 16 kesy mila jb k is tarh ki sammry main to us ko 15 milna tha. yai mukmuka hai shame on,milna,URD
Assistant ko 16 kesy mila jb k is tarh ki sammry main to us ko 15 milna tha. yai mukmuka hai shame on,tha.,URD
Assistant ko 16 kesy mila jb k is tarh ki sammry main to us ko 15 milna tha. yai mukmuka hai shame on,yai,URD
Assistant ko 16 kesy mila jb k is tarh ki sammry main to us ko 15 milna tha. yai mukmuka hai shame on,mukmuka,URD
Assistant ko 16 kesy mila jb k is tarh ki sammry main to us ko 15 milna tha. yai mukmuka hai shame on,hai,URD
Assistant ko 16 kesy mila jb k is tarh ki sammry main to us ko 15 milna tha. yai mukmuka hai shame on,shame,URD
Assistant ko 16 kesy mila jb k is tarh ki sammry main to us ko 15 milna tha. yai mukmuka hai shame on,on,URD
Srilanka Ne Pakistan Ko Doosray Test Match Me 7 Wickets Se Shikast De Ker Series 1 1 Se Barabar Ker Di,Srilanka,URD
Srilanka Ne Pakistan Ko Doosray Test Match Me 7 Wickets Se Shikast De Ker Series 1 1 Se Barabar Ker Di,Ne,URD
Srilanka Ne Pakistan Ko Doosray Test Match Me 7 Wickets Se Shikast De Ker Series 1 1 Se Barabar Ker Di,Pakistan,URD
Srilanka Ne Pakistan Ko Doosray Test Match Me 7 Wickets Se Shikast De Ker Series 1 1 Se Barabar Ker Di,Ko,URD
Srilanka Ne Pakistan Ko Doosray Test Match Me 7 Wickets Se Shikast De Ker Series 1 1 Se Barabar Ker Di,Doosray,URD
Srilanka Ne Pakistan Ko Doosray Test Match Me 7 Wickets Se Shikast De Ker Series 1 1 Se Barabar Ker Di,Test,URD
Srilanka Ne Pakistan Ko Doosray Test Match Me 7 Wickets Se Shikast De Ker Series 1 1 Se Barabar Ker Di,Match,ENG
Srilanka Ne Pakistan Ko Doosray Test Match Me 7 Wickets Se Shikast De Ker Series 1 1 Se Barabar Ker Di,Me,URD
Srilanka Ne Pakistan Ko Doosray Test Match Me 7 Wickets Se Shikast De Ker Series 1 1 Se Barabar Ker Di,7,URD
Srilanka Ne Pakistan Ko Doosray Test Match Me 7 Wickets Se Shikast De Ker Series 1 1 Se Barabar Ker Di,Wickets,URD
Srilanka Ne Pakistan Ko Doosray Test Match Me 7 Wickets Se Shikast De Ker Series 1 1 Se Barabar Ker Di,Se,URD
Srilanka Ne Pakistan Ko Doosray Test Match Me 7 Wickets Se Shikast De Ker Series 1 1 Se Barabar Ker Di,Shikast,URD
Srilanka Ne Pakistan Ko Doosray Test Match Me 7 Wickets Se Shikast De Ker Series 1 1 Se Barabar Ker Di,De,URD
Srilanka Ne Pakistan Ko Doosray Test Match Me 7 Wickets Se Shikast De Ker Series 1 1 Se Barabar Ker Di,Ker,URD
Srilanka Ne Pakistan Ko Doosray Test Match Me 7 Wickets Se Shikast De Ker Series 1 1 Se Barabar Ker Di,Series,URD
Srilanka Ne Pakistan Ko Doosray Test Match Me 7 Wickets Se Shikast De Ker Series 1 1 Se Barabar Ker Di,1,URD
Srilanka Ne Pakistan Ko Doosray Test Match Me 7 Wickets Se Shikast De Ker Series 1 1 Se Barabar Ker Di,1,URD
Srilanka Ne Pakistan Ko Doosray Test Match Me 7 Wickets Se Shikast De Ker Series 1 1 Se Barabar Ker Di,Se,URD
Srilanka Ne Pakistan Ko Doosray Test Match Me 7 Wickets Se Shikast De Ker Series 1 1 Se Barabar Ker Di,Barabar,URD
Srilanka Ne Pakistan Ko Doosray Test Match Me 7 Wickets Se Shikast De Ker Series 1 1 Se Barabar Ker Di,Ker,URD
Srilanka Ne Pakistan Ko Doosray Test Match Me 7 Wickets Se Shikast De Ker Series 1 1 Se Barabar Ker Di,Di,URD
Magar vote galat banday ko de rahi hai,Magar,URD
Magar vote galat banday ko de rahi hai,vote,ENG
Magar vote galat banday ko de rahi hai,galat,URD
Magar vote galat banday ko de rahi hai,banday,URD
Magar vote galat banday ko de rahi hai,ko,URD
Magar vote galat banday ko de rahi hai,de,URD
Magar vote galat banday ko de rahi hai,rahi,URD
Magar vote galat banday ko de rahi hai,hai,URD
NADRA Ka CNIC Token Aap Apnay Mobile Par Bhe Check Kar Sktay Hain,NADRA,URD
NADRA Ka CNIC Token Aap Apnay Mobile Par Bhe Check Kar Sktay Hain,Ka,URD
NADRA Ka CNIC Token Aap Apnay Mobile Par Bhe Check Kar Sktay Hain,CNIC,URD
NADRA Ka CNIC Token Aap Apnay Mobile Par Bhe Check Kar Sktay Hain,Token,URD
NADRA Ka CNIC Token Aap Apnay Mobile Par Bhe Check Kar Sktay Hain,Aap,URD
NADRA Ka CNIC Token Aap Apnay Mobile Par Bhe Check Kar Sktay Hain,Apnay,URD
NADRA Ka CNIC Token Aap Apnay Mobile Par Bhe Check Kar Sktay Hain,Mobile,MIX
NADRA Ka CNIC Token Aap Apnay Mobile Par Bhe Check Kar Sktay Hain,Par,URD
NADRA Ka CNIC Token Aap Apnay Mobile Par Bhe Check Kar Sktay Hain,Bhe,URD
NADRA Ka CNIC Token Aap Apnay Mobile Par Bhe Check Kar Sktay Hain,Check,ENG
NADRA Ka CNIC Token Aap Apnay Mobile Par Bhe Check Kar Sktay Hain,Kar,URD
NADRA Ka CNIC Token Aap Apnay Mobile Par Bhe Check Kar Sktay Hain,Sktay,URD
NADRA Ka CNIC Token Aap Apnay Mobile Par Bhe Check Kar Sktay Hain,Hain,URD
Mukhtasir zakhamat ke is majmooey ki badaulat Patras ka naam Urdu adab mein hamesha zinda rahega,Mukhtasir,URD
Mukhtasir zakhamat ke is majmooey ki badaulat Patras ka naam Urdu adab mein hamesha zinda rahega,zakhamat,URD
Mukhtasir zakhamat ke is majmooey ki badaulat Patras ka naam Urdu adab mein hamesha zinda rahega,ke,URD
Mukhtasir zakhamat ke is majmooey ki badaulat Patras ka naam Urdu adab mein hamesha zinda rahega,is,ENG
Mukhtasir zakhamat ke is majmooey ki badaulat Patras ka naam Urdu adab mein hamesha zinda rahega,majmooey,URD
Mukhtasir zakhamat ke is majmooey ki badaulat Patras ka naam Urdu adab mein hamesha zinda rahega,ki,URD
Mukhtasir zakhamat ke is majmooey ki badaulat Patras ka naam Urdu adab mein hamesha zinda rahega,badaulat,URD
Mukhtasir zakhamat ke is majmooey ki badaulat Patras ka naam Urdu adab mein hamesha zinda rahega,Patras,URD
Mukhtasir zakhamat ke is majmooey ki badaulat Patras ka naam Urdu adab mein hamesha zinda rahega,ka,URD
Mukhtasir zakhamat ke is majmooey ki badaulat Patras ka naam Urdu adab mein hamesha zinda rahega,naam,URD
Mukhtasir zakhamat ke is majmooey ki badaulat Patras ka naam Urdu adab mein hamesha zinda rahega,Urdu,URD
Mukhtasir zakhamat ke is majmooey ki badaulat Patras ka naam Urdu adab mein hamesha zinda rahega,adab,URD
Mukhtasir zakhamat ke is majmooey ki badaulat Patras ka naam Urdu adab mein hamesha zinda rahega,mein,URD
Mukhtasir zakhamat ke is majmooey ki badaulat Patras ka naam Urdu adab mein hamesha zinda rahega,hamesha,URD
Mukhtasir zakhamat ke is majmooey ki badaulat Patras ka naam Urdu adab mein hamesha zinda rahega,zinda,URD
Mukhtasir zakhamat ke is majmooey ki badaulat Patras ka naam Urdu adab mein hamesha zinda rahega,rahega,URD
I just love it plz koi zindagi Gulzar he ki series k CD muje send kardo I'm just crazy for zaroon nd kasaf,I,URD
I just love it plz koi zindagi Gulzar he ki series k CD muje send kardo I'm just crazy for zaroon nd kasaf,just,URD
I just love it plz koi zindagi Gulzar he ki series k CD muje send kardo I'm just crazy for zaroon nd kasaf,love,ENG
I just love it plz koi zindagi Gulzar he ki series k CD muje send kardo I'm just crazy for zaroon nd kasaf,it,URD
I just love it plz koi zindagi Gulzar he ki series k CD muje send kardo I'm just crazy for zaroon nd kasaf,plz,URD
I just love it plz koi zindagi Gulzar he ki series k CD muje send kardo I'm just crazy for zaroon nd kasaf,koi,URD
I just love it plz koi zindagi Gulzar he ki series k CD muje send kardo I'm just crazy for zaroon nd kasaf,zindagi,URD
I just love it plz koi zindagi Gulzar he ki series k CD muje send kardo I'm just crazy for zaroon nd kasaf,Gulzar,URD
I just love it plz koi zindagi Gulzar he ki series k CD muje send kardo I'm just crazy for zaroon nd kasaf,he,URD
I just love it plz koi zindagi Gulzar he ki series k CD muje send kardo I'm just crazy for zaroon nd kasaf,ki,URD
I just love it plz koi zindagi Gulzar he ki series k CD muje send kardo I'm just crazy for zaroon nd kasaf,series,URD
I just love it plz koi zindagi Gulzar he ki series k CD muje send kardo I'm just crazy for zaroon nd kasaf,k,URD
I just love it plz koi zindagi Gulzar he ki series k CD muje send kardo I'm just crazy for zaroon nd kasaf,CD,URD
I just love it plz koi zindagi Gulzar he ki series k CD muje send kardo I'm just crazy for zaroon nd kasaf,muje,URD
I just love it plz koi zindagi Gulzar he ki series k CD muje send kardo I'm just crazy for zaroon nd kasaf,send,URD
I just love it plz koi zindagi Gulzar he ki series k CD muje send kardo I'm just crazy for zaroon nd kasaf,kardo,URD
I just love it plz koi zindagi Gulzar he ki series k CD muje send kardo I'm just crazy for zaroon nd kasaf,I'm,URD
I just love it plz koi zindagi Gulzar he ki series k CD muje send kardo I'm just crazy for zaroon nd kasaf,just,URD
I just love it plz koi zindagi Gulzar he ki series k CD muje send kardo I'm just crazy for zaroon nd kasaf,crazy,URD
I just love it plz koi zindagi Gulzar he ki series k CD muje send kardo I'm just crazy for zaroon nd kasaf,for,URD
I just love it plz koi zindagi Gulzar he ki series k CD muje send kardo I'm just crazy for zaroon nd kasaf,zaroon,URD
I just love it plz koi zindagi Gulzar he ki series k CD muje send kardo I'm just crazy for zaroon nd kasaf,nd,URD
I just love it plz koi zindagi Gulzar he ki series k CD muje send kardo I'm just crazy for zaroon nd kasaf,kasaf,URD
Jis ke mujahideen Pakistan ke ilawa India mein bhi barhi tadad mein maujood the,Jis,URD
Jis ke mujahideen Pakistan ke ilawa India mein bhi barhi tadad mein maujood the,ke,URD
Jis ke mujahideen Pakistan ke ilawa India mein bhi barhi tadad mein maujood the,mujahideen,URD
Jis ke mujahideen Pakistan ke ilawa India mein bhi barhi tadad mein maujood the,Pakistan,URD
Jis ke mujahideen Pakistan ke ilawa India mein bhi barhi tadad mein maujood the,ke,URD
Jis ke mujahideen Pakistan ke ilawa India mein bhi barhi tadad mein maujood the,ilawa,URD
Jis ke mujahideen Pakistan ke ilawa India mein bhi barhi tadad mein maujood the,India,URD
Jis ke mujahideen Pakistan ke ilawa India mein bhi barhi tadad mein maujood the,mein,URD
Jis ke mujahideen Pakistan ke ilawa India mein bhi barhi tadad mein maujood the,bhi,URD
Jis ke mujahideen Pakistan ke ilawa India mein bhi barhi tadad mein maujood the,barhi,URD
Jis ke mujahideen Pakistan ke ilawa India mein bhi barhi tadad mein maujood the,tadad,URD
Jis ke mujahideen Pakistan ke ilawa India mein bhi barhi tadad mein maujood the,mein,URD
Jis ke mujahideen Pakistan ke ilawa India mein bhi barhi tadad mein maujood the,maujood,URD
Jis ke mujahideen Pakistan ke ilawa India mein bhi barhi tadad mein maujood the,the,ENG
Why so jazbati panjabiyon?  ye tw hamara falsafa tha,Why,URD
Why so jazbati panjabiyon?  ye tw hamara falsafa tha,so,ENG
Why so jazbati panjabiyon?  ye tw hamara falsafa tha,jazbati,URD
Why so jazbati panjabiyon?  ye tw hamara falsafa tha,panjabiyon?,URD
Why so jazbati panjabiyon?  ye tw hamara falsafa tha,ye,URD
Why so jazbati panjabiyon?  ye tw hamara falsafa tha,tw,URD
Why so jazbati panjabiyon?  ye tw hamara falsafa tha,hamara,URD
Why so jazbati panjabiyon?  ye tw hamara falsafa tha,falsafa,URD
Why so jazbati panjabiyon?  ye tw hamara falsafa tha,tha,URD
Intikhab Alam ke baqol baz khilari sochte the ke agar mein beron e mulk series jeet gaya to najane kia ban jaon ga,Intikhab,URD
Intikhab Alam ke baqol baz khilari sochte the ke agar mein beron e mulk series jeet gaya to najane kia ban jaon ga,Alam,URD
Intikhab Alam ke baqol baz khilari sochte the ke agar mein beron e mulk series jeet gaya to najane kia ban jaon ga,ke,URD
Intikhab Alam ke baqol baz khilari sochte the ke agar mein beron e mulk series jeet gaya to najane kia ban jaon ga,baqol,URD
Intikhab Alam ke baqol baz khilari sochte the ke agar mein beron e mulk series jeet gaya to najane kia ban jaon ga,baz,URD
Intikhab Alam ke baqol baz khilari sochte the ke agar mein beron e mulk series jeet gaya to najane kia ban jaon ga,khilari,URD
Intikhab Alam ke baqol baz khilari sochte the ke agar mein beron e mulk series jeet gaya to najane kia ban jaon ga,sochte,URD
Intikhab Alam ke baqol baz khilari sochte the ke agar mein beron e mulk series jeet gaya to najane kia ban jaon ga,the,ENG
Intikhab Alam ke baqol baz khilari sochte the ke agar mein beron e mulk series jeet gaya to najane kia ban jaon ga,ke,URD
Intikhab Alam ke baqol baz khilari sochte the ke agar mein beron e mulk series jeet gaya to najane kia ban jaon ga,agar,URD
Intikhab Alam ke baqol baz khilari sochte the ke agar mein beron e mulk series jeet gaya to najane kia ban jaon ga,mein,URD
Intikhab Alam ke baqol baz khilari sochte the ke agar mein beron e mulk series jeet gaya to najane kia ban jaon ga,beron,URD
Intikhab Alam ke baqol baz khilari sochte the ke agar mein beron e mulk series jeet gaya to najane kia ban jaon ga,e,URD
Intikhab Alam ke baqol baz khilari sochte the ke agar mein beron e mulk series jeet gaya to najane kia ban jaon ga,mulk,URD
Intikhab Alam ke baqol baz khilari sochte the ke agar mein beron e mulk series jeet gaya to najane kia ban jaon ga,series,URD
Intikhab Alam ke baqol baz khilari sochte the ke agar mein beron e mulk series jeet gaya to najane kia ban jaon ga,jeet,URD
Intikhab Alam ke baqol baz khilari sochte the ke agar mein beron e mulk series jeet gaya to najane kia ban jaon ga,gaya,URD
Intikhab Alam ke baqol baz khilari sochte the ke agar mein beron e mulk series jeet gaya to najane kia ban jaon ga,to,URD
Intikhab Alam ke baqol baz khilari sochte the ke agar mein beron e mulk series jeet gaya to najane kia ban jaon ga,najane,URD
Intikhab Alam ke baqol baz khilari sochte the ke agar mein beron e mulk series jeet gaya to najane kia ban jaon ga,kia,URD
Intikhab Alam ke baqol baz khilari sochte the ke agar mein beron e mulk series jeet gaya to najane kia ban jaon ga,ban,URD
Intikhab Alam ke baqol baz khilari sochte the ke agar mein beron e mulk series jeet gaya to najane kia ban jaon ga,jaon,URD
Intikhab Alam ke baqol baz khilari sochte the ke agar mein beron e mulk series jeet gaya to najane kia ban jaon ga,ga,URD
Chon ke is ijlaas mein Hindustan bhar ke aeham muslim league ke rehnumao ne shirkat kit hi,Chon,URD
Chon ke is ijlaas mein Hindustan bhar ke aeham muslim league ke rehnumao ne shirkat kit hi,ke,URD
Chon ke is ijlaas mein Hindustan bhar ke aeham muslim league ke rehnumao ne shirkat kit hi,is,ENG
Chon ke is ijlaas mein Hindustan bhar ke aeham muslim league ke rehnumao ne shirkat kit hi,ijlaas,URD
Chon ke is ijlaas mein Hindustan bhar ke aeham muslim league ke rehnumao ne shirkat kit hi,mein,URD
Chon ke is ijlaas mein Hindustan bhar ke aeham muslim league ke rehnumao ne shirkat kit hi,Hindustan,URD
Chon ke is ijlaas mein Hindustan bhar ke aeham muslim league ke rehnumao ne shirkat kit hi,bhar,URD
Chon ke is ijlaas mein Hindustan bhar ke aeham muslim league ke rehnumao ne shirkat kit hi,ke,URD
Chon ke is ijlaas mein Hindustan bhar ke aeham muslim league ke rehnumao ne shirkat kit hi,aeham,URD
Chon ke is ijlaas mein Hindustan bhar ke aeham muslim league ke rehnumao ne shirkat kit hi,muslim,URD
Chon ke is ijlaas mein Hindustan bhar ke aeham muslim league ke rehnumao ne shirkat kit hi,league,URD
Chon ke is ijlaas mein Hindustan bhar ke aeham muslim league ke rehnumao ne shirkat kit hi,ke,URD
Chon ke is ijlaas mein Hindustan bhar ke aeham muslim league ke rehnumao ne shirkat kit hi,rehnumao,URD
Chon ke is ijlaas mein Hindustan bhar ke aeham muslim league ke rehnumao ne shirkat kit hi,ne,URD
Chon ke is ijlaas mein Hindustan bhar ke aeham muslim league ke rehnumao ne shirkat kit hi,shirkat,URD
Chon ke is ijlaas mein Hindustan bhar ke aeham muslim league ke rehnumao ne shirkat kit hi,kit,URD
Chon ke is ijlaas mein Hindustan bhar ke aeham muslim league ke rehnumao ne shirkat kit hi,hi,URD
aaj ke bad main apne garden se peach ke sary Trees ko aag laga donga﻿,aaj,URD
aaj ke bad main apne garden se peach ke sary Trees ko aag laga donga﻿,ke,URD
aaj ke bad main apne garden se peach ke sary Trees ko aag laga donga﻿,bad,ENG
aaj ke bad main apne garden se peach ke sary Trees ko aag laga donga﻿,main,URD
aaj ke bad main apne garden se peach ke sary Trees ko aag laga donga﻿,apne,URD
aaj ke bad main apne garden se peach ke sary Trees ko aag laga donga﻿,garden,URD
aaj ke bad main apne garden se peach ke sary Trees ko aag laga donga﻿,se,URD
aaj ke bad main apne garden se peach ke sary Trees ko aag laga donga﻿,peach,URD
aaj ke bad main apne garden se peach ke sary Trees ko aag laga donga﻿,ke,URD
aaj ke bad main apne garden se peach ke sary Trees ko aag laga donga﻿,sary,URD
aaj ke bad main apne garden se peach ke sary Trees ko aag laga donga﻿,Trees,URD
aaj ke bad main apne garden se peach ke sary Trees ko aag laga donga﻿,ko,URD
aaj ke bad main apne garden se peach ke sary Trees ko aag laga donga﻿,aag,URD
aaj ke bad main apne garden se peach ke sary Trees ko aag laga donga﻿,laga,URD
aaj ke bad main apne garden se peach ke sary Trees ko aag laga donga﻿,donga﻿,URD
Jis ka faida qaumi team ko pohanchta hai,Jis,URD
Jis ka faida qaumi team ko pohanchta hai,ka,URD
Jis ka faida qaumi team ko pohanchta hai,faida,URD
Jis ka faida qaumi team ko pohanchta hai,qaumi,URD
Jis ka faida qaumi team ko pohanchta hai,team,ENG
Jis ka faida qaumi team ko pohanchta hai,ko,URD
Jis ka faida qaumi team ko pohanchta hai,pohanchta,URD
Jis ka faida qaumi team ko pohanchta hai,hai,URD
mujhe acno wala mila free gift mujhe oil control wala chaeay tha,mujhe,URD
mujhe acno wala mila free gift mujhe oil control wala chaeay tha,acno,URD
mujhe acno wala mila free gift mujhe oil control wala chaeay tha,wala,URD
mujhe acno wala mila free gift mujhe oil control wala chaeay tha,mila,URD
mujhe acno wala mila free gift mujhe oil control wala chaeay tha,free,ENG
mujhe acno wala mila free gift mujhe oil control wala chaeay tha,gift,URD
mujhe acno wala mila free gift mujhe oil control wala chaeay tha,mujhe,URD
mujhe acno wala mila free gift mujhe oil control wala chaeay tha,oil,URD
mujhe acno wala mila free gift mujhe oil control wala chaeay tha,control,URD
mujhe acno wala mila free gift mujhe oil control wala chaeay tha,wala,URD
mujhe acno wala mila free gift mujhe oil control wala chaeay tha,chaeay,URD
mujhe acno wala mila free gift mujhe oil control wala chaeay tha,tha,URD
ye fake ho gi. itni sakhet security hoti hay wahan ki koi kuch nahain ker sakta hay. werna foran pakra jata hay,ye,URD
ye fake ho gi. itni sakhet security hoti hay wahan ki koi kuch nahain ker sakta hay. werna foran pakra jata hay,fake,ENG
ye fake ho gi. itni sakhet security hoti hay wahan ki koi kuch nahain ker sakta hay. werna foran pakra jata hay,ho,URD
ye fake ho gi. itni sakhet security hoti hay wahan ki koi kuch nahain ker sakta hay. werna foran pakra jata hay,gi.,URD
ye fake ho gi. itni sakhet security hoti hay wahan ki koi kuch nahain ker sakta hay. werna foran pakra jata hay,itni,URD
ye fake ho gi. itni sakhet security hoti hay wahan ki koi kuch nahain ker sakta hay. werna foran pakra jata hay,sakhet,URD
ye fake ho gi. itni sakhet security hoti hay wahan ki koi kuch nahain ker sakta hay. werna foran pakra jata hay,security,URD
ye fake ho gi. itni sakhet security hoti hay wahan ki koi kuch nahain ker sakta hay. werna foran pakra jata hay,hoti,URD
ye fake ho gi. itni sakhet security hoti hay wahan ki koi kuch nahain ker sakta hay. werna foran pakra jata hay,hay,URD
ye fake ho gi. itni sakhet security hoti hay wahan ki koi kuch nahain ker sakta hay. werna foran pakra jata hay,wahan,URD
ye fake ho gi. itni sakhet security hoti hay wahan ki koi kuch nahain ker sakta hay. werna foran pakra jata hay,ki,URD
ye fake ho gi. itni sakhet security hoti hay wahan ki koi kuch nahain ker sakta hay. werna foran pakra jata hay,koi,URD
ye fake ho gi. itni sakhet security hoti hay wahan ki koi kuch nahain ker sakta hay. werna foran pakra jata hay,kuch,URD
ye fake ho gi. itni sakhet security hoti hay wahan ki koi kuch nahain ker sakta hay. werna foran pakra jata hay,nahain,URD
ye fake ho gi. itni sakhet security hoti hay wahan ki koi kuch nahain ker sakta hay. werna foran pakra jata hay,ker,URD
ye fake ho gi. itni sakhet security hoti hay wahan ki koi kuch nahain ker sakta hay. werna foran pakra jata hay,sakta,URD
ye fake ho gi. itni sakhet security hoti hay wahan ki koi kuch nahain ker sakta hay. werna foran pakra jata hay,hay.,URD
ye fake ho gi. itni sakhet security hoti hay wahan ki koi kuch nahain ker sakta hay. werna foran pakra jata hay,werna,URD
ye fake ho gi. itni sakhet security hoti hay wahan ki koi kuch nahain ker sakta hay. werna foran pakra jata hay,foran,URD
ye fake ho gi. itni sakhet security hoti hay wahan ki koi kuch nahain ker sakta hay. werna foran pakra jata hay,pakra,URD
ye fake ho gi. itni sakhet security hoti hay wahan ki koi kuch nahain ker sakta hay. werna foran pakra jata hay,jata,URD
ye fake ho gi. itni sakhet security hoti hay wahan ki koi kuch nahain ker sakta hay. werna foran pakra jata hay,hay,URD
To bhai na 74 pr esa ku nahi hwa genral noor hussain best cendidate thy phr kya hwa,To,URD
To bhai na 74 pr esa ku nahi hwa genral noor hussain best cendidate thy phr kya hwa,bhai,URD
To bhai na 74 pr esa ku nahi hwa genral noor hussain best cendidate thy phr kya hwa,na,URD
To bhai na 74 pr esa ku nahi hwa genral noor hussain best cendidate thy phr kya hwa,74,URD
To bhai na 74 pr esa ku nahi hwa genral noor hussain best cendidate thy phr kya hwa,pr,URD
To bhai na 74 pr esa ku nahi hwa genral noor hussain best cendidate thy phr kya hwa,esa,URD
To bhai na 74 pr esa ku nahi hwa genral noor hussain best cendidate thy phr kya hwa,ku,URD
To bhai na 74 pr esa ku nahi hwa genral noor hussain best cendidate thy phr kya hwa,nahi,URD
To bhai na 74 pr esa ku nahi hwa genral noor hussain best cendidate thy phr kya hwa,hwa,URD
To bhai na 74 pr esa ku nahi hwa genral noor hussain best cendidate thy phr kya hwa,genral,URD
To bhai na 74 pr esa ku nahi hwa genral noor hussain best cendidate thy phr kya hwa,noor,URD
To bhai na 74 pr esa ku nahi hwa genral noor hussain best cendidate thy phr kya hwa,hussain,URD
To bhai na 74 pr esa ku nahi hwa genral noor hussain best cendidate thy phr kya hwa,best,ENG
To bhai na 74 pr esa ku nahi hwa genral noor hussain best cendidate thy phr kya hwa,cendidate,URD
To bhai na 74 pr esa ku nahi hwa genral noor hussain best cendidate thy phr kya hwa,thy,URD
To bhai na 74 pr esa ku nahi hwa genral noor hussain best cendidate thy phr kya hwa,phr,URD
To bhai na 74 pr esa ku nahi hwa genral noor hussain best cendidate thy phr kya hwa,kya,URD
To bhai na 74 pr esa ku nahi hwa genral noor hussain best cendidate thy phr kya hwa,hwa,URD
Spray to acha hai but saari bottles half se bhi kam hain,Spray,URD
Spray to acha hai but saari bottles half se bhi kam hain,to,URD
Spray to acha hai but saari bottles half se bhi kam hain,acha,URD
Spray to acha hai but saari bottles half se bhi kam hain,hai,URD
Spray to acha hai but saari bottles half se bhi kam hain,but,ENG
Spray to acha hai but saari bottles half se bhi kam hain,saari,URD
Spray to acha hai but saari bottles half se bhi kam hain,bottles,URD
Spray to acha hai but saari bottles half se bhi kam hain,half,URD
Spray to acha hai but saari bottles half se bhi kam hain,se,URD
Spray to acha hai but saari bottles half se bhi kam hain,bhi,URD
Spray to acha hai but saari bottles half se bhi kam hain,kam,URD
Spray to acha hai but saari bottles half se bhi kam hain,hain,URD
Ab puri awaam teri jaisi hai.350 dam ki hoax phela kar khush horahi hai.Sach pata ho to nahi milenge vote,Ab,URD
Ab puri awaam teri jaisi hai.350 dam ki hoax phela kar khush horahi hai.Sach pata ho to nahi milenge vote,puri,URD
Ab puri awaam teri jaisi hai.350 dam ki hoax phela kar khush horahi hai.Sach pata ho to nahi milenge vote,awaam,URD
Ab puri awaam teri jaisi hai.350 dam ki hoax phela kar khush horahi hai.Sach pata ho to nahi milenge vote,teri,URD
Ab puri awaam teri jaisi hai.350 dam ki hoax phela kar khush horahi hai.Sach pata ho to nahi milenge vote,jaisi,URD
Ab puri awaam teri jaisi hai.350 dam ki hoax phela kar khush horahi hai.Sach pata ho to nahi milenge vote,hai.350,URD
Ab puri awaam teri jaisi hai.350 dam ki hoax phela kar khush horahi hai.Sach pata ho to nahi milenge vote,dam,URD
Ab puri awaam teri jaisi hai.350 dam ki hoax phela kar khush horahi hai.Sach pata ho to nahi milenge vote,ki,URD
Ab puri awaam teri jaisi hai.350 dam ki hoax phela kar khush horahi hai.Sach pata ho to nahi milenge vote,hoax,URD
Ab puri awaam teri jaisi hai.350 dam ki hoax phela kar khush horahi hai.Sach pata ho to nahi milenge vote,phela,URD
Ab puri awaam teri jaisi hai.350 dam ki hoax phela kar khush horahi hai.Sach pata ho to nahi milenge vote,kar,URD
Ab puri awaam teri jaisi hai.350 dam ki hoax phela kar khush horahi hai.Sach pata ho to nahi milenge vote,khush,URD
Ab puri awaam teri jaisi hai.350 dam ki hoax phela kar khush horahi hai.Sach pata ho to nahi milenge vote,horahi,URD
Ab puri awaam teri jaisi hai.350 dam ki hoax phela kar khush horahi hai.Sach pata ho to nahi milenge vote,hai.Sach,URD
Ab puri awaam teri jaisi hai.350 dam ki hoax phela kar khush horahi hai.Sach pata ho to nahi milenge vote,pata,URD
Ab puri awaam teri jaisi hai.350 dam ki hoax phela kar khush horahi hai.Sach pata ho to nahi milenge vote,ho,URD
Ab puri awaam teri jaisi hai.350 dam ki hoax phela kar khush horahi hai.Sach pata ho to nahi milenge vote,to,URD
Ab puri awaam teri jaisi hai.350 dam ki hoax phela kar khush horahi hai.Sach pata ho to nahi milenge vote,nahi,URD
Ab puri awaam teri jaisi hai.350 dam ki hoax phela kar khush horahi hai.Sach pata ho to nahi milenge vote,milenge,URD
Ab puri awaam teri jaisi hai.350 dam ki hoax phela kar khush horahi hai.Sach pata ho to nahi milenge vote,vote,ENG
Tum logo ki itni oqat b ni thi afsosatleast we have a chance but you  lahori khotyy,Tum,URD
Tum logo ki itni oqat b ni thi afsosatleast we have a chance but you  lahori khotyy,logo,URD
Tum logo ki itni oqat b ni thi afsosatleast we have a chance but you  lahori khotyy,ki,URD
Tum logo ki itni oqat b ni thi afsosatleast we have a chance but you  lahori khotyy,itni,URD
Tum logo ki itni oqat b ni thi afsosatleast we have a chance but you  lahori khotyy,oqat,URD
Tum logo ki itni oqat b ni thi afsosatleast we have a chance but you  lahori khotyy,b,URD
Tum logo ki itni oqat b ni thi afsosatleast we have a chance but you  lahori khotyy,ni,URD
Tum logo ki itni oqat b ni thi afsosatleast we have a chance but you  lahori khotyy,thi,URD
Tum logo ki itni oqat b ni thi afsosatleast we have a chance but you  lahori khotyy,afsosatleast,URD
Tum logo ki itni oqat b ni thi afsosatleast we have a chance but you  lahori khotyy,we,URD
Tum logo ki itni oqat b ni thi afsosatleast we have a chance but you  lahori khotyy,have,URD
Tum logo ki itni oqat b ni thi afsosatleast we have a chance but you  lahori khotyy,a,URD
Tum logo ki itni oqat b ni thi afsosatleast we have a chance but you  lahori khotyy,chance,URD
Tum logo ki itni oqat b ni thi afsosatleast we have a chance but you  lahori khotyy,but,ENG
Tum logo ki itni oqat b ni thi afsosatleast we have a chance but you  lahori khotyy,you,ENG
Tum logo ki itni oqat b ni thi afsosatleast we have a chance but you  lahori khotyy,lahori,URD
Tum logo ki itni oqat b ni thi afsosatleast we have a chance but you  lahori khotyy,khotyy,URD
UC 33 Azizabad Se Pervez Musharraf k Himayat Yafta Umeedwar Sab Say Pehle Pakistan Penal Vote 4 Pressure Cooker,UC,URD
UC 33 Azizabad Se Pervez Musharraf k Himayat Yafta Umeedwar Sab Say Pehle Pakistan Penal Vote 4 Pressure Cooker,33,URD
UC 33 Azizabad Se Pervez Musharraf k Himayat Yafta Umeedwar Sab Say Pehle Pakistan Penal Vote 4 Pressure Cooker,Azizabad,URD
UC 33 Azizabad Se Pervez Musharraf k Himayat Yafta Umeedwar Sab Say Pehle Pakistan Penal Vote 4 Pressure Cooker,Se,URD
UC 33 Azizabad Se Pervez Musharraf k Himayat Yafta Umeedwar Sab Say Pehle Pakistan Penal Vote 4 Pressure Cooker,Pervez,URD
UC 33 Azizabad Se Pervez Musharraf k Himayat Yafta Umeedwar Sab Say Pehle Pakistan Penal Vote 4 Pressure Cooker,Musharraf,URD
UC 33 Azizabad Se Pervez Musharraf k Himayat Yafta Umeedwar Sab Say Pehle Pakistan Penal Vote 4 Pressure Cooker,k,URD
UC 33 Azizabad Se Pervez Musharraf k Himayat Yafta Umeedwar Sab Say Pehle Pakistan Penal Vote 4 Pressure Cooker,Himayat,URD
UC 33 Azizabad Se Pervez Musharraf k Himayat Yafta Umeedwar Sab Say Pehle Pakistan Penal Vote 4 Pressure Cooker,Yafta,URD
UC 33 Azizabad Se Pervez Musharraf k Himayat Yafta Umeedwar Sab Say Pehle Pakistan Penal Vote 4 Pressure Cooker,Umeedwar,URD
UC 33 Azizabad Se Pervez Musharraf k Himayat Yafta Umeedwar Sab Say Pehle Pakistan Penal Vote 4 Pressure Cooker,Sab,URD
UC 33 Azizabad Se Pervez Musharraf k Himayat Yafta Umeedwar Sab Say Pehle Pakistan Penal Vote 4 Pressure Cooker,Say,URD
UC 33 Azizabad Se Pervez Musharraf k Himayat Yafta Umeedwar Sab Say Pehle Pakistan Penal Vote 4 Pressure Cooker,Pehle,URD
UC 33 Azizabad Se Pervez Musharraf k Himayat Yafta Umeedwar Sab Say Pehle Pakistan Penal Vote 4 Pressure Cooker,Pakistan,URD
UC 33 Azizabad Se Pervez Musharraf k Himayat Yafta Umeedwar Sab Say Pehle Pakistan Penal Vote 4 Pressure Cooker,Penal,URD
UC 33 Azizabad Se Pervez Musharraf k Himayat Yafta Umeedwar Sab Say Pehle Pakistan Penal Vote 4 Pressure Cooker,Vote,ENG
UC 33 Azizabad Se Pervez Musharraf k Himayat Yafta Umeedwar Sab Say Pehle Pakistan Penal Vote 4 Pressure Cooker,4,URD
UC 33 Azizabad Se Pervez Musharraf k Himayat Yafta Umeedwar Sab Say Pehle Pakistan Penal Vote 4 Pressure Cooker,Pressure,URD
UC 33 Azizabad Se Pervez Musharraf k Himayat Yafta Umeedwar Sab Say Pehle Pakistan Penal Vote 4 Pressure Cooker,Cooker,URD
Sirf nafrat peda Karna or tankeed Karna hi good Muslim honay Ka sabot hy kya????,Sirf,URD
Sirf nafrat peda Karna or tankeed Karna hi good Muslim honay Ka sabot hy kya????,nafrat,URD
Sirf nafrat peda Karna or tankeed Karna hi good Muslim honay Ka sabot hy kya????,peda,URD
Sirf nafrat peda Karna or tankeed Karna hi good Muslim honay Ka sabot hy kya????,Karna,URD
Sirf nafrat peda Karna or tankeed Karna hi good Muslim honay Ka sabot hy kya????,or,URD
Sirf nafrat peda Karna or tankeed Karna hi good Muslim honay Ka sabot hy kya????,tankeed,URD
Sirf nafrat peda Karna or tankeed Karna hi good Muslim honay Ka sabot hy kya????,Karna,URD
Sirf nafrat peda Karna or tankeed Karna hi good Muslim honay Ka sabot hy kya????,hi,URD
Sirf nafrat peda Karna or tankeed Karna hi good Muslim honay Ka sabot hy kya????,good,ENG
Sirf nafrat peda Karna or tankeed Karna hi good Muslim honay Ka sabot hy kya????,Muslim,URD
Sirf nafrat peda Karna or tankeed Karna hi good Muslim honay Ka sabot hy kya????,honay,URD
Sirf nafrat peda Karna or tankeed Karna hi good Muslim honay Ka sabot hy kya????,Ka,URD
Sirf nafrat peda Karna or tankeed Karna hi good Muslim honay Ka sabot hy kya????,sabot,URD
Sirf nafrat peda Karna or tankeed Karna hi good Muslim honay Ka sabot hy kya????,hy,URD
Sirf nafrat peda Karna or tankeed Karna hi good Muslim honay Ka sabot hy kya????,kya????,URD
09 million dollars ki boli de kar kharidi aur is ka naam Kolkata Knight Riders rakha,09,URD
09 million dollars ki boli de kar kharidi aur is ka naam Kolkata Knight Riders rakha,million,URD
09 million dollars ki boli de kar kharidi aur is ka naam Kolkata Knight Riders rakha,dollars,URD
09 million dollars ki boli de kar kharidi aur is ka naam Kolkata Knight Riders rakha,ki,URD
09 million dollars ki boli de kar kharidi aur is ka naam Kolkata Knight Riders rakha,boli,URD
09 million dollars ki boli de kar kharidi aur is ka naam Kolkata Knight Riders rakha,de,URD
09 million dollars ki boli de kar kharidi aur is ka naam Kolkata Knight Riders rakha,kar,URD
09 million dollars ki boli de kar kharidi aur is ka naam Kolkata Knight Riders rakha,kharidi,URD
09 million dollars ki boli de kar kharidi aur is ka naam Kolkata Knight Riders rakha,aur,URD
09 million dollars ki boli de kar kharidi aur is ka naam Kolkata Knight Riders rakha,is,ENG
09 million dollars ki boli de kar kharidi aur is ka naam Kolkata Knight Riders rakha,ka,URD
09 million dollars ki boli de kar kharidi aur is ka naam Kolkata Knight Riders rakha,naam,URD
09 million dollars ki boli de kar kharidi aur is ka naam Kolkata Knight Riders rakha,Kolkata,URD
09 million dollars ki boli de kar kharidi aur is ka naam Kolkata Knight Riders rakha,Knight,URD
09 million dollars ki boli de kar kharidi aur is ka naam Kolkata Knight Riders rakha,Riders,URD
09 million dollars ki boli de kar kharidi aur is ka naam Kolkata Knight Riders rakha,rakha,URD
jahan squash ke almi number aik aur do khilariyon se muqable ache aur kante ke howae the,jahan,URD
jahan squash ke almi number aik aur do khilariyon se muqable ache aur kante ke howae the,squash,URD
jahan squash ke almi number aik aur do khilariyon se muqable ache aur kante ke howae the,ke,URD
jahan squash ke almi number aik aur do khilariyon se muqable ache aur kante ke howae the,almi,URD
jahan squash ke almi number aik aur do khilariyon se muqable ache aur kante ke howae the,number,URD
jahan squash ke almi number aik aur do khilariyon se muqable ache aur kante ke howae the,aik,URD
jahan squash ke almi number aik aur do khilariyon se muqable ache aur kante ke howae the,aur,URD
jahan squash ke almi number aik aur do khilariyon se muqable ache aur kante ke howae the,do,URD
jahan squash ke almi number aik aur do khilariyon se muqable ache aur kante ke howae the,khilariyon,URD
jahan squash ke almi number aik aur do khilariyon se muqable ache aur kante ke howae the,se,URD
jahan squash ke almi number aik aur do khilariyon se muqable ache aur kante ke howae the,muqable,URD
jahan squash ke almi number aik aur do khilariyon se muqable ache aur kante ke howae the,ache,URD
jahan squash ke almi number aik aur do khilariyon se muqable ache aur kante ke howae the,aur,URD
jahan squash ke almi number aik aur do khilariyon se muqable ache aur kante ke howae the,kante,URD
jahan squash ke almi number aik aur do khilariyon se muqable ache aur kante ke howae the,ke,URD
jahan squash ke almi number aik aur do khilariyon se muqable ache aur kante ke howae the,howae,URD
jahan squash ke almi number aik aur do khilariyon se muqable ache aur kante ke howae the,the,ENG
Insha Allah main bohat jald quomi team ki numaindagi karon gi,Insha,URD
Insha Allah main bohat jald quomi team ki numaindagi karon gi,Allah,URD
Insha Allah main bohat jald quomi team ki numaindagi karon gi,main,URD
Insha Allah main bohat jald quomi team ki numaindagi karon gi,bohat,URD
Insha Allah main bohat jald quomi team ki numaindagi karon gi,jald,URD
Insha Allah main bohat jald quomi team ki numaindagi karon gi,quomi,URD
Insha Allah main bohat jald quomi team ki numaindagi karon gi,team,ENG
Insha Allah main bohat jald quomi team ki numaindagi karon gi,ki,URD
Insha Allah main bohat jald quomi team ki numaindagi karon gi,numaindagi,URD
Insha Allah main bohat jald quomi team ki numaindagi karon gi,karon,URD
Insha Allah main bohat jald quomi team ki numaindagi karon gi,gi,URD
uncle aunty ko mri tarf se thanks bol dyna,uncle,URD
uncle aunty ko mri tarf se thanks bol dyna,aunty,URD
uncle aunty ko mri tarf se thanks bol dyna,ko,URD
uncle aunty ko mri tarf se thanks bol dyna,mri,URD
uncle aunty ko mri tarf se thanks bol dyna,tarf,URD
uncle aunty ko mri tarf se thanks bol dyna,se,URD
uncle aunty ko mri tarf se thanks bol dyna,thanks,ENG
uncle aunty ko mri tarf se thanks bol dyna,bol,URD
uncle aunty ko mri tarf se thanks bol dyna,dyna,URD
Abhi hui nai h but hogi tb bh ni bulaongi,Abhi,URD
Abhi hui nai h but hogi tb bh ni bulaongi,hui,URD
Abhi hui nai h but hogi tb bh ni bulaongi,nai,URD
Abhi hui nai h but hogi tb bh ni bulaongi,h,URD
Abhi hui nai h but hogi tb bh ni bulaongi,but,ENG
Abhi hui nai h but hogi tb bh ni bulaongi,hogi,URD
Abhi hui nai h but hogi tb bh ni bulaongi,tb,URD
Abhi hui nai h but hogi tb bh ni bulaongi,bh,URD
Abhi hui nai h but hogi tb bh ni bulaongi,ni,URD
Abhi hui nai h but hogi tb bh ni bulaongi,bulaongi,URD
Wo bunyadi taur par roshan khayal aur taraqqi pasand danishwar the,Wo,URD
Wo bunyadi taur par roshan khayal aur taraqqi pasand danishwar the,bunyadi,URD
Wo bunyadi taur par roshan khayal aur taraqqi pasand danishwar the,taur,URD
Wo bunyadi taur par roshan khayal aur taraqqi pasand danishwar the,par,URD
Wo bunyadi taur par roshan khayal aur taraqqi pasand danishwar the,roshan,URD
Wo bunyadi taur par roshan khayal aur taraqqi pasand danishwar the,khayal,URD
Wo bunyadi taur par roshan khayal aur taraqqi pasand danishwar the,aur,URD
Wo bunyadi taur par roshan khayal aur taraqqi pasand danishwar the,taraqqi,URD
Wo bunyadi taur par roshan khayal aur taraqqi pasand danishwar the,pasand,URD
Wo bunyadi taur par roshan khayal aur taraqqi pasand danishwar the,danishwar,URD
Wo bunyadi taur par roshan khayal aur taraqqi pasand danishwar the,the,ENG
Duniya mein na Inayat Hussain Bhattihain na Munshi sahib hain magar is kaam ka ajar e azeem aaj bhi un ko mil raha hai,Duniya,URD
Duniya mein na Inayat Hussain Bhattihain na Munshi sahib hain magar is kaam ka ajar e azeem aaj bhi un ko mil raha hai,mein,URD
Duniya mein na Inayat Hussain Bhattihain na Munshi sahib hain magar is kaam ka ajar e azeem aaj bhi un ko mil raha hai,na,URD
Duniya mein na Inayat Hussain Bhattihain na Munshi sahib hain magar is kaam ka ajar e azeem aaj bhi un ko mil raha hai,Inayat,URD
Duniya mein na Inayat Hussain Bhattihain na Munshi sahib hain magar is kaam ka ajar e azeem aaj bhi un ko mil raha hai,Hussain,URD
Duniya mein na Inayat Hussain Bhattihain na Munshi sahib hain magar is kaam ka ajar e azeem aaj bhi un ko mil raha hai,Bhattihain,URD
Duniya mein na Inayat Hussain Bhattihain na Munshi sahib hain magar is kaam ka ajar e azeem aaj bhi un ko mil raha hai,na,URD
Duniya mein na Inayat Hussain Bhattihain na Munshi sahib hain magar is kaam ka ajar e azeem aaj bhi un ko mil raha hai,Munshi,URD
Duniya mein na Inayat Hussain Bhattihain na Munshi sahib hain magar is kaam ka ajar e azeem aaj bhi un ko mil raha hai,sahib,URD
Duniya mein na Inayat Hussain Bhattihain na Munshi sahib hain magar is kaam ka ajar e azeem aaj bhi un ko mil raha hai,hain,URD
Duniya mein na Inayat Hussain Bhattihain na Munshi sahib hain magar is kaam ka ajar e azeem aaj bhi un ko mil raha hai,magar,URD
Duniya mein na Inayat Hussain Bhattihain na Munshi sahib hain magar is kaam ka ajar e azeem aaj bhi un ko mil raha hai,is,ENG
Duniya mein na Inayat Hussain Bhattihain na Munshi sahib hain magar is kaam ka ajar e azeem aaj bhi un ko mil raha hai,kaam,URD
Duniya mein na Inayat Hussain Bhattihain na Munshi sahib hain magar is kaam ka ajar e azeem aaj bhi un ko mil raha hai,ka,URD
Duniya mein na Inayat Hussain Bhattihain na Munshi sahib hain magar is kaam ka ajar e azeem aaj bhi un ko mil raha hai,ajar,URD
Duniya mein na Inayat Hussain Bhattihain na Munshi sahib hain magar is kaam ka ajar e azeem aaj bhi un ko mil raha hai,e,URD
Duniya mein na Inayat Hussain Bhattihain na Munshi sahib hain magar is kaam ka ajar e azeem aaj bhi un ko mil raha hai,azeem,URD
Duniya mein na Inayat Hussain Bhattihain na Munshi sahib hain magar is kaam ka ajar e azeem aaj bhi un ko mil raha hai,aaj,URD
Duniya mein na Inayat Hussain Bhattihain na Munshi sahib hain magar is kaam ka ajar e azeem aaj bhi un ko mil raha hai,bhi,URD
Duniya mein na Inayat Hussain Bhattihain na Munshi sahib hain magar is kaam ka ajar e azeem aaj bhi un ko mil raha hai,un,URD
Duniya mein na Inayat Hussain Bhattihain na Munshi sahib hain magar is kaam ka ajar e azeem aaj bhi un ko mil raha hai,ko,URD
Duniya mein na Inayat Hussain Bhattihain na Munshi sahib hain magar is kaam ka ajar e azeem aaj bhi un ko mil raha hai,mil,URD
Duniya mein na Inayat Hussain Bhattihain na Munshi sahib hain magar is kaam ka ajar e azeem aaj bhi un ko mil raha hai,raha,URD
Duniya mein na Inayat Hussain Bhattihain na Munshi sahib hain magar is kaam ka ajar e azeem aaj bhi un ko mil raha hai,hai,URD
Hope ap ka page dosry pages ke trha ni ho ga,Hope,ENG
Hope ap ka page dosry pages ke trha ni ho ga,ap,URD
Hope ap ka page dosry pages ke trha ni ho ga,ka,URD
Hope ap ka page dosry pages ke trha ni ho ga,page,URD
Hope ap ka page dosry pages ke trha ni ho ga,dosry,URD
Hope ap ka page dosry pages ke trha ni ho ga,pages,URD
Hope ap ka page dosry pages ke trha ni ho ga,ke,URD
Hope ap ka page dosry pages ke trha ni ho ga,trha,URD
Hope ap ka page dosry pages ke trha ni ho ga,ni,URD
Hope ap ka page dosry pages ke trha ni ho ga,ho,URD
Hope ap ka page dosry pages ke trha ni ho ga,ga,URD
Itni corruption ki apke leader ne demmak ki trha khaya humme 10 time k sath!!!!Koi ik waja bta do,Itni,URD
Itni corruption ki apke leader ne demmak ki trha khaya humme 10 time k sath!!!!Koi ik waja bta do,corruption,URD
Itni corruption ki apke leader ne demmak ki trha khaya humme 10 time k sath!!!!Koi ik waja bta do,ki,URD
Itni corruption ki apke leader ne demmak ki trha khaya humme 10 time k sath!!!!Koi ik waja bta do,apke,URD
Itni corruption ki apke leader ne demmak ki trha khaya humme 10 time k sath!!!!Koi ik waja bta do,leader,URD
Itni corruption ki apke leader ne demmak ki trha khaya humme 10 time k sath!!!!Koi ik waja bta do,ne,URD
Itni corruption ki apke leader ne demmak ki trha khaya humme 10 time k sath!!!!Koi ik waja bta do,demmak,URD
Itni corruption ki apke leader ne demmak ki trha khaya humme 10 time k sath!!!!Koi ik waja bta do,ki,URD
Itni corruption ki apke leader ne demmak ki trha khaya humme 10 time k sath!!!!Koi ik waja bta do,trha,URD
Itni corruption ki apke leader ne demmak ki trha khaya humme 10 time k sath!!!!Koi ik waja bta do,khaya,URD
Itni corruption ki apke leader ne demmak ki trha khaya humme 10 time k sath!!!!Koi ik waja bta do,humme,URD
Itni corruption ki apke leader ne demmak ki trha khaya humme 10 time k sath!!!!Koi ik waja bta do,10,URD
Itni corruption ki apke leader ne demmak ki trha khaya humme 10 time k sath!!!!Koi ik waja bta do,time,MIX
Itni corruption ki apke leader ne demmak ki trha khaya humme 10 time k sath!!!!Koi ik waja bta do,k,URD
Itni corruption ki apke leader ne demmak ki trha khaya humme 10 time k sath!!!!Koi ik waja bta do,sath!!!!Koi,URD
Itni corruption ki apke leader ne demmak ki trha khaya humme 10 time k sath!!!!Koi ik waja bta do,ik,URD
Itni corruption ki apke leader ne demmak ki trha khaya humme 10 time k sath!!!!Koi ik waja bta do,waja,URD
Itni corruption ki apke leader ne demmak ki trha khaya humme 10 time k sath!!!!Koi ik waja bta do,bta,URD
Itni corruption ki apke leader ne demmak ki trha khaya humme 10 time k sath!!!!Koi ik waja bta do,do,URD
Tadbar koshish aur mehnat ko faraiz aur wajebat ka darja dete the,Tadbar,URD
Tadbar koshish aur mehnat ko faraiz aur wajebat ka darja dete the,koshish,URD
Tadbar koshish aur mehnat ko faraiz aur wajebat ka darja dete the,aur,URD
Tadbar koshish aur mehnat ko faraiz aur wajebat ka darja dete the,mehnat,URD
Tadbar koshish aur mehnat ko faraiz aur wajebat ka darja dete the,ko,URD
Tadbar koshish aur mehnat ko faraiz aur wajebat ka darja dete the,faraiz,URD
Tadbar koshish aur mehnat ko faraiz aur wajebat ka darja dete the,aur,URD
Tadbar koshish aur mehnat ko faraiz aur wajebat ka darja dete the,wajebat,URD
Tadbar koshish aur mehnat ko faraiz aur wajebat ka darja dete the,ka,URD
Tadbar koshish aur mehnat ko faraiz aur wajebat ka darja dete the,darja,URD
Tadbar koshish aur mehnat ko faraiz aur wajebat ka darja dete the,dete,URD
Tadbar koshish aur mehnat ko faraiz aur wajebat ka darja dete the,the,ENG
is se qabl music director aur gulookar HIMESH RESHAMYA  ke album AP KA SUROOR ka video kiya,is,ENG
is se qabl music director aur gulookar HIMESH RESHAMYA  ke album AP KA SUROOR ka video kiya,se,URD
is se qabl music director aur gulookar HIMESH RESHAMYA  ke album AP KA SUROOR ka video kiya,qabl,URD
is se qabl music director aur gulookar HIMESH RESHAMYA  ke album AP KA SUROOR ka video kiya,music,ENG
is se qabl music director aur gulookar HIMESH RESHAMYA  ke album AP KA SUROOR ka video kiya,director,URD
is se qabl music director aur gulookar HIMESH RESHAMYA  ke album AP KA SUROOR ka video kiya,aur,URD
is se qabl music director aur gulookar HIMESH RESHAMYA  ke album AP KA SUROOR ka video kiya,gulookar,URD
is se qabl music director aur gulookar HIMESH RESHAMYA  ke album AP KA SUROOR ka video kiya,HIMESH,URD
is se qabl music director aur gulookar HIMESH RESHAMYA  ke album AP KA SUROOR ka video kiya,RESHAMYA,URD
is se qabl music director aur gulookar HIMESH RESHAMYA  ke album AP KA SUROOR ka video kiya,ke,URD
is se qabl music director aur gulookar HIMESH RESHAMYA  ke album AP KA SUROOR ka video kiya,album,URD
is se qabl music director aur gulookar HIMESH RESHAMYA  ke album AP KA SUROOR ka video kiya,AP,URD
is se qabl music director aur gulookar HIMESH RESHAMYA  ke album AP KA SUROOR ka video kiya,KA,URD
is se qabl music director aur gulookar HIMESH RESHAMYA  ke album AP KA SUROOR ka video kiya,SUROOR,URD
is se qabl music director aur gulookar HIMESH RESHAMYA  ke album AP KA SUROOR ka video kiya,ka,URD
is se qabl music director aur gulookar HIMESH RESHAMYA  ke album AP KA SUROOR ka video kiya,video,ENG
is se qabl music director aur gulookar HIMESH RESHAMYA  ke album AP KA SUROOR ka video kiya,kiya,URD
2 saal bad team aur board ke ikhtelafaat ke sabab inho ne istefaa de diya aur teesri baar milne wali captainship retirement par khatam hui,2,URD
2 saal bad team aur board ke ikhtelafaat ke sabab inho ne istefaa de diya aur teesri baar milne wali captainship retirement par khatam hui,saal,URD
2 saal bad team aur board ke ikhtelafaat ke sabab inho ne istefaa de diya aur teesri baar milne wali captainship retirement par khatam hui,bad,ENG
2 saal bad team aur board ke ikhtelafaat ke sabab inho ne istefaa de diya aur teesri baar milne wali captainship retirement par khatam hui,team,ENG
2 saal bad team aur board ke ikhtelafaat ke sabab inho ne istefaa de diya aur teesri baar milne wali captainship retirement par khatam hui,aur,URD
2 saal bad team aur board ke ikhtelafaat ke sabab inho ne istefaa de diya aur teesri baar milne wali captainship retirement par khatam hui,board,URD
2 saal bad team aur board ke ikhtelafaat ke sabab inho ne istefaa de diya aur teesri baar milne wali captainship retirement par khatam hui,ke,URD
2 saal bad team aur board ke ikhtelafaat ke sabab inho ne istefaa de diya aur teesri baar milne wali captainship retirement par khatam hui,ikhtelafaat,URD
2 saal bad team aur board ke ikhtelafaat ke sabab inho ne istefaa de diya aur teesri baar milne wali captainship retirement par khatam hui,ke,URD
2 saal bad team aur board ke ikhtelafaat ke sabab inho ne istefaa de diya aur teesri baar milne wali captainship retirement par khatam hui,sabab,URD
2 saal bad team aur board ke ikhtelafaat ke sabab inho ne istefaa de diya aur teesri baar milne wali captainship retirement par khatam hui,inho,URD
2 saal bad team aur board ke ikhtelafaat ke sabab inho ne istefaa de diya aur teesri baar milne wali captainship retirement par khatam hui,ne,URD
2 saal bad team aur board ke ikhtelafaat ke sabab inho ne istefaa de diya aur teesri baar milne wali captainship retirement par khatam hui,istefaa,URD
2 saal bad team aur board ke ikhtelafaat ke sabab inho ne istefaa de diya aur teesri baar milne wali captainship retirement par khatam hui,de,URD
2 saal bad team aur board ke ikhtelafaat ke sabab inho ne istefaa de diya aur teesri baar milne wali captainship retirement par khatam hui,diya,URD
2 saal bad team aur board ke ikhtelafaat ke sabab inho ne istefaa de diya aur teesri baar milne wali captainship retirement par khatam hui,aur,URD
2 saal bad team aur board ke ikhtelafaat ke sabab inho ne istefaa de diya aur teesri baar milne wali captainship retirement par khatam hui,teesri,URD
2 saal bad team aur board ke ikhtelafaat ke sabab inho ne istefaa de diya aur teesri baar milne wali captainship retirement par khatam hui,baar,URD
2 saal bad team aur board ke ikhtelafaat ke sabab inho ne istefaa de diya aur teesri baar milne wali captainship retirement par khatam hui,milne,URD
2 saal bad team aur board ke ikhtelafaat ke sabab inho ne istefaa de diya aur teesri baar milne wali captainship retirement par khatam hui,wali,URD
2 saal bad team aur board ke ikhtelafaat ke sabab inho ne istefaa de diya aur teesri baar milne wali captainship retirement par khatam hui,captainship,URD
2 saal bad team aur board ke ikhtelafaat ke sabab inho ne istefaa de diya aur teesri baar milne wali captainship retirement par khatam hui,retirement,URD
2 saal bad team aur board ke ikhtelafaat ke sabab inho ne istefaa de diya aur teesri baar milne wali captainship retirement par khatam hui,par,URD
2 saal bad team aur board ke ikhtelafaat ke sabab inho ne istefaa de diya aur teesri baar milne wali captainship retirement par khatam hui,khatam,URD
2 saal bad team aur board ke ikhtelafaat ke sabab inho ne istefaa de diya aur teesri baar milne wali captainship retirement par khatam hui,hui,URD
"What you don't know, who is Meghan ya Meghan waqai siraiki hai ya nahi?",What,URD
"What you don't know, who is Meghan ya Meghan waqai siraiki hai ya nahi?",you,ENG
"What you don't know, who is Meghan ya Meghan waqai siraiki hai ya nahi?",don't,URD
"What you don't know, who is Meghan ya Meghan waqai siraiki hai ya nahi?","know,",URD
"What you don't know, who is Meghan ya Meghan waqai siraiki hai ya nahi?",who,URD
"What you don't know, who is Meghan ya Meghan waqai siraiki hai ya nahi?",is,ENG
"What you don't know, who is Meghan ya Meghan waqai siraiki hai ya nahi?",Meghan,URD
"What you don't know, who is Meghan ya Meghan waqai siraiki hai ya nahi?",ya,URD
"What you don't know, who is Meghan ya Meghan waqai siraiki hai ya nahi?",Meghan,URD
"What you don't know, who is Meghan ya Meghan waqai siraiki hai ya nahi?",waqai,URD
"What you don't know, who is Meghan ya Meghan waqai siraiki hai ya nahi?",siraiki,URD
"What you don't know, who is Meghan ya Meghan waqai siraiki hai ya nahi?",hai,URD
"What you don't know, who is Meghan ya Meghan waqai siraiki hai ya nahi?",ya,URD
"What you don't know, who is Meghan ya Meghan waqai siraiki hai ya nahi?",nahi?,URD
"All her children need is "" itni achi shaarkain ""No educationNo healthNo justiceBass achi achi sharkain de do",All,URD
"All her children need is "" itni achi shaarkain ""No educationNo healthNo justiceBass achi achi sharkain de do",her,URD
"All her children need is "" itni achi shaarkain ""No educationNo healthNo justiceBass achi achi sharkain de do",children,URD
"All her children need is "" itni achi shaarkain ""No educationNo healthNo justiceBass achi achi sharkain de do",need,URD
"All her children need is "" itni achi shaarkain ""No educationNo healthNo justiceBass achi achi sharkain de do",is,ENG
"All her children need is "" itni achi shaarkain ""No educationNo healthNo justiceBass achi achi sharkain de do","""",URD
"All her children need is "" itni achi shaarkain ""No educationNo healthNo justiceBass achi achi sharkain de do",itni,URD
"All her children need is "" itni achi shaarkain ""No educationNo healthNo justiceBass achi achi sharkain de do",achi,URD
"All her children need is "" itni achi shaarkain ""No educationNo healthNo justiceBass achi achi sharkain de do",shaarkain,URD
"All her children need is "" itni achi shaarkain ""No educationNo healthNo justiceBass achi achi sharkain de do","""No",URD
"All her children need is "" itni achi shaarkain ""No educationNo healthNo justiceBass achi achi sharkain de do",educationNo,URD
"All her children need is "" itni achi shaarkain ""No educationNo healthNo justiceBass achi achi sharkain de do",healthNo,URD
"All her children need is "" itni achi shaarkain ""No educationNo healthNo justiceBass achi achi sharkain de do",justiceBass,URD
"All her children need is "" itni achi shaarkain ""No educationNo healthNo justiceBass achi achi sharkain de do",achi,URD
"All her children need is "" itni achi shaarkain ""No educationNo healthNo justiceBass achi achi sharkain de do",achi,URD
"All her children need is "" itni achi shaarkain ""No educationNo healthNo justiceBass achi achi sharkain de do",sharkain,URD
"All her children need is "" itni achi shaarkain ""No educationNo healthNo justiceBass achi achi sharkain de do",de,URD
"All her children need is "" itni achi shaarkain ""No educationNo healthNo justiceBass achi achi sharkain de do",do,URD
1968 mein jab woh Heli College Punjab University Lahore ke student union ke muntakhib sadar the,1968,URD
1968 mein jab woh Heli College Punjab University Lahore ke student union ke muntakhib sadar the,mein,URD
1968 mein jab woh Heli College Punjab University Lahore ke student union ke muntakhib sadar the,jab,URD
1968 mein jab woh Heli College Punjab University Lahore ke student union ke muntakhib sadar the,woh,URD
1968 mein jab woh Heli College Punjab University Lahore ke student union ke muntakhib sadar the,Heli,URD
1968 mein jab woh Heli College Punjab University Lahore ke student union ke muntakhib sadar the,College,URD
1968 mein jab woh Heli College Punjab University Lahore ke student union ke muntakhib sadar the,Punjab,URD
1968 mein jab woh Heli College Punjab University Lahore ke student union ke muntakhib sadar the,University,URD
1968 mein jab woh Heli College Punjab University Lahore ke student union ke muntakhib sadar the,Lahore,URD
1968 mein jab woh Heli College Punjab University Lahore ke student union ke muntakhib sadar the,ke,URD
1968 mein jab woh Heli College Punjab University Lahore ke student union ke muntakhib sadar the,student,URD
1968 mein jab woh Heli College Punjab University Lahore ke student union ke muntakhib sadar the,union,URD
1968 mein jab woh Heli College Punjab University Lahore ke student union ke muntakhib sadar the,ke,URD
1968 mein jab woh Heli College Punjab University Lahore ke student union ke muntakhib sadar the,muntakhib,URD
1968 mein jab woh Heli College Punjab University Lahore ke student union ke muntakhib sadar the,sadar,URD
1968 mein jab woh Heli College Punjab University Lahore ke student union ke muntakhib sadar the,the,ENG
Jis ke bad Steven Seagal ne martial art ki qisam Aikido ki baqaida taleem lena shuru kar di,Jis,URD
Jis ke bad Steven Seagal ne martial art ki qisam Aikido ki baqaida taleem lena shuru kar di,ke,URD
Jis ke bad Steven Seagal ne martial art ki qisam Aikido ki baqaida taleem lena shuru kar di,bad,ENG
Jis ke bad Steven Seagal ne martial art ki qisam Aikido ki baqaida taleem lena shuru kar di,Steven,URD
Jis ke bad Steven Seagal ne martial art ki qisam Aikido ki baqaida taleem lena shuru kar di,Seagal,URD
Jis ke bad Steven Seagal ne martial art ki qisam Aikido ki baqaida taleem lena shuru kar di,ne,URD
Jis ke bad Steven Seagal ne martial art ki qisam Aikido ki baqaida taleem lena shuru kar di,martial,URD
Jis ke bad Steven Seagal ne martial art ki qisam Aikido ki baqaida taleem lena shuru kar di,art,URD
Jis ke bad Steven Seagal ne martial art ki qisam Aikido ki baqaida taleem lena shuru kar di,ki,URD
Jis ke bad Steven Seagal ne martial art ki qisam Aikido ki baqaida taleem lena shuru kar di,qisam,URD
Jis ke bad Steven Seagal ne martial art ki qisam Aikido ki baqaida taleem lena shuru kar di,Aikido,URD
Jis ke bad Steven Seagal ne martial art ki qisam Aikido ki baqaida taleem lena shuru kar di,ki,URD
Jis ke bad Steven Seagal ne martial art ki qisam Aikido ki baqaida taleem lena shuru kar di,baqaida,URD
Jis ke bad Steven Seagal ne martial art ki qisam Aikido ki baqaida taleem lena shuru kar di,taleem,URD
Jis ke bad Steven Seagal ne martial art ki qisam Aikido ki baqaida taleem lena shuru kar di,lena,URD
Jis ke bad Steven Seagal ne martial art ki qisam Aikido ki baqaida taleem lena shuru kar di,shuru,URD
Jis ke bad Steven Seagal ne martial art ki qisam Aikido ki baqaida taleem lena shuru kar di,kar,URD
Jis ke bad Steven Seagal ne martial art ki qisam Aikido ki baqaida taleem lena shuru kar di,di,URD
Stallone ko is film ka muaawza 200 dollars mila tha,Stallone,URD
Stallone ko is film ka muaawza 200 dollars mila tha,ko,URD
Stallone ko is film ka muaawza 200 dollars mila tha,is,ENG
Stallone ko is film ka muaawza 200 dollars mila tha,film,URD
Stallone ko is film ka muaawza 200 dollars mila tha,ka,URD
Stallone ko is film ka muaawza 200 dollars mila tha,muaawza,URD
Stallone ko is film ka muaawza 200 dollars mila tha,200,URD
Stallone ko is film ka muaawza 200 dollars mila tha,dollars,URD
Stallone ko is film ka muaawza 200 dollars mila tha,mila,URD
Stallone ko is film ka muaawza 200 dollars mila tha,tha,URD
KOI WHATSAPP GROUP HAI ALLAMA SHB K VIDEO TU KINDLY YE NMBR ADD KRDIEN.,KOI,URD
KOI WHATSAPP GROUP HAI ALLAMA SHB K VIDEO TU KINDLY YE NMBR ADD KRDIEN.,WHATSAPP,URD
KOI WHATSAPP GROUP HAI ALLAMA SHB K VIDEO TU KINDLY YE NMBR ADD KRDIEN.,GROUP,URD
KOI WHATSAPP GROUP HAI ALLAMA SHB K VIDEO TU KINDLY YE NMBR ADD KRDIEN.,HAI,URD
KOI WHATSAPP GROUP HAI ALLAMA SHB K VIDEO TU KINDLY YE NMBR ADD KRDIEN.,ALLAMA,URD
KOI WHATSAPP GROUP HAI ALLAMA SHB K VIDEO TU KINDLY YE NMBR ADD KRDIEN.,SHB,URD
KOI WHATSAPP GROUP HAI ALLAMA SHB K VIDEO TU KINDLY YE NMBR ADD KRDIEN.,K,URD
KOI WHATSAPP GROUP HAI ALLAMA SHB K VIDEO TU KINDLY YE NMBR ADD KRDIEN.,VIDEO,ENG
KOI WHATSAPP GROUP HAI ALLAMA SHB K VIDEO TU KINDLY YE NMBR ADD KRDIEN.,TU,URD
KOI WHATSAPP GROUP HAI ALLAMA SHB K VIDEO TU KINDLY YE NMBR ADD KRDIEN.,KINDLY,URD
KOI WHATSAPP GROUP HAI ALLAMA SHB K VIDEO TU KINDLY YE NMBR ADD KRDIEN.,YE,URD
KOI WHATSAPP GROUP HAI ALLAMA SHB K VIDEO TU KINDLY YE NMBR ADD KRDIEN.,NMBR,URD
KOI WHATSAPP GROUP HAI ALLAMA SHB K VIDEO TU KINDLY YE NMBR ADD KRDIEN.,ADD,URD
KOI WHATSAPP GROUP HAI ALLAMA SHB K VIDEO TU KINDLY YE NMBR ADD KRDIEN.,KRDIEN.,URD
Inho ne dosri jang-e-azeem ke zamane mein fauji geet likhe the aur geet ko bhi inho ne nae peykar ata kiye,Inho,URD
Inho ne dosri jang-e-azeem ke zamane mein fauji geet likhe the aur geet ko bhi inho ne nae peykar ata kiye,ne,URD
Inho ne dosri jang-e-azeem ke zamane mein fauji geet likhe the aur geet ko bhi inho ne nae peykar ata kiye,dosri,URD
Inho ne dosri jang-e-azeem ke zamane mein fauji geet likhe the aur geet ko bhi inho ne nae peykar ata kiye,jang-e-azeem,URD
Inho ne dosri jang-e-azeem ke zamane mein fauji geet likhe the aur geet ko bhi inho ne nae peykar ata kiye,ke,URD
Inho ne dosri jang-e-azeem ke zamane mein fauji geet likhe the aur geet ko bhi inho ne nae peykar ata kiye,zamane,URD
Inho ne dosri jang-e-azeem ke zamane mein fauji geet likhe the aur geet ko bhi inho ne nae peykar ata kiye,mein,URD
Inho ne dosri jang-e-azeem ke zamane mein fauji geet likhe the aur geet ko bhi inho ne nae peykar ata kiye,fauji,URD
Inho ne dosri jang-e-azeem ke zamane mein fauji geet likhe the aur geet ko bhi inho ne nae peykar ata kiye,geet,URD
Inho ne dosri jang-e-azeem ke zamane mein fauji geet likhe the aur geet ko bhi inho ne nae peykar ata kiye,likhe,URD
Inho ne dosri jang-e-azeem ke zamane mein fauji geet likhe the aur geet ko bhi inho ne nae peykar ata kiye,the,ENG
Inho ne dosri jang-e-azeem ke zamane mein fauji geet likhe the aur geet ko bhi inho ne nae peykar ata kiye,aur,URD
Inho ne dosri jang-e-azeem ke zamane mein fauji geet likhe the aur geet ko bhi inho ne nae peykar ata kiye,geet,URD
Inho ne dosri jang-e-azeem ke zamane mein fauji geet likhe the aur geet ko bhi inho ne nae peykar ata kiye,ko,URD
Inho ne dosri jang-e-azeem ke zamane mein fauji geet likhe the aur geet ko bhi inho ne nae peykar ata kiye,bhi,URD
Inho ne dosri jang-e-azeem ke zamane mein fauji geet likhe the aur geet ko bhi inho ne nae peykar ata kiye,inho,URD
Inho ne dosri jang-e-azeem ke zamane mein fauji geet likhe the aur geet ko bhi inho ne nae peykar ata kiye,ne,URD
Inho ne dosri jang-e-azeem ke zamane mein fauji geet likhe the aur geet ko bhi inho ne nae peykar ata kiye,nae,URD
Inho ne dosri jang-e-azeem ke zamane mein fauji geet likhe the aur geet ko bhi inho ne nae peykar ata kiye,peykar,URD
Inho ne dosri jang-e-azeem ke zamane mein fauji geet likhe the aur geet ko bhi inho ne nae peykar ata kiye,ata,URD
Inho ne dosri jang-e-azeem ke zamane mein fauji geet likhe the aur geet ko bhi inho ne nae peykar ata kiye,kiye,URD
Iss ka bad Melbrane test mein Pakistan ne aik inning mein 500 runs banaye aur match jeet liya,Iss,URD
Iss ka bad Melbrane test mein Pakistan ne aik inning mein 500 runs banaye aur match jeet liya,ka,URD
Iss ka bad Melbrane test mein Pakistan ne aik inning mein 500 runs banaye aur match jeet liya,bad,ENG
Iss ka bad Melbrane test mein Pakistan ne aik inning mein 500 runs banaye aur match jeet liya,Melbrane,URD
Iss ka bad Melbrane test mein Pakistan ne aik inning mein 500 runs banaye aur match jeet liya,test,URD
Iss ka bad Melbrane test mein Pakistan ne aik inning mein 500 runs banaye aur match jeet liya,mein,URD
Iss ka bad Melbrane test mein Pakistan ne aik inning mein 500 runs banaye aur match jeet liya,Pakistan,URD
Iss ka bad Melbrane test mein Pakistan ne aik inning mein 500 runs banaye aur match jeet liya,ne,URD
Iss ka bad Melbrane test mein Pakistan ne aik inning mein 500 runs banaye aur match jeet liya,aik,URD
Iss ka bad Melbrane test mein Pakistan ne aik inning mein 500 runs banaye aur match jeet liya,inning,URD
Iss ka bad Melbrane test mein Pakistan ne aik inning mein 500 runs banaye aur match jeet liya,mein,URD
Iss ka bad Melbrane test mein Pakistan ne aik inning mein 500 runs banaye aur match jeet liya,500,URD
Iss ka bad Melbrane test mein Pakistan ne aik inning mein 500 runs banaye aur match jeet liya,runs,URD
Iss ka bad Melbrane test mein Pakistan ne aik inning mein 500 runs banaye aur match jeet liya,banaye,URD
Iss ka bad Melbrane test mein Pakistan ne aik inning mein 500 runs banaye aur match jeet liya,aur,URD
Iss ka bad Melbrane test mein Pakistan ne aik inning mein 500 runs banaye aur match jeet liya,match,ENG
Iss ka bad Melbrane test mein Pakistan ne aik inning mein 500 runs banaye aur match jeet liya,jeet,URD
Iss ka bad Melbrane test mein Pakistan ne aik inning mein 500 runs banaye aur match jeet liya,liya,URD
Tahum 11 baras bad bhi ab tak un par ilzam sabit nahi ho saka,Tahum,URD
Tahum 11 baras bad bhi ab tak un par ilzam sabit nahi ho saka,11,URD
Tahum 11 baras bad bhi ab tak un par ilzam sabit nahi ho saka,baras,URD
Tahum 11 baras bad bhi ab tak un par ilzam sabit nahi ho saka,bad,ENG
Tahum 11 baras bad bhi ab tak un par ilzam sabit nahi ho saka,bhi,URD
Tahum 11 baras bad bhi ab tak un par ilzam sabit nahi ho saka,ab,URD
Tahum 11 baras bad bhi ab tak un par ilzam sabit nahi ho saka,tak,URD
Tahum 11 baras bad bhi ab tak un par ilzam sabit nahi ho saka,un,URD
Tahum 11 baras bad bhi ab tak un par ilzam sabit nahi ho saka,par,URD
Tahum 11 baras bad bhi ab tak un par ilzam sabit nahi ho saka,ilzam,URD
Tahum 11 baras bad bhi ab tak un par ilzam sabit nahi ho saka,sabit,URD
Tahum 11 baras bad bhi ab tak un par ilzam sabit nahi ho saka,nahi,URD
Tahum 11 baras bad bhi ab tak un par ilzam sabit nahi ho saka,ho,URD
Tahum 11 baras bad bhi ab tak un par ilzam sabit nahi ho saka,saka,URD
Hahaha hum to master hain is kaam mein 😂😂,Hahaha,URD
Hahaha hum to master hain is kaam mein 😂😂,hum,URD
Hahaha hum to master hain is kaam mein 😂😂,to,URD
Hahaha hum to master hain is kaam mein 😂😂,master,URD
Hahaha hum to master hain is kaam mein 😂😂,hain,URD
Hahaha hum to master hain is kaam mein 😂😂,is,ENG
Hahaha hum to master hain is kaam mein 😂😂,kaam,URD
Hahaha hum to master hain is kaam mein 😂😂,mein,URD
Hahaha hum to master hain is kaam mein 😂😂,😂😂,URD
Jald he inhe aik tarbiyati course par Australia jkane ka mauqa mila aur is ke bad wo radio chor gae,Jald,URD
Jald he inhe aik tarbiyati course par Australia jkane ka mauqa mila aur is ke bad wo radio chor gae,he,URD
Jald he inhe aik tarbiyati course par Australia jkane ka mauqa mila aur is ke bad wo radio chor gae,inhe,URD
Jald he inhe aik tarbiyati course par Australia jkane ka mauqa mila aur is ke bad wo radio chor gae,aik,URD
Jald he inhe aik tarbiyati course par Australia jkane ka mauqa mila aur is ke bad wo radio chor gae,tarbiyati,URD
Jald he inhe aik tarbiyati course par Australia jkane ka mauqa mila aur is ke bad wo radio chor gae,course,URD
Jald he inhe aik tarbiyati course par Australia jkane ka mauqa mila aur is ke bad wo radio chor gae,par,URD
Jald he inhe aik tarbiyati course par Australia jkane ka mauqa mila aur is ke bad wo radio chor gae,Australia,URD
Jald he inhe aik tarbiyati course par Australia jkane ka mauqa mila aur is ke bad wo radio chor gae,jkane,URD
Jald he inhe aik tarbiyati course par Australia jkane ka mauqa mila aur is ke bad wo radio chor gae,ka,URD
Jald he inhe aik tarbiyati course par Australia jkane ka mauqa mila aur is ke bad wo radio chor gae,mauqa,URD
Jald he inhe aik tarbiyati course par Australia jkane ka mauqa mila aur is ke bad wo radio chor gae,mila,URD
Jald he inhe aik tarbiyati course par Australia jkane ka mauqa mila aur is ke bad wo radio chor gae,aur,URD
Jald he inhe aik tarbiyati course par Australia jkane ka mauqa mila aur is ke bad wo radio chor gae,is,ENG
Jald he inhe aik tarbiyati course par Australia jkane ka mauqa mila aur is ke bad wo radio chor gae,ke,URD
Jald he inhe aik tarbiyati course par Australia jkane ka mauqa mila aur is ke bad wo radio chor gae,bad,ENG
Jald he inhe aik tarbiyati course par Australia jkane ka mauqa mila aur is ke bad wo radio chor gae,wo,URD
Jald he inhe aik tarbiyati course par Australia jkane ka mauqa mila aur is ke bad wo radio chor gae,radio,URD
Jald he inhe aik tarbiyati course par Australia jkane ka mauqa mila aur is ke bad wo radio chor gae,chor,URD
Jald he inhe aik tarbiyati course par Australia jkane ka mauqa mila aur is ke bad wo radio chor gae,gae,URD
Jab Pakistan mein Zulfiqar Ali Bhutto ki hukoomat thi to Hafeez Sahab chand wajohaat se is hukoomat se bohat shaki the,Jab,URD
Jab Pakistan mein Zulfiqar Ali Bhutto ki hukoomat thi to Hafeez Sahab chand wajohaat se is hukoomat se bohat shaki the,Pakistan,URD
Jab Pakistan mein Zulfiqar Ali Bhutto ki hukoomat thi to Hafeez Sahab chand wajohaat se is hukoomat se bohat shaki the,mein,URD
Jab Pakistan mein Zulfiqar Ali Bhutto ki hukoomat thi to Hafeez Sahab chand wajohaat se is hukoomat se bohat shaki the,Zulfiqar,URD
Jab Pakistan mein Zulfiqar Ali Bhutto ki hukoomat thi to Hafeez Sahab chand wajohaat se is hukoomat se bohat shaki the,Ali,URD
Jab Pakistan mein Zulfiqar Ali Bhutto ki hukoomat thi to Hafeez Sahab chand wajohaat se is hukoomat se bohat shaki the,Bhutto,URD
Jab Pakistan mein Zulfiqar Ali Bhutto ki hukoomat thi to Hafeez Sahab chand wajohaat se is hukoomat se bohat shaki the,ki,URD
Jab Pakistan mein Zulfiqar Ali Bhutto ki hukoomat thi to Hafeez Sahab chand wajohaat se is hukoomat se bohat shaki the,hukoomat,URD
Jab Pakistan mein Zulfiqar Ali Bhutto ki hukoomat thi to Hafeez Sahab chand wajohaat se is hukoomat se bohat shaki the,thi,URD
Jab Pakistan mein Zulfiqar Ali Bhutto ki hukoomat thi to Hafeez Sahab chand wajohaat se is hukoomat se bohat shaki the,to,URD
Jab Pakistan mein Zulfiqar Ali Bhutto ki hukoomat thi to Hafeez Sahab chand wajohaat se is hukoomat se bohat shaki the,Hafeez,URD
Jab Pakistan mein Zulfiqar Ali Bhutto ki hukoomat thi to Hafeez Sahab chand wajohaat se is hukoomat se bohat shaki the,Sahab,URD
Jab Pakistan mein Zulfiqar Ali Bhutto ki hukoomat thi to Hafeez Sahab chand wajohaat se is hukoomat se bohat shaki the,chand,URD
Jab Pakistan mein Zulfiqar Ali Bhutto ki hukoomat thi to Hafeez Sahab chand wajohaat se is hukoomat se bohat shaki the,wajohaat,URD
Jab Pakistan mein Zulfiqar Ali Bhutto ki hukoomat thi to Hafeez Sahab chand wajohaat se is hukoomat se bohat shaki the,se,URD
Jab Pakistan mein Zulfiqar Ali Bhutto ki hukoomat thi to Hafeez Sahab chand wajohaat se is hukoomat se bohat shaki the,is,ENG
Jab Pakistan mein Zulfiqar Ali Bhutto ki hukoomat thi to Hafeez Sahab chand wajohaat se is hukoomat se bohat shaki the,hukoomat,URD
Jab Pakistan mein Zulfiqar Ali Bhutto ki hukoomat thi to Hafeez Sahab chand wajohaat se is hukoomat se bohat shaki the,se,URD
Jab Pakistan mein Zulfiqar Ali Bhutto ki hukoomat thi to Hafeez Sahab chand wajohaat se is hukoomat se bohat shaki the,bohat,URD
Jab Pakistan mein Zulfiqar Ali Bhutto ki hukoomat thi to Hafeez Sahab chand wajohaat se is hukoomat se bohat shaki the,shaki,URD
Jab Pakistan mein Zulfiqar Ali Bhutto ki hukoomat thi to Hafeez Sahab chand wajohaat se is hukoomat se bohat shaki the,the,ENG
Namoona word bolungi Unhe ek ghoori Deni mujhe fouran 😂😂😂 waise tu bhi aunty ko thanks bolin 😍😍,Namoona,URD
Namoona word bolungi Unhe ek ghoori Deni mujhe fouran 😂😂😂 waise tu bhi aunty ko thanks bolin 😍😍,word,URD
Namoona word bolungi Unhe ek ghoori Deni mujhe fouran 😂😂😂 waise tu bhi aunty ko thanks bolin 😍😍,bolungi,URD
Namoona word bolungi Unhe ek ghoori Deni mujhe fouran 😂😂😂 waise tu bhi aunty ko thanks bolin 😍😍,Unhe,URD
Namoona word bolungi Unhe ek ghoori Deni mujhe fouran 😂😂😂 waise tu bhi aunty ko thanks bolin 😍😍,ek,URD
Namoona word bolungi Unhe ek ghoori Deni mujhe fouran 😂😂😂 waise tu bhi aunty ko thanks bolin 😍😍,ghoori,URD
Namoona word bolungi Unhe ek ghoori Deni mujhe fouran 😂😂😂 waise tu bhi aunty ko thanks bolin 😍😍,Deni,URD
Namoona word bolungi Unhe ek ghoori Deni mujhe fouran 😂😂😂 waise tu bhi aunty ko thanks bolin 😍😍,mujhe,URD
Namoona word bolungi Unhe ek ghoori Deni mujhe fouran 😂😂😂 waise tu bhi aunty ko thanks bolin 😍😍,fouran,URD
Namoona word bolungi Unhe ek ghoori Deni mujhe fouran 😂😂😂 waise tu bhi aunty ko thanks bolin 😍😍,😂😂😂,URD
Namoona word bolungi Unhe ek ghoori Deni mujhe fouran 😂😂😂 waise tu bhi aunty ko thanks bolin 😍😍,waise,URD
Namoona word bolungi Unhe ek ghoori Deni mujhe fouran 😂😂😂 waise tu bhi aunty ko thanks bolin 😍😍,tu,URD
Namoona word bolungi Unhe ek ghoori Deni mujhe fouran 😂😂😂 waise tu bhi aunty ko thanks bolin 😍😍,bhi,URD
Namoona word bolungi Unhe ek ghoori Deni mujhe fouran 😂😂😂 waise tu bhi aunty ko thanks bolin 😍😍,aunty,URD
Namoona word bolungi Unhe ek ghoori Deni mujhe fouran 😂😂😂 waise tu bhi aunty ko thanks bolin 😍😍,ko,URD
Namoona word bolungi Unhe ek ghoori Deni mujhe fouran 😂😂😂 waise tu bhi aunty ko thanks bolin 😍😍,thanks,ENG
Namoona word bolungi Unhe ek ghoori Deni mujhe fouran 😂😂😂 waise tu bhi aunty ko thanks bolin 😍😍,bolin,URD
Namoona word bolungi Unhe ek ghoori Deni mujhe fouran 😂😂😂 waise tu bhi aunty ko thanks bolin 😍😍,😍😍,URD
in dosron ke bad Pakistani team ne jo dere kiya in mein Intikhab Alam ki catnaini mein behtareen karkardagi ka muzahirah kiya,in,URD
in dosron ke bad Pakistani team ne jo dere kiya in mein Intikhab Alam ki catnaini mein behtareen karkardagi ka muzahirah kiya,dosron,URD
in dosron ke bad Pakistani team ne jo dere kiya in mein Intikhab Alam ki catnaini mein behtareen karkardagi ka muzahirah kiya,ke,URD
in dosron ke bad Pakistani team ne jo dere kiya in mein Intikhab Alam ki catnaini mein behtareen karkardagi ka muzahirah kiya,bad,ENG
in dosron ke bad Pakistani team ne jo dere kiya in mein Intikhab Alam ki catnaini mein behtareen karkardagi ka muzahirah kiya,Pakistani,URD
in dosron ke bad Pakistani team ne jo dere kiya in mein Intikhab Alam ki catnaini mein behtareen karkardagi ka muzahirah kiya,team,ENG
in dosron ke bad Pakistani team ne jo dere kiya in mein Intikhab Alam ki catnaini mein behtareen karkardagi ka muzahirah kiya,ne,URD
in dosron ke bad Pakistani team ne jo dere kiya in mein Intikhab Alam ki catnaini mein behtareen karkardagi ka muzahirah kiya,jo,URD
in dosron ke bad Pakistani team ne jo dere kiya in mein Intikhab Alam ki catnaini mein behtareen karkardagi ka muzahirah kiya,dere,URD
in dosron ke bad Pakistani team ne jo dere kiya in mein Intikhab Alam ki catnaini mein behtareen karkardagi ka muzahirah kiya,kiya,URD
in dosron ke bad Pakistani team ne jo dere kiya in mein Intikhab Alam ki catnaini mein behtareen karkardagi ka muzahirah kiya,in,URD
in dosron ke bad Pakistani team ne jo dere kiya in mein Intikhab Alam ki catnaini mein behtareen karkardagi ka muzahirah kiya,mein,URD
in dosron ke bad Pakistani team ne jo dere kiya in mein Intikhab Alam ki catnaini mein behtareen karkardagi ka muzahirah kiya,Intikhab,URD
in dosron ke bad Pakistani team ne jo dere kiya in mein Intikhab Alam ki catnaini mein behtareen karkardagi ka muzahirah kiya,Alam,URD
in dosron ke bad Pakistani team ne jo dere kiya in mein Intikhab Alam ki catnaini mein behtareen karkardagi ka muzahirah kiya,ki,URD
in dosron ke bad Pakistani team ne jo dere kiya in mein Intikhab Alam ki catnaini mein behtareen karkardagi ka muzahirah kiya,catnaini,URD
in dosron ke bad Pakistani team ne jo dere kiya in mein Intikhab Alam ki catnaini mein behtareen karkardagi ka muzahirah kiya,mein,URD
in dosron ke bad Pakistani team ne jo dere kiya in mein Intikhab Alam ki catnaini mein behtareen karkardagi ka muzahirah kiya,behtareen,URD
in dosron ke bad Pakistani team ne jo dere kiya in mein Intikhab Alam ki catnaini mein behtareen karkardagi ka muzahirah kiya,karkardagi,URD
in dosron ke bad Pakistani team ne jo dere kiya in mein Intikhab Alam ki catnaini mein behtareen karkardagi ka muzahirah kiya,ka,URD
in dosron ke bad Pakistani team ne jo dere kiya in mein Intikhab Alam ki catnaini mein behtareen karkardagi ka muzahirah kiya,muzahirah,URD
in dosron ke bad Pakistani team ne jo dere kiya in mein Intikhab Alam ki catnaini mein behtareen karkardagi ka muzahirah kiya,kiya,URD
Us zamane mein county match winner players leti thi,Us,URD
Us zamane mein county match winner players leti thi,zamane,URD
Us zamane mein county match winner players leti thi,mein,URD
Us zamane mein county match winner players leti thi,county,URD
Us zamane mein county match winner players leti thi,match,ENG
Us zamane mein county match winner players leti thi,winner,URD
Us zamane mein county match winner players leti thi,players,URD
Us zamane mein county match winner players leti thi,leti,URD
Us zamane mein county match winner players leti thi,thi,URD
Is arse mein unhon ne Pakistan film industry ke tamam naamwar mosikaron ke sath kaam kiya,Is,ENG
Is arse mein unhon ne Pakistan film industry ke tamam naamwar mosikaron ke sath kaam kiya,arse,URD
Is arse mein unhon ne Pakistan film industry ke tamam naamwar mosikaron ke sath kaam kiya,mein,URD
Is arse mein unhon ne Pakistan film industry ke tamam naamwar mosikaron ke sath kaam kiya,unhon,URD
Is arse mein unhon ne Pakistan film industry ke tamam naamwar mosikaron ke sath kaam kiya,ne,URD
Is arse mein unhon ne Pakistan film industry ke tamam naamwar mosikaron ke sath kaam kiya,Pakistan,URD
Is arse mein unhon ne Pakistan film industry ke tamam naamwar mosikaron ke sath kaam kiya,film,URD
Is arse mein unhon ne Pakistan film industry ke tamam naamwar mosikaron ke sath kaam kiya,industry,URD
Is arse mein unhon ne Pakistan film industry ke tamam naamwar mosikaron ke sath kaam kiya,ke,URD
Is arse mein unhon ne Pakistan film industry ke tamam naamwar mosikaron ke sath kaam kiya,tamam,URD
Is arse mein unhon ne Pakistan film industry ke tamam naamwar mosikaron ke sath kaam kiya,naamwar,URD
Is arse mein unhon ne Pakistan film industry ke tamam naamwar mosikaron ke sath kaam kiya,mosikaron,URD
Is arse mein unhon ne Pakistan film industry ke tamam naamwar mosikaron ke sath kaam kiya,ke,URD
Is arse mein unhon ne Pakistan film industry ke tamam naamwar mosikaron ke sath kaam kiya,sath,URD
Is arse mein unhon ne Pakistan film industry ke tamam naamwar mosikaron ke sath kaam kiya,kaam,URD
Is arse mein unhon ne Pakistan film industry ke tamam naamwar mosikaron ke sath kaam kiya,kiya,URD
"is product ko buy zaroooooor ki jiye Buhat acha hai ruzult is ka.",is,ENG
"is product ko buy zaroooooor ki jiye Buhat acha hai ruzult is ka.",product,URD
"is product ko buy zaroooooor ki jiye Buhat acha hai ruzult is ka.",ko,URD
"is product ko buy zaroooooor ki jiye Buhat acha hai ruzult is ka.",buy,URD
"is product ko buy zaroooooor ki jiye Buhat acha hai ruzult is ka.",zaroooooor,URD
"is product ko buy zaroooooor ki jiye Buhat acha hai ruzult is ka.",ki,URD
"is product ko buy zaroooooor ki jiye Buhat acha hai ruzult is ka.",jiye,URD
"is product ko buy zaroooooor ki jiye Buhat acha hai ruzult is ka.",Buhat,URD
"is product ko buy zaroooooor ki jiye Buhat acha hai ruzult is ka.",acha,URD
"is product ko buy zaroooooor ki jiye Buhat acha hai ruzult is ka.",hai,URD
"is product ko buy zaroooooor ki jiye Buhat acha hai ruzult is ka.",ruzult,URD
"is product ko buy zaroooooor ki jiye Buhat acha hai ruzult is ka.",is,ENG
"is product ko buy zaroooooor ki jiye Buhat acha hai ruzult is ka.",ka.,URD
"Razia Sheer Khan: Abhi to mereghar walon ne mujhe har tarh ka support kiya hai,",Razia,URD
"Razia Sheer Khan: Abhi to mereghar walon ne mujhe har tarh ka support kiya hai,",Sheer,URD
"Razia Sheer Khan: Abhi to mereghar walon ne mujhe har tarh ka support kiya hai,",Khan:,URD
"Razia Sheer Khan: Abhi to mereghar walon ne mujhe har tarh ka support kiya hai,",Abhi,URD
"Razia Sheer Khan: Abhi to mereghar walon ne mujhe har tarh ka support kiya hai,",to,URD
"Razia Sheer Khan: Abhi to mereghar walon ne mujhe har tarh ka support kiya hai,",mereghar,URD
"Razia Sheer Khan: Abhi to mereghar walon ne mujhe har tarh ka support kiya hai,",walon,URD
"Razia Sheer Khan: Abhi to mereghar walon ne mujhe har tarh ka support kiya hai,",ne,URD
"Razia Sheer Khan: Abhi to mereghar walon ne mujhe har tarh ka support kiya hai,",mujhe,URD
"Razia Sheer Khan: Abhi to mereghar walon ne mujhe har tarh ka support kiya hai,",har,URD
"Razia Sheer Khan: Abhi to mereghar walon ne mujhe har tarh ka support kiya hai,",tarh,URD
"Razia Sheer Khan: Abhi to mereghar walon ne mujhe har tarh ka support kiya hai,",ka,URD
"Razia Sheer Khan: Abhi to mereghar walon ne mujhe har tarh ka support kiya hai,",support,ENG
"Razia Sheer Khan: Abhi to mereghar walon ne mujhe har tarh ka support kiya hai,",kiya,URD
"Razia Sheer Khan: Abhi to mereghar walon ne mujhe har tarh ka support kiya hai,","hai,",URD
Magar in ke walid Mustafa Sheikh profession ke lihaaz se lawyer the,Magar,URD
Magar in ke walid Mustafa Sheikh profession ke lihaaz se lawyer the,in,URD
Magar in ke walid Mustafa Sheikh profession ke lihaaz se lawyer the,ke,URD
Magar in ke walid Mustafa Sheikh profession ke lihaaz se lawyer the,walid,URD
Magar in ke walid Mustafa Sheikh profession ke lihaaz se lawyer the,Mustafa,URD
Magar in ke walid Mustafa Sheikh profession ke lihaaz se lawyer the,Sheikh,URD
Magar in ke walid Mustafa Sheikh profession ke lihaaz se lawyer the,profession,URD
Magar in ke walid Mustafa Sheikh profession ke lihaaz se lawyer the,ke,URD
Magar in ke walid Mustafa Sheikh profession ke lihaaz se lawyer the,lihaaz,URD
Magar in ke walid Mustafa Sheikh profession ke lihaaz se lawyer the,se,URD
Magar in ke walid Mustafa Sheikh profession ke lihaaz se lawyer the,lawyer,URD
Magar in ke walid Mustafa Sheikh profession ke lihaaz se lawyer the,the,ENG
Is ke bad nagar nagar ki khaak chaante rahe,Is,ENG
Is ke bad nagar nagar ki khaak chaante rahe,ke,URD
Is ke bad nagar nagar ki khaak chaante rahe,bad,ENG
Is ke bad nagar nagar ki khaak chaante rahe,nagar,URD
Is ke bad nagar nagar ki khaak chaante rahe,nagar,URD
Is ke bad nagar nagar ki khaak chaante rahe,ki,URD
Is ke bad nagar nagar ki khaak chaante rahe,khaak,URD
Is ke bad nagar nagar ki khaak chaante rahe,chaante,URD
Is ke bad nagar nagar ki khaak chaante rahe,rahe,URD
Buhat acha result hai .. bhai lazmi try karen,Buhat,URD
Buhat acha result hai .. bhai lazmi try karen,acha,URD
Buhat acha result hai .. bhai lazmi try karen,result,ENG
Buhat acha result hai .. bhai lazmi try karen,hai,URD
Buhat acha result hai .. bhai lazmi try karen,..,URD
Buhat acha result hai .. bhai lazmi try karen,bhai,URD
Buhat acha result hai .. bhai lazmi try karen,lazmi,URD
Buhat acha result hai .. bhai lazmi try karen,try,URD
Buhat acha result hai .. bhai lazmi try karen,karen,URD
Jinhe qiyam e Pakistan ke bad governor general Malik Ghulam Mohammed ne wazeer e aazam namzad kiya tha,Jinhe,URD
Jinhe qiyam e Pakistan ke bad governor general Malik Ghulam Mohammed ne wazeer e aazam namzad kiya tha,qiyam,URD
Jinhe qiyam e Pakistan ke bad governor general Malik Ghulam Mohammed ne wazeer e aazam namzad kiya tha,e,URD
Jinhe qiyam e Pakistan ke bad governor general Malik Ghulam Mohammed ne wazeer e aazam namzad kiya tha,Pakistan,URD
Jinhe qiyam e Pakistan ke bad governor general Malik Ghulam Mohammed ne wazeer e aazam namzad kiya tha,ke,URD
Jinhe qiyam e Pakistan ke bad governor general Malik Ghulam Mohammed ne wazeer e aazam namzad kiya tha,bad,ENG
Jinhe qiyam e Pakistan ke bad governor general Malik Ghulam Mohammed ne wazeer e aazam namzad kiya tha,governor,URD
Jinhe qiyam e Pakistan ke bad governor general Malik Ghulam Mohammed ne wazeer e aazam namzad kiya tha,general,URD
Jinhe qiyam e Pakistan ke bad governor general Malik Ghulam Mohammed ne wazeer e aazam namzad kiya tha,Malik,URD
Jinhe qiyam e Pakistan ke bad governor general Malik Ghulam Mohammed ne wazeer e aazam namzad kiya tha,Ghulam,URD
Jinhe qiyam e Pakistan ke bad governor general Malik Ghulam Mohammed ne wazeer e aazam namzad kiya tha,Mohammed,URD
Jinhe qiyam e Pakistan ke bad governor general Malik Ghulam Mohammed ne wazeer e aazam namzad kiya tha,ne,URD
Jinhe qiyam e Pakistan ke bad governor general Malik Ghulam Mohammed ne wazeer e aazam namzad kiya tha,wazeer,URD
Jinhe qiyam e Pakistan ke bad governor general Malik Ghulam Mohammed ne wazeer e aazam namzad kiya tha,e,URD
Jinhe qiyam e Pakistan ke bad governor general Malik Ghulam Mohammed ne wazeer e aazam namzad kiya tha,aazam,URD
Jinhe qiyam e Pakistan ke bad governor general Malik Ghulam Mohammed ne wazeer e aazam namzad kiya tha,namzad,URD
Jinhe qiyam e Pakistan ke bad governor general Malik Ghulam Mohammed ne wazeer e aazam namzad kiya tha,kiya,URD
Jinhe qiyam e Pakistan ke bad governor general Malik Ghulam Mohammed ne wazeer e aazam namzad kiya tha,tha,URD
Wajibi si taleem ke bad khandani dastor ke mutabiq mosiqi ki taleem hasil karna shuru ki,Wajibi,URD
Wajibi si taleem ke bad khandani dastor ke mutabiq mosiqi ki taleem hasil karna shuru ki,si,URD
Wajibi si taleem ke bad khandani dastor ke mutabiq mosiqi ki taleem hasil karna shuru ki,taleem,URD
Wajibi si taleem ke bad khandani dastor ke mutabiq mosiqi ki taleem hasil karna shuru ki,ke,URD
Wajibi si taleem ke bad khandani dastor ke mutabiq mosiqi ki taleem hasil karna shuru ki,bad,ENG
Wajibi si taleem ke bad khandani dastor ke mutabiq mosiqi ki taleem hasil karna shuru ki,khandani,URD
Wajibi si taleem ke bad khandani dastor ke mutabiq mosiqi ki taleem hasil karna shuru ki,dastor,URD
Wajibi si taleem ke bad khandani dastor ke mutabiq mosiqi ki taleem hasil karna shuru ki,ke,URD
Wajibi si taleem ke bad khandani dastor ke mutabiq mosiqi ki taleem hasil karna shuru ki,mutabiq,URD
Wajibi si taleem ke bad khandani dastor ke mutabiq mosiqi ki taleem hasil karna shuru ki,mosiqi,URD
Wajibi si taleem ke bad khandani dastor ke mutabiq mosiqi ki taleem hasil karna shuru ki,ki,URD
Wajibi si taleem ke bad khandani dastor ke mutabiq mosiqi ki taleem hasil karna shuru ki,taleem,URD
Wajibi si taleem ke bad khandani dastor ke mutabiq mosiqi ki taleem hasil karna shuru ki,hasil,URD
Wajibi si taleem ke bad khandani dastor ke mutabiq mosiqi ki taleem hasil karna shuru ki,karna,URD
Wajibi si taleem ke bad khandani dastor ke mutabiq mosiqi ki taleem hasil karna shuru ki,shuru,URD
Wajibi si taleem ke bad khandani dastor ke mutabiq mosiqi ki taleem hasil karna shuru ki,ki,URD
Akki KhanYani k tum ....... v good Wesy tum shkll sy bhi khesiani billi kgti ho,Akki,URD
Akki KhanYani k tum ....... v good Wesy tum shkll sy bhi khesiani billi kgti ho,KhanYani,URD
Akki KhanYani k tum ....... v good Wesy tum shkll sy bhi khesiani billi kgti ho,k,URD
Akki KhanYani k tum ....... v good Wesy tum shkll sy bhi khesiani billi kgti ho,tum,URD
Akki KhanYani k tum ....... v good Wesy tum shkll sy bhi khesiani billi kgti ho,.......,URD
Akki KhanYani k tum ....... v good Wesy tum shkll sy bhi khesiani billi kgti ho,v,URD
Akki KhanYani k tum ....... v good Wesy tum shkll sy bhi khesiani billi kgti ho,good,ENG
Akki KhanYani k tum ....... v good Wesy tum shkll sy bhi khesiani billi kgti ho,Wesy,URD
Akki KhanYani k tum ....... v good Wesy tum shkll sy bhi khesiani billi kgti ho,tum,URD
Akki KhanYani k tum ....... v good Wesy tum shkll sy bhi khesiani billi kgti ho,shkll,URD
Akki KhanYani k tum ....... v good Wesy tum shkll sy bhi khesiani billi kgti ho,sy,URD
Akki KhanYani k tum ....... v good Wesy tum shkll sy bhi khesiani billi kgti ho,bhi,URD
Akki KhanYani k tum ....... v good Wesy tum shkll sy bhi khesiani billi kgti ho,khesiani,URD
Akki KhanYani k tum ....... v good Wesy tum shkll sy bhi khesiani billi kgti ho,billi,URD
Akki KhanYani k tum ....... v good Wesy tum shkll sy bhi khesiani billi kgti ho,kgti,URD
Akki KhanYani k tum ....... v good Wesy tum shkll sy bhi khesiani billi kgti ho,ho,URD
Is bar Angelina  ne adakari ke medan mein qadam rakhne ka fasla kiya,Is,ENG
Is bar Angelina  ne adakari ke medan mein qadam rakhne ka fasla kiya,bar,URD
Is bar Angelina  ne adakari ke medan mein qadam rakhne ka fasla kiya,Angelina,URD
Is bar Angelina  ne adakari ke medan mein qadam rakhne ka fasla kiya,ne,URD
Is bar Angelina  ne adakari ke medan mein qadam rakhne ka fasla kiya,adakari,URD
Is bar Angelina  ne adakari ke medan mein qadam rakhne ka fasla kiya,ke,URD
Is bar Angelina  ne adakari ke medan mein qadam rakhne ka fasla kiya,medan,URD
Is bar Angelina  ne adakari ke medan mein qadam rakhne ka fasla kiya,mein,URD
Is bar Angelina  ne adakari ke medan mein qadam rakhne ka fasla kiya,qadam,URD
Is bar Angelina  ne adakari ke medan mein qadam rakhne ka fasla kiya,rakhne,URD
Is bar Angelina  ne adakari ke medan mein qadam rakhne ka fasla kiya,ka,URD
Is bar Angelina  ne adakari ke medan mein qadam rakhne ka fasla kiya,fasla,URD
Is bar Angelina  ne adakari ke medan mein qadam rakhne ka fasla kiya,kiya,URD
Awam ko is bhare hoye khgazane se kiya matlab jo un se do waqat ki roti bhi chen le,Awam,URD
Awam ko is bhare hoye khgazane se kiya matlab jo un se do waqat ki roti bhi chen le,ko,URD
Awam ko is bhare hoye khgazane se kiya matlab jo un se do waqat ki roti bhi chen le,is,ENG
Awam ko is bhare hoye khgazane se kiya matlab jo un se do waqat ki roti bhi chen le,bhare,URD
Awam ko is bhare hoye khgazane se kiya matlab jo un se do waqat ki roti bhi chen le,hoye,URD
Awam ko is bhare hoye khgazane se kiya matlab jo un se do waqat ki roti bhi chen le,khgazane,URD
Awam ko is bhare hoye khgazane se kiya matlab jo un se do waqat ki roti bhi chen le,se,URD
Awam ko is bhare hoye khgazane se kiya matlab jo un se do waqat ki roti bhi chen le,kiya,URD
Awam ko is bhare hoye khgazane se kiya matlab jo un se do waqat ki roti bhi chen le,matlab,URD
Awam ko is bhare hoye khgazane se kiya matlab jo un se do waqat ki roti bhi chen le,jo,URD
Awam ko is bhare hoye khgazane se kiya matlab jo un se do waqat ki roti bhi chen le,un,URD
Awam ko is bhare hoye khgazane se kiya matlab jo un se do waqat ki roti bhi chen le,se,URD
Awam ko is bhare hoye khgazane se kiya matlab jo un se do waqat ki roti bhi chen le,do,URD
Awam ko is bhare hoye khgazane se kiya matlab jo un se do waqat ki roti bhi chen le,waqat,URD
Awam ko is bhare hoye khgazane se kiya matlab jo un se do waqat ki roti bhi chen le,ki,URD
Awam ko is bhare hoye khgazane se kiya matlab jo un se do waqat ki roti bhi chen le,roti,URD
Awam ko is bhare hoye khgazane se kiya matlab jo un se do waqat ki roti bhi chen le,bhi,URD
Awam ko is bhare hoye khgazane se kiya matlab jo un se do waqat ki roti bhi chen le,chen,URD
Awam ko is bhare hoye khgazane se kiya matlab jo un se do waqat ki roti bhi chen le,le,URD
Is ki wajah se un ka naam Pakistani tarikh mein hamesha zindah rahe ga.,Is,ENG
Is ki wajah se un ka naam Pakistani tarikh mein hamesha zindah rahe ga.,ki,URD
Is ki wajah se un ka naam Pakistani tarikh mein hamesha zindah rahe ga.,wajah,URD
Is ki wajah se un ka naam Pakistani tarikh mein hamesha zindah rahe ga.,se,URD
Is ki wajah se un ka naam Pakistani tarikh mein hamesha zindah rahe ga.,un,URD
Is ki wajah se un ka naam Pakistani tarikh mein hamesha zindah rahe ga.,ka,URD
Is ki wajah se un ka naam Pakistani tarikh mein hamesha zindah rahe ga.,naam,URD
Is ki wajah se un ka naam Pakistani tarikh mein hamesha zindah rahe ga.,Pakistani,URD
Is ki wajah se un ka naam Pakistani tarikh mein hamesha zindah rahe ga.,tarikh,URD
Is ki wajah se un ka naam Pakistani tarikh mein hamesha zindah rahe ga.,mein,URD
Is ki wajah se un ka naam Pakistani tarikh mein hamesha zindah rahe ga.,hamesha,URD
Is ki wajah se un ka naam Pakistani tarikh mein hamesha zindah rahe ga.,zindah,URD
Is ki wajah se un ka naam Pakistani tarikh mein hamesha zindah rahe ga.,rahe,URD
Is ki wajah se un ka naam Pakistani tarikh mein hamesha zindah rahe ga.,ga.,URD
AP sub sy dua ki apeal ha Allah khairo aafiat wali zindagi dy or eeman ki doolat Marty time tk ata kry,AP,URD
AP sub sy dua ki apeal ha Allah khairo aafiat wali zindagi dy or eeman ki doolat Marty time tk ata kry,sub,URD
AP sub sy dua ki apeal ha Allah khairo aafiat wali zindagi dy or eeman ki doolat Marty time tk ata kry,sy,URD
AP sub sy dua ki apeal ha Allah khairo aafiat wali zindagi dy or eeman ki doolat Marty time tk ata kry,dua,URD
AP sub sy dua ki apeal ha Allah khairo aafiat wali zindagi dy or eeman ki doolat Marty time tk ata kry,ki,URD
AP sub sy dua ki apeal ha Allah khairo aafiat wali zindagi dy or eeman ki doolat Marty time tk ata kry,apeal,URD
AP sub sy dua ki apeal ha Allah khairo aafiat wali zindagi dy or eeman ki doolat Marty time tk ata kry,ha,URD
AP sub sy dua ki apeal ha Allah khairo aafiat wali zindagi dy or eeman ki doolat Marty time tk ata kry,Allah,URD
AP sub sy dua ki apeal ha Allah khairo aafiat wali zindagi dy or eeman ki doolat Marty time tk ata kry,khairo,URD
AP sub sy dua ki apeal ha Allah khairo aafiat wali zindagi dy or eeman ki doolat Marty time tk ata kry,aafiat,URD
AP sub sy dua ki apeal ha Allah khairo aafiat wali zindagi dy or eeman ki doolat Marty time tk ata kry,wali,URD
AP sub sy dua ki apeal ha Allah khairo aafiat wali zindagi dy or eeman ki doolat Marty time tk ata kry,zindagi,URD
AP sub sy dua ki apeal ha Allah khairo aafiat wali zindagi dy or eeman ki doolat Marty time tk ata kry,dy,URD
AP sub sy dua ki apeal ha Allah khairo aafiat wali zindagi dy or eeman ki doolat Marty time tk ata kry,or,URD
AP sub sy dua ki apeal ha Allah khairo aafiat wali zindagi dy or eeman ki doolat Marty time tk ata kry,eeman,URD
AP sub sy dua ki apeal ha Allah khairo aafiat wali zindagi dy or eeman ki doolat Marty time tk ata kry,ki,URD
AP sub sy dua ki apeal ha Allah khairo aafiat wali zindagi dy or eeman ki doolat Marty time tk ata kry,doolat,URD
AP sub sy dua ki apeal ha Allah khairo aafiat wali zindagi dy or eeman ki doolat Marty time tk ata kry,Marty,URD
AP sub sy dua ki apeal ha Allah khairo aafiat wali zindagi dy or eeman ki doolat Marty time tk ata kry,time,MIX
AP sub sy dua ki apeal ha Allah khairo aafiat wali zindagi dy or eeman ki doolat Marty time tk ata kry,tk,URD
AP sub sy dua ki apeal ha Allah khairo aafiat wali zindagi dy or eeman ki doolat Marty time tk ata kry,ata,URD
AP sub sy dua ki apeal ha Allah khairo aafiat wali zindagi dy or eeman ki doolat Marty time tk ata kry,kry,URD
Nice bs ap hame bohot achi lagte ap ka drama mre bewafa zbardast,Nice,ENG
Nice bs ap hame bohot achi lagte ap ka drama mre bewafa zbardast,bs,URD
Nice bs ap hame bohot achi lagte ap ka drama mre bewafa zbardast,ap,URD
Nice bs ap hame bohot achi lagte ap ka drama mre bewafa zbardast,hame,URD
Nice bs ap hame bohot achi lagte ap ka drama mre bewafa zbardast,bohot,URD
Nice bs ap hame bohot achi lagte ap ka drama mre bewafa zbardast,achi,URD
Nice bs ap hame bohot achi lagte ap ka drama mre bewafa zbardast,lagte,URD
Nice bs ap hame bohot achi lagte ap ka drama mre bewafa zbardast,ap,URD
Nice bs ap hame bohot achi lagte ap ka drama mre bewafa zbardast,ka,URD
Nice bs ap hame bohot achi lagte ap ka drama mre bewafa zbardast,drama,URD
Nice bs ap hame bohot achi lagte ap ka drama mre bewafa zbardast,mre,URD
Nice bs ap hame bohot achi lagte ap ka drama mre bewafa zbardast,bewafa,URD
Nice bs ap hame bohot achi lagte ap ka drama mre bewafa zbardast,zbardast,URD
"In ke walid stage programs ki hosting kiya karte the,jab ke waldah radio station mein piano bajaya karti thin",In,URD
"In ke walid stage programs ki hosting kiya karte the,jab ke waldah radio station mein piano bajaya karti thin",ke,URD
"In ke walid stage programs ki hosting kiya karte the,jab ke waldah radio station mein piano bajaya karti thin",walid,URD
"In ke walid stage programs ki hosting kiya karte the,jab ke waldah radio station mein piano bajaya karti thin",stage,URD
"In ke walid stage programs ki hosting kiya karte the,jab ke waldah radio station mein piano bajaya karti thin",programs,URD
"In ke walid stage programs ki hosting kiya karte the,jab ke waldah radio station mein piano bajaya karti thin",ki,URD
"In ke walid stage programs ki hosting kiya karte the,jab ke waldah radio station mein piano bajaya karti thin",hosting,URD
"In ke walid stage programs ki hosting kiya karte the,jab ke waldah radio station mein piano bajaya karti thin",kiya,URD
"In ke walid stage programs ki hosting kiya karte the,jab ke waldah radio station mein piano bajaya karti thin",karte,URD
"In ke walid stage programs ki hosting kiya karte the,jab ke waldah radio station mein piano bajaya karti thin","the,jab",URD
"In ke walid stage programs ki hosting kiya karte the,jab ke waldah radio station mein piano bajaya karti thin",ke,URD
"In ke walid stage programs ki hosting kiya karte the,jab ke waldah radio station mein piano bajaya karti thin",waldah,URD
"In ke walid stage programs ki hosting kiya karte the,jab ke waldah radio station mein piano bajaya karti thin",radio,URD
"In ke walid stage programs ki hosting kiya karte the,jab ke waldah radio station mein piano bajaya karti thin",station,URD
"In ke walid stage programs ki hosting kiya karte the,jab ke waldah radio station mein piano bajaya karti thin",mein,URD
"In ke walid stage programs ki hosting kiya karte the,jab ke waldah radio station mein piano bajaya karti thin",piano,URD
"In ke walid stage programs ki hosting kiya karte the,jab ke waldah radio station mein piano bajaya karti thin",bajaya,URD
"In ke walid stage programs ki hosting kiya karte the,jab ke waldah radio station mein piano bajaya karti thin",karti,URD
"In ke walid stage programs ki hosting kiya karte the,jab ke waldah radio station mein piano bajaya karti thin",thin,URD
Pakistan ki team ki coaching to wo saal hasaal karte rahe lekin 2 seasons mein Intikhab Alam ne Bharati Punjab team ki coaching ki,Pakistan,URD
Pakistan ki team ki coaching to wo saal hasaal karte rahe lekin 2 seasons mein Intikhab Alam ne Bharati Punjab team ki coaching ki,ki,URD
Pakistan ki team ki coaching to wo saal hasaal karte rahe lekin 2 seasons mein Intikhab Alam ne Bharati Punjab team ki coaching ki,team,ENG
Pakistan ki team ki coaching to wo saal hasaal karte rahe lekin 2 seasons mein Intikhab Alam ne Bharati Punjab team ki coaching ki,ki,URD
Pakistan ki team ki coaching to wo saal hasaal karte rahe lekin 2 seasons mein Intikhab Alam ne Bharati Punjab team ki coaching ki,coaching,URD
Pakistan ki team ki coaching to wo saal hasaal karte rahe lekin 2 seasons mein Intikhab Alam ne Bharati Punjab team ki coaching ki,to,URD
Pakistan ki team ki coaching to wo saal hasaal karte rahe lekin 2 seasons mein Intikhab Alam ne Bharati Punjab team ki coaching ki,wo,URD
Pakistan ki team ki coaching to wo saal hasaal karte rahe lekin 2 seasons mein Intikhab Alam ne Bharati Punjab team ki coaching ki,saal,URD
Pakistan ki team ki coaching to wo saal hasaal karte rahe lekin 2 seasons mein Intikhab Alam ne Bharati Punjab team ki coaching ki,hasaal,URD
Pakistan ki team ki coaching to wo saal hasaal karte rahe lekin 2 seasons mein Intikhab Alam ne Bharati Punjab team ki coaching ki,karte,URD
Pakistan ki team ki coaching to wo saal hasaal karte rahe lekin 2 seasons mein Intikhab Alam ne Bharati Punjab team ki coaching ki,rahe,URD
Pakistan ki team ki coaching to wo saal hasaal karte rahe lekin 2 seasons mein Intikhab Alam ne Bharati Punjab team ki coaching ki,lekin,URD
Pakistan ki team ki coaching to wo saal hasaal karte rahe lekin 2 seasons mein Intikhab Alam ne Bharati Punjab team ki coaching ki,2,URD
Pakistan ki team ki coaching to wo saal hasaal karte rahe lekin 2 seasons mein Intikhab Alam ne Bharati Punjab team ki coaching ki,seasons,URD
Pakistan ki team ki coaching to wo saal hasaal karte rahe lekin 2 seasons mein Intikhab Alam ne Bharati Punjab team ki coaching ki,mein,URD
Pakistan ki team ki coaching to wo saal hasaal karte rahe lekin 2 seasons mein Intikhab Alam ne Bharati Punjab team ki coaching ki,Intikhab,URD
Pakistan ki team ki coaching to wo saal hasaal karte rahe lekin 2 seasons mein Intikhab Alam ne Bharati Punjab team ki coaching ki,Alam,URD
Pakistan ki team ki coaching to wo saal hasaal karte rahe lekin 2 seasons mein Intikhab Alam ne Bharati Punjab team ki coaching ki,ne,URD
Pakistan ki team ki coaching to wo saal hasaal karte rahe lekin 2 seasons mein Intikhab Alam ne Bharati Punjab team ki coaching ki,Bharati,URD
Pakistan ki team ki coaching to wo saal hasaal karte rahe lekin 2 seasons mein Intikhab Alam ne Bharati Punjab team ki coaching ki,Punjab,URD
Pakistan ki team ki coaching to wo saal hasaal karte rahe lekin 2 seasons mein Intikhab Alam ne Bharati Punjab team ki coaching ki,team,ENG
Pakistan ki team ki coaching to wo saal hasaal karte rahe lekin 2 seasons mein Intikhab Alam ne Bharati Punjab team ki coaching ki,ki,URD
Pakistan ki team ki coaching to wo saal hasaal karte rahe lekin 2 seasons mein Intikhab Alam ne Bharati Punjab team ki coaching ki,coaching,URD
Pakistan ki team ki coaching to wo saal hasaal karte rahe lekin 2 seasons mein Intikhab Alam ne Bharati Punjab team ki coaching ki,ki,URD
Lekin yeh dono geet gane aur Heroin ke peche peche bhagne wale manchaley hero the,Lekin,URD
Lekin yeh dono geet gane aur Heroin ke peche peche bhagne wale manchaley hero the,yeh,URD
Lekin yeh dono geet gane aur Heroin ke peche peche bhagne wale manchaley hero the,dono,URD
Lekin yeh dono geet gane aur Heroin ke peche peche bhagne wale manchaley hero the,geet,URD
Lekin yeh dono geet gane aur Heroin ke peche peche bhagne wale manchaley hero the,gane,URD
Lekin yeh dono geet gane aur Heroin ke peche peche bhagne wale manchaley hero the,aur,URD
Lekin yeh dono geet gane aur Heroin ke peche peche bhagne wale manchaley hero the,Heroin,URD
Lekin yeh dono geet gane aur Heroin ke peche peche bhagne wale manchaley hero the,ke,URD
Lekin yeh dono geet gane aur Heroin ke peche peche bhagne wale manchaley hero the,peche,URD
Lekin yeh dono geet gane aur Heroin ke peche peche bhagne wale manchaley hero the,peche,URD
Lekin yeh dono geet gane aur Heroin ke peche peche bhagne wale manchaley hero the,bhagne,URD
Lekin yeh dono geet gane aur Heroin ke peche peche bhagne wale manchaley hero the,wale,URD
Lekin yeh dono geet gane aur Heroin ke peche peche bhagne wale manchaley hero the,manchaley,URD
Lekin yeh dono geet gane aur Heroin ke peche peche bhagne wale manchaley hero the,hero,URD
Lekin yeh dono geet gane aur Heroin ke peche peche bhagne wale manchaley hero the,the,ENG
Azaadi ke bad beshtar arsaa bharti siyasat par congress bhaai rahi aur khud congress par ab Nehru khandaan haavi raha hai.,Azaadi,URD
Azaadi ke bad beshtar arsaa bharti siyasat par congress bhaai rahi aur khud congress par ab Nehru khandaan haavi raha hai.,ke,URD
Azaadi ke bad beshtar arsaa bharti siyasat par congress bhaai rahi aur khud congress par ab Nehru khandaan haavi raha hai.,bad,ENG
Azaadi ke bad beshtar arsaa bharti siyasat par congress bhaai rahi aur khud congress par ab Nehru khandaan haavi raha hai.,beshtar,URD
Azaadi ke bad beshtar arsaa bharti siyasat par congress bhaai rahi aur khud congress par ab Nehru khandaan haavi raha hai.,arsaa,URD
Azaadi ke bad beshtar arsaa bharti siyasat par congress bhaai rahi aur khud congress par ab Nehru khandaan haavi raha hai.,bharti,URD
Azaadi ke bad beshtar arsaa bharti siyasat par congress bhaai rahi aur khud congress par ab Nehru khandaan haavi raha hai.,siyasat,URD
Azaadi ke bad beshtar arsaa bharti siyasat par congress bhaai rahi aur khud congress par ab Nehru khandaan haavi raha hai.,par,URD
Azaadi ke bad beshtar arsaa bharti siyasat par congress bhaai rahi aur khud congress par ab Nehru khandaan haavi raha hai.,congress,URD
Azaadi ke bad beshtar arsaa bharti siyasat par congress bhaai rahi aur khud congress par ab Nehru khandaan haavi raha hai.,bhaai,URD
Azaadi ke bad beshtar arsaa bharti siyasat par congress bhaai rahi aur khud congress par ab Nehru khandaan haavi raha hai.,rahi,URD
Azaadi ke bad beshtar arsaa bharti siyasat par congress bhaai rahi aur khud congress par ab Nehru khandaan haavi raha hai.,aur,URD
Azaadi ke bad beshtar arsaa bharti siyasat par congress bhaai rahi aur khud congress par ab Nehru khandaan haavi raha hai.,khud,URD
Azaadi ke bad beshtar arsaa bharti siyasat par congress bhaai rahi aur khud congress par ab Nehru khandaan haavi raha hai.,congress,URD
Azaadi ke bad beshtar arsaa bharti siyasat par congress bhaai rahi aur khud congress par ab Nehru khandaan haavi raha hai.,par,URD
Azaadi ke bad beshtar arsaa bharti siyasat par congress bhaai rahi aur khud congress par ab Nehru khandaan haavi raha hai.,ab,URD
Azaadi ke bad beshtar arsaa bharti siyasat par congress bhaai rahi aur khud congress par ab Nehru khandaan haavi raha hai.,Nehru,URD
Azaadi ke bad beshtar arsaa bharti siyasat par congress bhaai rahi aur khud congress par ab Nehru khandaan haavi raha hai.,khandaan,URD
Azaadi ke bad beshtar arsaa bharti siyasat par congress bhaai rahi aur khud congress par ab Nehru khandaan haavi raha hai.,haavi,URD
Azaadi ke bad beshtar arsaa bharti siyasat par congress bhaai rahi aur khud congress par ab Nehru khandaan haavi raha hai.,raha,URD
Azaadi ke bad beshtar arsaa bharti siyasat par congress bhaai rahi aur khud congress par ab Nehru khandaan haavi raha hai.,hai.,URD
Un dino Kenya mein summer cup tournament khela jar aha tha aur Mushtaq Ahmed unfit ho gae the,Un,URD
Un dino Kenya mein summer cup tournament khela jar aha tha aur Mushtaq Ahmed unfit ho gae the,dino,URD
Un dino Kenya mein summer cup tournament khela jar aha tha aur Mushtaq Ahmed unfit ho gae the,Kenya,URD
Un dino Kenya mein summer cup tournament khela jar aha tha aur Mushtaq Ahmed unfit ho gae the,mein,URD
Un dino Kenya mein summer cup tournament khela jar aha tha aur Mushtaq Ahmed unfit ho gae the,summer,URD
Un dino Kenya mein summer cup tournament khela jar aha tha aur Mushtaq Ahmed unfit ho gae the,cup,URD
Un dino Kenya mein summer cup tournament khela jar aha tha aur Mushtaq Ahmed unfit ho gae the,tournament,URD
Un dino Kenya mein summer cup tournament khela jar aha tha aur Mushtaq Ahmed unfit ho gae the,khela,URD
Un dino Kenya mein summer cup tournament khela jar aha tha aur Mushtaq Ahmed unfit ho gae the,jar,URD
Un dino Kenya mein summer cup tournament khela jar aha tha aur Mushtaq Ahmed unfit ho gae the,aha,URD
Un dino Kenya mein summer cup tournament khela jar aha tha aur Mushtaq Ahmed unfit ho gae the,tha,URD
Un dino Kenya mein summer cup tournament khela jar aha tha aur Mushtaq Ahmed unfit ho gae the,aur,URD
Un dino Kenya mein summer cup tournament khela jar aha tha aur Mushtaq Ahmed unfit ho gae the,Mushtaq,URD
Un dino Kenya mein summer cup tournament khela jar aha tha aur Mushtaq Ahmed unfit ho gae the,Ahmed,URD
Un dino Kenya mein summer cup tournament khela jar aha tha aur Mushtaq Ahmed unfit ho gae the,unfit,URD
Un dino Kenya mein summer cup tournament khela jar aha tha aur Mushtaq Ahmed unfit ho gae the,ho,URD
Un dino Kenya mein summer cup tournament khela jar aha tha aur Mushtaq Ahmed unfit ho gae the,gae,URD
Un dino Kenya mein summer cup tournament khela jar aha tha aur Mushtaq Ahmed unfit ho gae the,the,ENG
Abid Ali audition ke leye gaye aur kamyan hone ke bad Queeta radio se dramon samet mukhtalif programon mein sada kari karne lage,Abid,URD
Abid Ali audition ke leye gaye aur kamyan hone ke bad Queeta radio se dramon samet mukhtalif programon mein sada kari karne lage,Ali,URD
Abid Ali audition ke leye gaye aur kamyan hone ke bad Queeta radio se dramon samet mukhtalif programon mein sada kari karne lage,audition,URD
Abid Ali audition ke leye gaye aur kamyan hone ke bad Queeta radio se dramon samet mukhtalif programon mein sada kari karne lage,ke,URD
Abid Ali audition ke leye gaye aur kamyan hone ke bad Queeta radio se dramon samet mukhtalif programon mein sada kari karne lage,leye,URD
Abid Ali audition ke leye gaye aur kamyan hone ke bad Queeta radio se dramon samet mukhtalif programon mein sada kari karne lage,gaye,URD
Abid Ali audition ke leye gaye aur kamyan hone ke bad Queeta radio se dramon samet mukhtalif programon mein sada kari karne lage,aur,URD
Abid Ali audition ke leye gaye aur kamyan hone ke bad Queeta radio se dramon samet mukhtalif programon mein sada kari karne lage,kamyan,URD
Abid Ali audition ke leye gaye aur kamyan hone ke bad Queeta radio se dramon samet mukhtalif programon mein sada kari karne lage,hone,URD
Abid Ali audition ke leye gaye aur kamyan hone ke bad Queeta radio se dramon samet mukhtalif programon mein sada kari karne lage,ke,URD
Abid Ali audition ke leye gaye aur kamyan hone ke bad Queeta radio se dramon samet mukhtalif programon mein sada kari karne lage,bad,ENG
Abid Ali audition ke leye gaye aur kamyan hone ke bad Queeta radio se dramon samet mukhtalif programon mein sada kari karne lage,Queeta,URD
Abid Ali audition ke leye gaye aur kamyan hone ke bad Queeta radio se dramon samet mukhtalif programon mein sada kari karne lage,radio,URD
Abid Ali audition ke leye gaye aur kamyan hone ke bad Queeta radio se dramon samet mukhtalif programon mein sada kari karne lage,se,URD
Abid Ali audition ke leye gaye aur kamyan hone ke bad Queeta radio se dramon samet mukhtalif programon mein sada kari karne lage,dramon,URD
Abid Ali audition ke leye gaye aur kamyan hone ke bad Queeta radio se dramon samet mukhtalif programon mein sada kari karne lage,samet,URD
Abid Ali audition ke leye gaye aur kamyan hone ke bad Queeta radio se dramon samet mukhtalif programon mein sada kari karne lage,mukhtalif,URD
Abid Ali audition ke leye gaye aur kamyan hone ke bad Queeta radio se dramon samet mukhtalif programon mein sada kari karne lage,programon,URD
Abid Ali audition ke leye gaye aur kamyan hone ke bad Queeta radio se dramon samet mukhtalif programon mein sada kari karne lage,mein,URD
Abid Ali audition ke leye gaye aur kamyan hone ke bad Queeta radio se dramon samet mukhtalif programon mein sada kari karne lage,sada,URD
Abid Ali audition ke leye gaye aur kamyan hone ke bad Queeta radio se dramon samet mukhtalif programon mein sada kari karne lage,kari,URD
Abid Ali audition ke leye gaye aur kamyan hone ke bad Queeta radio se dramon samet mukhtalif programon mein sada kari karne lage,karne,URD
Abid Ali audition ke leye gaye aur kamyan hone ke bad Queeta radio se dramon samet mukhtalif programon mein sada kari karne lage,lage,URD
"Mene ye mobile daraz se 5 month pehle buy kia hai and i love my moto E4 plus... awesome camera, zbrdst battery timing...pefect mobile:)",Mene,URD
"Mene ye mobile daraz se 5 month pehle buy kia hai and i love my moto E4 plus... awesome camera, zbrdst battery timing...pefect mobile:)",ye,URD
"Mene ye mobile daraz se 5 month pehle buy kia hai and i love my moto E4 plus... awesome camera, zbrdst battery timing...pefect mobile:)",mobile,MIX
"Mene ye mobile daraz se 5 month pehle buy kia hai and i love my moto E4 plus... awesome camera, zbrdst battery timing...pefect mobile:)",daraz,URD
"Mene ye mobile daraz se 5 month pehle buy kia hai and i love my moto E4 plus... awesome camera, zbrdst battery timing...pefect mobile:)",se,URD
"Mene ye mobile daraz se 5 month pehle buy kia hai and i love my moto E4 plus... awesome camera, zbrdst battery timing...pefect mobile:)",5,URD
"Mene ye mobile daraz se 5 month pehle buy kia hai and i love my moto E4 plus... awesome camera, zbrdst battery timing...pefect mobile:)",month,URD
"Mene ye mobile daraz se 5 month pehle buy kia hai and i love my moto E4 plus... awesome camera, zbrdst battery timing...pefect mobile:)",pehle,URD
"Mene ye mobile daraz se 5 month pehle buy kia hai and i love my moto E4 plus... awesome camera, zbrdst battery timing...pefect mobile:)",buy,URD
"Mene ye mobile daraz se 5 month pehle buy kia hai and i love my moto E4 plus... awesome camera, zbrdst battery timing...pefect mobile:)",kia,URD
"Mene ye mobile daraz se 5 month pehle buy kia hai and i love my moto E4 plus... awesome camera, zbrdst battery timing...pefect mobile:)",hai,URD
"Mene ye mobile daraz se 5 month pehle buy kia hai and i love my moto E4 plus... awesome camera, zbrdst battery timing...pefect mobile:)",and,ENG
"Mene ye mobile daraz se 5 month pehle buy kia hai and i love my moto E4 plus... awesome camera, zbrdst battery timing...pefect mobile:)",i,URD
"Mene ye mobile daraz se 5 month pehle buy kia hai and i love my moto E4 plus... awesome camera, zbrdst battery timing...pefect mobile:)",love,ENG
"Mene ye mobile daraz se 5 month pehle buy kia hai and i love my moto E4 plus... awesome camera, zbrdst battery timing...pefect mobile:)",my,URD
"Mene ye mobile daraz se 5 month pehle buy kia hai and i love my moto E4 plus... awesome camera, zbrdst battery timing...pefect mobile:)",moto,URD
"Mene ye mobile daraz se 5 month pehle buy kia hai and i love my moto E4 plus... awesome camera, zbrdst battery timing...pefect mobile:)",E4,URD
"Mene ye mobile daraz se 5 month pehle buy kia hai and i love my moto E4 plus... awesome camera, zbrdst battery timing...pefect mobile:)",plus...,URD
"Mene ye mobile daraz se 5 month pehle buy kia hai and i love my moto E4 plus... awesome camera, zbrdst battery timing...pefect mobile:)",awesome,ENG
"Mene ye mobile daraz se 5 month pehle buy kia hai and i love my moto E4 plus... awesome camera, zbrdst battery timing...pefect mobile:)","camera,",URD
"Mene ye mobile daraz se 5 month pehle buy kia hai and i love my moto E4 plus... awesome camera, zbrdst battery timing...pefect mobile:)",zbrdst,URD
"Mene ye mobile daraz se 5 month pehle buy kia hai and i love my moto E4 plus... awesome camera, zbrdst battery timing...pefect mobile:)",battery,URD
"Mene ye mobile daraz se 5 month pehle buy kia hai and i love my moto E4 plus... awesome camera, zbrdst battery timing...pefect mobile:)",timing...pefect,URD
"Mene ye mobile daraz se 5 month pehle buy kia hai and i love my moto E4 plus... awesome camera, zbrdst battery timing...pefect mobile:)",mobile:),MIX
Aap ke usatzaa mein Mir Maulvi Shams ul Haq ( jo Allama Iqbal ke bhi Ustaad the ) bhi shamil the,Aap,URD
Aap ke usatzaa mein Mir Maulvi Shams ul Haq ( jo Allama Iqbal ke bhi Ustaad the ) bhi shamil the,ke,URD
Aap ke usatzaa mein Mir Maulvi Shams ul Haq ( jo Allama Iqbal ke bhi Ustaad the ) bhi shamil the,usatzaa,URD
Aap ke usatzaa mein Mir Maulvi Shams ul Haq ( jo Allama Iqbal ke bhi Ustaad the ) bhi shamil the,mein,URD
Aap ke usatzaa mein Mir Maulvi Shams ul Haq ( jo Allama Iqbal ke bhi Ustaad the ) bhi shamil the,Mir,URD
Aap ke usatzaa mein Mir Maulvi Shams ul Haq ( jo Allama Iqbal ke bhi Ustaad the ) bhi shamil the,Maulvi,URD
Aap ke usatzaa mein Mir Maulvi Shams ul Haq ( jo Allama Iqbal ke bhi Ustaad the ) bhi shamil the,Shams,URD
Aap ke usatzaa mein Mir Maulvi Shams ul Haq ( jo Allama Iqbal ke bhi Ustaad the ) bhi shamil the,ul,URD
Aap ke usatzaa mein Mir Maulvi Shams ul Haq ( jo Allama Iqbal ke bhi Ustaad the ) bhi shamil the,Haq,URD
Aap ke usatzaa mein Mir Maulvi Shams ul Haq ( jo Allama Iqbal ke bhi Ustaad the ) bhi shamil the,(,URD
Aap ke usatzaa mein Mir Maulvi Shams ul Haq ( jo Allama Iqbal ke bhi Ustaad the ) bhi shamil the,jo,URD
Aap ke usatzaa mein Mir Maulvi Shams ul Haq ( jo Allama Iqbal ke bhi Ustaad the ) bhi shamil the,Allama,URD
Aap ke usatzaa mein Mir Maulvi Shams ul Haq ( jo Allama Iqbal ke bhi Ustaad the ) bhi shamil the,Iqbal,URD
Aap ke usatzaa mein Mir Maulvi Shams ul Haq ( jo Allama Iqbal ke bhi Ustaad the ) bhi shamil the,ke,URD
Aap ke usatzaa mein Mir Maulvi Shams ul Haq ( jo Allama Iqbal ke bhi Ustaad the ) bhi shamil the,bhi,URD
Aap ke usatzaa mein Mir Maulvi Shams ul Haq ( jo Allama Iqbal ke bhi Ustaad the ) bhi shamil the,Ustaad,URD
Aap ke usatzaa mein Mir Maulvi Shams ul Haq ( jo Allama Iqbal ke bhi Ustaad the ) bhi shamil the,the,ENG
Aap ke usatzaa mein Mir Maulvi Shams ul Haq ( jo Allama Iqbal ke bhi Ustaad the ) bhi shamil the,),URD
Aap ke usatzaa mein Mir Maulvi Shams ul Haq ( jo Allama Iqbal ke bhi Ustaad the ) bhi shamil the,bhi,URD
Aap ke usatzaa mein Mir Maulvi Shams ul Haq ( jo Allama Iqbal ke bhi Ustaad the ) bhi shamil the,shamil,URD
Aap ke usatzaa mein Mir Maulvi Shams ul Haq ( jo Allama Iqbal ke bhi Ustaad the ) bhi shamil the,the,ENG
Market my ye charger 1600 ka milta hy same is company wala.,Market,URD
Market my ye charger 1600 ka milta hy same is company wala.,my,URD
Market my ye charger 1600 ka milta hy same is company wala.,ye,URD
Market my ye charger 1600 ka milta hy same is company wala.,charger,URD
Market my ye charger 1600 ka milta hy same is company wala.,1600,URD
Market my ye charger 1600 ka milta hy same is company wala.,ka,URD
Market my ye charger 1600 ka milta hy same is company wala.,milta,URD
Market my ye charger 1600 ka milta hy same is company wala.,hy,URD
Market my ye charger 1600 ka milta hy same is company wala.,same,URD
Market my ye charger 1600 ka milta hy same is company wala.,is,ENG
Market my ye charger 1600 ka milta hy same is company wala.,company,URD
Market my ye charger 1600 ka milta hy same is company wala.,wala.,URD
Bad azaa inho ne commercial films mein bhi acting ka aaghaz kiya,Bad,ENG
Bad azaa inho ne commercial films mein bhi acting ka aaghaz kiya,azaa,URD
Bad azaa inho ne commercial films mein bhi acting ka aaghaz kiya,inho,URD
Bad azaa inho ne commercial films mein bhi acting ka aaghaz kiya,ne,URD
Bad azaa inho ne commercial films mein bhi acting ka aaghaz kiya,commercial,URD
Bad azaa inho ne commercial films mein bhi acting ka aaghaz kiya,films,URD
Bad azaa inho ne commercial films mein bhi acting ka aaghaz kiya,mein,URD
Bad azaa inho ne commercial films mein bhi acting ka aaghaz kiya,bhi,URD
Bad azaa inho ne commercial films mein bhi acting ka aaghaz kiya,acting,URD
Bad azaa inho ne commercial films mein bhi acting ka aaghaz kiya,ka,URD
Bad azaa inho ne commercial films mein bhi acting ka aaghaz kiya,aaghaz,URD
Bad azaa inho ne commercial films mein bhi acting ka aaghaz kiya,kiya,URD
bus is main se ice cream hata do😂,bus,URD
bus is main se ice cream hata do😂,is,ENG
bus is main se ice cream hata do😂,main,URD
bus is main se ice cream hata do😂,se,URD
bus is main se ice cream hata do😂,ice,URD
bus is main se ice cream hata do😂,cream,URD
bus is main se ice cream hata do😂,hata,URD
bus is main se ice cream hata do😂,do😂,URD
N League + PPP + Fazlul Rehman + Anp + Mqm + Jamat e Islami K Supporter sy Request Ha Is Post Ko Share Kary Warna Dramy Band Kary,N,URD
N League + PPP + Fazlul Rehman + Anp + Mqm + Jamat e Islami K Supporter sy Request Ha Is Post Ko Share Kary Warna Dramy Band Kary,League,URD
N League + PPP + Fazlul Rehman + Anp + Mqm + Jamat e Islami K Supporter sy Request Ha Is Post Ko Share Kary Warna Dramy Band Kary,+,URD
N League + PPP + Fazlul Rehman + Anp + Mqm + Jamat e Islami K Supporter sy Request Ha Is Post Ko Share Kary Warna Dramy Band Kary,PPP,URD
N League + PPP + Fazlul Rehman + Anp + Mqm + Jamat e Islami K Supporter sy Request Ha Is Post Ko Share Kary Warna Dramy Band Kary,+,URD
N League + PPP + Fazlul Rehman + Anp + Mqm + Jamat e Islami K Supporter sy Request Ha Is Post Ko Share Kary Warna Dramy Band Kary,Fazlul,URD
N League + PPP + Fazlul Rehman + Anp + Mqm + Jamat e Islami K Supporter sy Request Ha Is Post Ko Share Kary Warna Dramy Band Kary,Rehman,URD
N League + PPP + Fazlul Rehman + Anp + Mqm + Jamat e Islami K Supporter sy Request Ha Is Post Ko Share Kary Warna Dramy Band Kary,+,URD
N League + PPP + Fazlul Rehman + Anp + Mqm + Jamat e Islami K Supporter sy Request Ha Is Post Ko Share Kary Warna Dramy Band Kary,Anp,URD
N League + PPP + Fazlul Rehman + Anp + Mqm + Jamat e Islami K Supporter sy Request Ha Is Post Ko Share Kary Warna Dramy Band Kary,+,URD
N League + PPP + Fazlul Rehman + Anp + Mqm + Jamat e Islami K Supporter sy Request Ha Is Post Ko Share Kary Warna Dramy Band Kary,Mqm,URD
N League + PPP + Fazlul Rehman + Anp + Mqm + Jamat e Islami K Supporter sy Request Ha Is Post Ko Share Kary Warna Dramy Band Kary,+,URD
N League + PPP + Fazlul Rehman + Anp + Mqm + Jamat e Islami K Supporter sy Request Ha Is Post Ko Share Kary Warna Dramy Band Kary,Jamat,URD
N League + PPP + Fazlul Rehman + Anp + Mqm + Jamat e Islami K Supporter sy Request Ha Is Post Ko Share Kary Warna Dramy Band Kary,e,URD
N League + PPP + Fazlul Rehman + Anp + Mqm + Jamat e Islami K Supporter sy Request Ha Is Post Ko Share Kary Warna Dramy Band Kary,Islami,URD
N League + PPP + Fazlul Rehman + Anp + Mqm + Jamat e Islami K Supporter sy Request Ha Is Post Ko Share Kary Warna Dramy Band Kary,K,URD
N League + PPP + Fazlul Rehman + Anp + Mqm + Jamat e Islami K Supporter sy Request Ha Is Post Ko Share Kary Warna Dramy Band Kary,Supporter,URD
N League + PPP + Fazlul Rehman + Anp + Mqm + Jamat e Islami K Supporter sy Request Ha Is Post Ko Share Kary Warna Dramy Band Kary,sy,URD
N League + PPP + Fazlul Rehman + Anp + Mqm + Jamat e Islami K Supporter sy Request Ha Is Post Ko Share Kary Warna Dramy Band Kary,Request,URD
N League + PPP + Fazlul Rehman + Anp + Mqm + Jamat e Islami K Supporter sy Request Ha Is Post Ko Share Kary Warna Dramy Band Kary,Ha,URD
N League + PPP + Fazlul Rehman + Anp + Mqm + Jamat e Islami K Supporter sy Request Ha Is Post Ko Share Kary Warna Dramy Band Kary,Is,ENG
N League + PPP + Fazlul Rehman + Anp + Mqm + Jamat e Islami K Supporter sy Request Ha Is Post Ko Share Kary Warna Dramy Band Kary,Post,ENG
N League + PPP + Fazlul Rehman + Anp + Mqm + Jamat e Islami K Supporter sy Request Ha Is Post Ko Share Kary Warna Dramy Band Kary,Ko,URD
N League + PPP + Fazlul Rehman + Anp + Mqm + Jamat e Islami K Supporter sy Request Ha Is Post Ko Share Kary Warna Dramy Band Kary,Share,ENG
N League + PPP + Fazlul Rehman + Anp + Mqm + Jamat e Islami K Supporter sy Request Ha Is Post Ko Share Kary Warna Dramy Band Kary,Kary,URD
N League + PPP + Fazlul Rehman + Anp + Mqm + Jamat e Islami K Supporter sy Request Ha Is Post Ko Share Kary Warna Dramy Band Kary,Warna,URD
N League + PPP + Fazlul Rehman + Anp + Mqm + Jamat e Islami K Supporter sy Request Ha Is Post Ko Share Kary Warna Dramy Band Kary,Dramy,URD
N League + PPP + Fazlul Rehman + Anp + Mqm + Jamat e Islami K Supporter sy Request Ha Is Post Ko Share Kary Warna Dramy Band Kary,Band,URD
N League + PPP + Fazlul Rehman + Anp + Mqm + Jamat e Islami K Supporter sy Request Ha Is Post Ko Share Kary Warna Dramy Band Kary,Kary,URD
21th countery mein 1949ke type ke movie  lag rae hn ya tu background 'music'edation and acting eak dam bakwas,21th,URD
21th countery mein 1949ke type ke movie  lag rae hn ya tu background 'music'edation and acting eak dam bakwas,countery,URD
21th countery mein 1949ke type ke movie  lag rae hn ya tu background 'music'edation and acting eak dam bakwas,mein,URD
21th countery mein 1949ke type ke movie  lag rae hn ya tu background 'music'edation and acting eak dam bakwas,1949ke,URD
21th countery mein 1949ke type ke movie  lag rae hn ya tu background 'music'edation and acting eak dam bakwas,type,URD
21th countery mein 1949ke type ke movie  lag rae hn ya tu background 'music'edation and acting eak dam bakwas,ke,URD
21th countery mein 1949ke type ke movie  lag rae hn ya tu background 'music'edation and acting eak dam bakwas,movie,ENG
21th countery mein 1949ke type ke movie  lag rae hn ya tu background 'music'edation and acting eak dam bakwas,lag,URD
21th countery mein 1949ke type ke movie  lag rae hn ya tu background 'music'edation and acting eak dam bakwas,rae,URD
21th countery mein 1949ke type ke movie  lag rae hn ya tu background 'music'edation and acting eak dam bakwas,hn,URD
21th countery mein 1949ke type ke movie  lag rae hn ya tu background 'music'edation and acting eak dam bakwas,ya,URD
21th countery mein 1949ke type ke movie  lag rae hn ya tu background 'music'edation and acting eak dam bakwas,tu,URD
21th countery mein 1949ke type ke movie  lag rae hn ya tu background 'music'edation and acting eak dam bakwas,background,URD
21th countery mein 1949ke type ke movie  lag rae hn ya tu background 'music'edation and acting eak dam bakwas,'music'edation,URD
21th countery mein 1949ke type ke movie  lag rae hn ya tu background 'music'edation and acting eak dam bakwas,and,ENG
21th countery mein 1949ke type ke movie  lag rae hn ya tu background 'music'edation and acting eak dam bakwas,acting,URD
21th countery mein 1949ke type ke movie  lag rae hn ya tu background 'music'edation and acting eak dam bakwas,eak,URD
21th countery mein 1949ke type ke movie  lag rae hn ya tu background 'music'edation and acting eak dam bakwas,dam,URD
21th countery mein 1949ke type ke movie  lag rae hn ya tu background 'music'edation and acting eak dam bakwas,bakwas,URD
Fan jo hoty hain wo apne idol ko follow krte hain,Fan,ENG
Fan jo hoty hain wo apne idol ko follow krte hain,jo,URD
Fan jo hoty hain wo apne idol ko follow krte hain,hoty,URD
Fan jo hoty hain wo apne idol ko follow krte hain,hain,URD
Fan jo hoty hain wo apne idol ko follow krte hain,wo,URD
Fan jo hoty hain wo apne idol ko follow krte hain,apne,URD
Fan jo hoty hain wo apne idol ko follow krte hain,idol,URD
Fan jo hoty hain wo apne idol ko follow krte hain,ko,URD
Fan jo hoty hain wo apne idol ko follow krte hain,follow,ENG
Fan jo hoty hain wo apne idol ko follow krte hain,krte,URD
Fan jo hoty hain wo apne idol ko follow krte hain,hain,URD
doskhi lanat ho allah ki is par,doskhi,URD
doskhi lanat ho allah ki is par,lanat,URD
doskhi lanat ho allah ki is par,ho,URD
doskhi lanat ho allah ki is par,allah,URD
doskhi lanat ho allah ki is par,ki,URD
doskhi lanat ho allah ki is par,is,ENG
doskhi lanat ho allah ki is par,par,URD
Humaray liay bhi Dua ker dain Allah Pak AP ko is kab ajer day ameen,Humaray,URD
Humaray liay bhi Dua ker dain Allah Pak AP ko is kab ajer day ameen,liay,URD
Humaray liay bhi Dua ker dain Allah Pak AP ko is kab ajer day ameen,bhi,URD
Humaray liay bhi Dua ker dain Allah Pak AP ko is kab ajer day ameen,Dua,URD
Humaray liay bhi Dua ker dain Allah Pak AP ko is kab ajer day ameen,ker,URD
Humaray liay bhi Dua ker dain Allah Pak AP ko is kab ajer day ameen,dain,URD
Humaray liay bhi Dua ker dain Allah Pak AP ko is kab ajer day ameen,Allah,URD
Humaray liay bhi Dua ker dain Allah Pak AP ko is kab ajer day ameen,Pak,URD
Humaray liay bhi Dua ker dain Allah Pak AP ko is kab ajer day ameen,AP,URD
Humaray liay bhi Dua ker dain Allah Pak AP ko is kab ajer day ameen,ko,URD
Humaray liay bhi Dua ker dain Allah Pak AP ko is kab ajer day ameen,is,ENG
Humaray liay bhi Dua ker dain Allah Pak AP ko is kab ajer day ameen,kab,URD
Humaray liay bhi Dua ker dain Allah Pak AP ko is kab ajer day ameen,ajer,URD
Humaray liay bhi Dua ker dain Allah Pak AP ko is kab ajer day ameen,day,URD
Humaray liay bhi Dua ker dain Allah Pak AP ko is kab ajer day ameen,ameen,URD
Is ke liye main ne aik behtareen composition wale geet ko record kiya hai aur ab is geet ka video bhi banaya jaega,Is,ENG
Is ke liye main ne aik behtareen composition wale geet ko record kiya hai aur ab is geet ka video bhi banaya jaega,ke,URD
Is ke liye main ne aik behtareen composition wale geet ko record kiya hai aur ab is geet ka video bhi banaya jaega,liye,URD
Is ke liye main ne aik behtareen composition wale geet ko record kiya hai aur ab is geet ka video bhi banaya jaega,main,URD
Is ke liye main ne aik behtareen composition wale geet ko record kiya hai aur ab is geet ka video bhi banaya jaega,ne,URD
Is ke liye main ne aik behtareen composition wale geet ko record kiya hai aur ab is geet ka video bhi banaya jaega,aik,URD
Is ke liye main ne aik behtareen composition wale geet ko record kiya hai aur ab is geet ka video bhi banaya jaega,behtareen,URD
Is ke liye main ne aik behtareen composition wale geet ko record kiya hai aur ab is geet ka video bhi banaya jaega,composition,URD
Is ke liye main ne aik behtareen composition wale geet ko record kiya hai aur ab is geet ka video bhi banaya jaega,wale,URD
Is ke liye main ne aik behtareen composition wale geet ko record kiya hai aur ab is geet ka video bhi banaya jaega,geet,URD
Is ke liye main ne aik behtareen composition wale geet ko record kiya hai aur ab is geet ka video bhi banaya jaega,ko,URD
Is ke liye main ne aik behtareen composition wale geet ko record kiya hai aur ab is geet ka video bhi banaya jaega,record,URD
Is ke liye main ne aik behtareen composition wale geet ko record kiya hai aur ab is geet ka video bhi banaya jaega,kiya,URD
Is ke liye main ne aik behtareen composition wale geet ko record kiya hai aur ab is geet ka video bhi banaya jaega,hai,URD
Is ke liye main ne aik behtareen composition wale geet ko record kiya hai aur ab is geet ka video bhi banaya jaega,aur,URD
Is ke liye main ne aik behtareen composition wale geet ko record kiya hai aur ab is geet ka video bhi banaya jaega,ab,URD
Is ke liye main ne aik behtareen composition wale geet ko record kiya hai aur ab is geet ka video bhi banaya jaega,is,ENG
Is ke liye main ne aik behtareen composition wale geet ko record kiya hai aur ab is geet ka video bhi banaya jaega,geet,URD
Is ke liye main ne aik behtareen composition wale geet ko record kiya hai aur ab is geet ka video bhi banaya jaega,ka,URD
Is ke liye main ne aik behtareen composition wale geet ko record kiya hai aur ab is geet ka video bhi banaya jaega,video,ENG
Is ke liye main ne aik behtareen composition wale geet ko record kiya hai aur ab is geet ka video bhi banaya jaega,bhi,URD
Is ke liye main ne aik behtareen composition wale geet ko record kiya hai aur ab is geet ka video bhi banaya jaega,banaya,URD
Is ke liye main ne aik behtareen composition wale geet ko record kiya hai aur ab is geet ka video bhi banaya jaega,jaega,URD
Bc oper comment dekh.. real brave... yaar ki bakwas ay... bc border pe match hotay hain... sala brave ka.,Bc,URD
Bc oper comment dekh.. real brave... yaar ki bakwas ay... bc border pe match hotay hain... sala brave ka.,oper,URD
Bc oper comment dekh.. real brave... yaar ki bakwas ay... bc border pe match hotay hain... sala brave ka.,comment,ENG
Bc oper comment dekh.. real brave... yaar ki bakwas ay... bc border pe match hotay hain... sala brave ka.,dekh..,URD
Bc oper comment dekh.. real brave... yaar ki bakwas ay... bc border pe match hotay hain... sala brave ka.,real,ENG
Bc oper comment dekh.. real brave... yaar ki bakwas ay... bc border pe match hotay hain... sala brave ka.,brave...,URD
Bc oper comment dekh.. real brave... yaar ki bakwas ay... bc border pe match hotay hain... sala brave ka.,yaar,URD
Bc oper comment dekh.. real brave... yaar ki bakwas ay... bc border pe match hotay hain... sala brave ka.,ki,URD
Bc oper comment dekh.. real brave... yaar ki bakwas ay... bc border pe match hotay hain... sala brave ka.,bakwas,URD
Bc oper comment dekh.. real brave... yaar ki bakwas ay... bc border pe match hotay hain... sala brave ka.,ay...,URD
Bc oper comment dekh.. real brave... yaar ki bakwas ay... bc border pe match hotay hain... sala brave ka.,bc,URD
Bc oper comment dekh.. real brave... yaar ki bakwas ay... bc border pe match hotay hain... sala brave ka.,border,URD
Bc oper comment dekh.. real brave... yaar ki bakwas ay... bc border pe match hotay hain... sala brave ka.,pe,URD
Bc oper comment dekh.. real brave... yaar ki bakwas ay... bc border pe match hotay hain... sala brave ka.,match,ENG
Bc oper comment dekh.. real brave... yaar ki bakwas ay... bc border pe match hotay hain... sala brave ka.,hotay,URD
Bc oper comment dekh.. real brave... yaar ki bakwas ay... bc border pe match hotay hain... sala brave ka.,hain...,URD
Bc oper comment dekh.. real brave... yaar ki bakwas ay... bc border pe match hotay hain... sala brave ka.,sala,URD
Bc oper comment dekh.. real brave... yaar ki bakwas ay... bc border pe match hotay hain... sala brave ka.,brave,URD
Bc oper comment dekh.. real brave... yaar ki bakwas ay... bc border pe match hotay hain... sala brave ka.,ka.,URD
Phir aik taweel waqfey ke bad 2008 mien inho ne films se dobara nata jorha,Phir,URD
Phir aik taweel waqfey ke bad 2008 mien inho ne films se dobara nata jorha,aik,URD
Phir aik taweel waqfey ke bad 2008 mien inho ne films se dobara nata jorha,taweel,URD
Phir aik taweel waqfey ke bad 2008 mien inho ne films se dobara nata jorha,waqfey,URD
Phir aik taweel waqfey ke bad 2008 mien inho ne films se dobara nata jorha,ke,URD
Phir aik taweel waqfey ke bad 2008 mien inho ne films se dobara nata jorha,bad,ENG
Phir aik taweel waqfey ke bad 2008 mien inho ne films se dobara nata jorha,2008,URD
Phir aik taweel waqfey ke bad 2008 mien inho ne films se dobara nata jorha,mien,URD
Phir aik taweel waqfey ke bad 2008 mien inho ne films se dobara nata jorha,inho,URD
Phir aik taweel waqfey ke bad 2008 mien inho ne films se dobara nata jorha,ne,URD
Phir aik taweel waqfey ke bad 2008 mien inho ne films se dobara nata jorha,films,URD
Phir aik taweel waqfey ke bad 2008 mien inho ne films se dobara nata jorha,se,URD
Phir aik taweel waqfey ke bad 2008 mien inho ne films se dobara nata jorha,dobara,URD
Phir aik taweel waqfey ke bad 2008 mien inho ne films se dobara nata jorha,nata,URD
Phir aik taweel waqfey ke bad 2008 mien inho ne films se dobara nata jorha,jorha,URD
Vea karle is se tu,Vea,URD
Vea karle is se tu,karle,URD
Vea karle is se tu,is,ENG
Vea karle is se tu,se,URD
Vea karle is se tu,tu,URD
1978  mein  jab Bharat ki team Pakistan ka dore per ai to mulk mein cricket ki maqboliyat apne urooj per thi,1978,URD
1978  mein  jab Bharat ki team Pakistan ka dore per ai to mulk mein cricket ki maqboliyat apne urooj per thi,mein,URD
1978  mein  jab Bharat ki team Pakistan ka dore per ai to mulk mein cricket ki maqboliyat apne urooj per thi,jab,URD
1978  mein  jab Bharat ki team Pakistan ka dore per ai to mulk mein cricket ki maqboliyat apne urooj per thi,Bharat,URD
1978  mein  jab Bharat ki team Pakistan ka dore per ai to mulk mein cricket ki maqboliyat apne urooj per thi,ki,URD
1978  mein  jab Bharat ki team Pakistan ka dore per ai to mulk mein cricket ki maqboliyat apne urooj per thi,team,ENG
1978  mein  jab Bharat ki team Pakistan ka dore per ai to mulk mein cricket ki maqboliyat apne urooj per thi,Pakistan,URD
1978  mein  jab Bharat ki team Pakistan ka dore per ai to mulk mein cricket ki maqboliyat apne urooj per thi,ka,URD
1978  mein  jab Bharat ki team Pakistan ka dore per ai to mulk mein cricket ki maqboliyat apne urooj per thi,dore,URD
1978  mein  jab Bharat ki team Pakistan ka dore per ai to mulk mein cricket ki maqboliyat apne urooj per thi,per,URD
1978  mein  jab Bharat ki team Pakistan ka dore per ai to mulk mein cricket ki maqboliyat apne urooj per thi,ai,URD
1978  mein  jab Bharat ki team Pakistan ka dore per ai to mulk mein cricket ki maqboliyat apne urooj per thi,to,URD
1978  mein  jab Bharat ki team Pakistan ka dore per ai to mulk mein cricket ki maqboliyat apne urooj per thi,mulk,URD
1978  mein  jab Bharat ki team Pakistan ka dore per ai to mulk mein cricket ki maqboliyat apne urooj per thi,mein,URD
1978  mein  jab Bharat ki team Pakistan ka dore per ai to mulk mein cricket ki maqboliyat apne urooj per thi,cricket,URD
1978  mein  jab Bharat ki team Pakistan ka dore per ai to mulk mein cricket ki maqboliyat apne urooj per thi,ki,URD
1978  mein  jab Bharat ki team Pakistan ka dore per ai to mulk mein cricket ki maqboliyat apne urooj per thi,maqboliyat,URD
1978  mein  jab Bharat ki team Pakistan ka dore per ai to mulk mein cricket ki maqboliyat apne urooj per thi,apne,URD
1978  mein  jab Bharat ki team Pakistan ka dore per ai to mulk mein cricket ki maqboliyat apne urooj per thi,urooj,URD
1978  mein  jab Bharat ki team Pakistan ka dore per ai to mulk mein cricket ki maqboliyat apne urooj per thi,per,URD
1978  mein  jab Bharat ki team Pakistan ka dore per ai to mulk mein cricket ki maqboliyat apne urooj per thi,thi,URD
aaao happy ko judge kertay hain,aaao,URD
aaao happy ko judge kertay hain,happy,ENG
aaao happy ko judge kertay hain,ko,URD
aaao happy ko judge kertay hain,judge,URD
aaao happy ko judge kertay hain,kertay,URD
aaao happy ko judge kertay hain,hain,URD
Yeh drama bht zbrdst hai kafi time bd hum tv walon ne dubara acche dramas bana shuru kiye hai,Yeh,URD
Yeh drama bht zbrdst hai kafi time bd hum tv walon ne dubara acche dramas bana shuru kiye hai,drama,URD
Yeh drama bht zbrdst hai kafi time bd hum tv walon ne dubara acche dramas bana shuru kiye hai,bht,URD
Yeh drama bht zbrdst hai kafi time bd hum tv walon ne dubara acche dramas bana shuru kiye hai,zbrdst,URD
Yeh drama bht zbrdst hai kafi time bd hum tv walon ne dubara acche dramas bana shuru kiye hai,hai,URD
Yeh drama bht zbrdst hai kafi time bd hum tv walon ne dubara acche dramas bana shuru kiye hai,kafi,URD
Yeh drama bht zbrdst hai kafi time bd hum tv walon ne dubara acche dramas bana shuru kiye hai,time,MIX
Yeh drama bht zbrdst hai kafi time bd hum tv walon ne dubara acche dramas bana shuru kiye hai,bd,URD
Yeh drama bht zbrdst hai kafi time bd hum tv walon ne dubara acche dramas bana shuru kiye hai,hum,URD
Yeh drama bht zbrdst hai kafi time bd hum tv walon ne dubara acche dramas bana shuru kiye hai,tv,URD
Yeh drama bht zbrdst hai kafi time bd hum tv walon ne dubara acche dramas bana shuru kiye hai,walon,URD
Yeh drama bht zbrdst hai kafi time bd hum tv walon ne dubara acche dramas bana shuru kiye hai,ne,URD
Yeh drama bht zbrdst hai kafi time bd hum tv walon ne dubara acche dramas bana shuru kiye hai,dubara,URD
Yeh drama bht zbrdst hai kafi time bd hum tv walon ne dubara acche dramas bana shuru kiye hai,acche,URD
Yeh drama bht zbrdst hai kafi time bd hum tv walon ne dubara acche dramas bana shuru kiye hai,dramas,URD
Yeh drama bht zbrdst hai kafi time bd hum tv walon ne dubara acche dramas bana shuru kiye hai,bana,URD
Yeh drama bht zbrdst hai kafi time bd hum tv walon ne dubara acche dramas bana shuru kiye hai,shuru,URD
Yeh drama bht zbrdst hai kafi time bd hum tv walon ne dubara acche dramas bana shuru kiye hai,kiye,URD
Yeh drama bht zbrdst hai kafi time bd hum tv walon ne dubara acche dramas bana shuru kiye hai,hai,URD
Wo apna ghar chor chuke the  lehaza inhe kae maah tak apne aik dost ki Ampala Car mein rehaiysh ikhteyar karni parhi,Wo,URD
Wo apna ghar chor chuke the  lehaza inhe kae maah tak apne aik dost ki Ampala Car mein rehaiysh ikhteyar karni parhi,apna,URD
Wo apna ghar chor chuke the  lehaza inhe kae maah tak apne aik dost ki Ampala Car mein rehaiysh ikhteyar karni parhi,ghar,URD
Wo apna ghar chor chuke the  lehaza inhe kae maah tak apne aik dost ki Ampala Car mein rehaiysh ikhteyar karni parhi,chor,URD
Wo apna ghar chor chuke the  lehaza inhe kae maah tak apne aik dost ki Ampala Car mein rehaiysh ikhteyar karni parhi,chuke,URD
Wo apna ghar chor chuke the  lehaza inhe kae maah tak apne aik dost ki Ampala Car mein rehaiysh ikhteyar karni parhi,the,ENG
Wo apna ghar chor chuke the  lehaza inhe kae maah tak apne aik dost ki Ampala Car mein rehaiysh ikhteyar karni parhi,lehaza,URD
Wo apna ghar chor chuke the  lehaza inhe kae maah tak apne aik dost ki Ampala Car mein rehaiysh ikhteyar karni parhi,inhe,URD
Wo apna ghar chor chuke the  lehaza inhe kae maah tak apne aik dost ki Ampala Car mein rehaiysh ikhteyar karni parhi,kae,URD
Wo apna ghar chor chuke the  lehaza inhe kae maah tak apne aik dost ki Ampala Car mein rehaiysh ikhteyar karni parhi,maah,URD
Wo apna ghar chor chuke the  lehaza inhe kae maah tak apne aik dost ki Ampala Car mein rehaiysh ikhteyar karni parhi,tak,URD
Wo apna ghar chor chuke the  lehaza inhe kae maah tak apne aik dost ki Ampala Car mein rehaiysh ikhteyar karni parhi,apne,URD
Wo apna ghar chor chuke the  lehaza inhe kae maah tak apne aik dost ki Ampala Car mein rehaiysh ikhteyar karni parhi,aik,URD
Wo apna ghar chor chuke the  lehaza inhe kae maah tak apne aik dost ki Ampala Car mein rehaiysh ikhteyar karni parhi,dost,URD
Wo apna ghar chor chuke the  lehaza inhe kae maah tak apne aik dost ki Ampala Car mein rehaiysh ikhteyar karni parhi,ki,URD
Wo apna ghar chor chuke the  lehaza inhe kae maah tak apne aik dost ki Ampala Car mein rehaiysh ikhteyar karni parhi,Ampala,URD
Wo apna ghar chor chuke the  lehaza inhe kae maah tak apne aik dost ki Ampala Car mein rehaiysh ikhteyar karni parhi,Car,URD
Wo apna ghar chor chuke the  lehaza inhe kae maah tak apne aik dost ki Ampala Car mein rehaiysh ikhteyar karni parhi,mein,URD
Wo apna ghar chor chuke the  lehaza inhe kae maah tak apne aik dost ki Ampala Car mein rehaiysh ikhteyar karni parhi,rehaiysh,URD
Wo apna ghar chor chuke the  lehaza inhe kae maah tak apne aik dost ki Ampala Car mein rehaiysh ikhteyar karni parhi,ikhteyar,URD
Wo apna ghar chor chuke the  lehaza inhe kae maah tak apne aik dost ki Ampala Car mein rehaiysh ikhteyar karni parhi,karni,URD
Wo apna ghar chor chuke the  lehaza inhe kae maah tak apne aik dost ki Ampala Car mein rehaiysh ikhteyar karni parhi,parhi,URD
Iss ka bad kardar smar shild tournament mein inhone karachi wahites ki taraf se khelte huwe nathional bank ka kheliaf 331runs banaye,Iss,URD
Iss ka bad kardar smar shild tournament mein inhone karachi wahites ki taraf se khelte huwe nathional bank ka kheliaf 331runs banaye,ka,URD
Iss ka bad kardar smar shild tournament mein inhone karachi wahites ki taraf se khelte huwe nathional bank ka kheliaf 331runs banaye,bad,ENG
Iss ka bad kardar smar shild tournament mein inhone karachi wahites ki taraf se khelte huwe nathional bank ka kheliaf 331runs banaye,kardar,URD
Iss ka bad kardar smar shild tournament mein inhone karachi wahites ki taraf se khelte huwe nathional bank ka kheliaf 331runs banaye,smar,URD
Iss ka bad kardar smar shild tournament mein inhone karachi wahites ki taraf se khelte huwe nathional bank ka kheliaf 331runs banaye,shild,URD
Iss ka bad kardar smar shild tournament mein inhone karachi wahites ki taraf se khelte huwe nathional bank ka kheliaf 331runs banaye,tournament,URD
Iss ka bad kardar smar shild tournament mein inhone karachi wahites ki taraf se khelte huwe nathional bank ka kheliaf 331runs banaye,mein,URD
Iss ka bad kardar smar shild tournament mein inhone karachi wahites ki taraf se khelte huwe nathional bank ka kheliaf 331runs banaye,inhone,URD
Iss ka bad kardar smar shild tournament mein inhone karachi wahites ki taraf se khelte huwe nathional bank ka kheliaf 331runs banaye,karachi,URD
Iss ka bad kardar smar shild tournament mein inhone karachi wahites ki taraf se khelte huwe nathional bank ka kheliaf 331runs banaye,wahites,URD
Iss ka bad kardar smar shild tournament mein inhone karachi wahites ki taraf se khelte huwe nathional bank ka kheliaf 331runs banaye,ki,URD
Iss ka bad kardar smar shild tournament mein inhone karachi wahites ki taraf se khelte huwe nathional bank ka kheliaf 331runs banaye,taraf,URD
Iss ka bad kardar smar shild tournament mein inhone karachi wahites ki taraf se khelte huwe nathional bank ka kheliaf 331runs banaye,se,URD
Iss ka bad kardar smar shild tournament mein inhone karachi wahites ki taraf se khelte huwe nathional bank ka kheliaf 331runs banaye,khelte,URD
Iss ka bad kardar smar shild tournament mein inhone karachi wahites ki taraf se khelte huwe nathional bank ka kheliaf 331runs banaye,huwe,URD
Iss ka bad kardar smar shild tournament mein inhone karachi wahites ki taraf se khelte huwe nathional bank ka kheliaf 331runs banaye,nathional,URD
Iss ka bad kardar smar shild tournament mein inhone karachi wahites ki taraf se khelte huwe nathional bank ka kheliaf 331runs banaye,bank,URD
Iss ka bad kardar smar shild tournament mein inhone karachi wahites ki taraf se khelte huwe nathional bank ka kheliaf 331runs banaye,ka,URD
Iss ka bad kardar smar shild tournament mein inhone karachi wahites ki taraf se khelte huwe nathional bank ka kheliaf 331runs banaye,kheliaf,URD
Iss ka bad kardar smar shild tournament mein inhone karachi wahites ki taraf se khelte huwe nathional bank ka kheliaf 331runs banaye,331runs,URD
Iss ka bad kardar smar shild tournament mein inhone karachi wahites ki taraf se khelte huwe nathional bank ka kheliaf 331runs banaye,banaye,URD
Uncle anti ko dill ke gahriyoen sa thanks bolna mere traf sa 😍😂😂😂,Uncle,URD
Uncle anti ko dill ke gahriyoen sa thanks bolna mere traf sa 😍😂😂😂,anti,URD
Uncle anti ko dill ke gahriyoen sa thanks bolna mere traf sa 😍😂😂😂,ko,URD
Uncle anti ko dill ke gahriyoen sa thanks bolna mere traf sa 😍😂😂😂,dill,URD
Uncle anti ko dill ke gahriyoen sa thanks bolna mere traf sa 😍😂😂😂,ke,URD
Uncle anti ko dill ke gahriyoen sa thanks bolna mere traf sa 😍😂😂😂,gahriyoen,URD
Uncle anti ko dill ke gahriyoen sa thanks bolna mere traf sa 😍😂😂😂,sa,URD
Uncle anti ko dill ke gahriyoen sa thanks bolna mere traf sa 😍😂😂😂,thanks,ENG
Uncle anti ko dill ke gahriyoen sa thanks bolna mere traf sa 😍😂😂😂,bolna,URD
Uncle anti ko dill ke gahriyoen sa thanks bolna mere traf sa 😍😂😂😂,mere,URD
Uncle anti ko dill ke gahriyoen sa thanks bolna mere traf sa 😍😂😂😂,traf,URD
Uncle anti ko dill ke gahriyoen sa thanks bolna mere traf sa 😍😂😂😂,sa,URD
Uncle anti ko dill ke gahriyoen sa thanks bolna mere traf sa 😍😂😂😂,😍😂😂😂,URD
"Jin mein se 4 par kamiyabi hasil hui,lekin badqismati se stallone behtareen actor ka award hasil nahi kar pae",Jin,URD
"Jin mein se 4 par kamiyabi hasil hui,lekin badqismati se stallone behtareen actor ka award hasil nahi kar pae",mein,URD
"Jin mein se 4 par kamiyabi hasil hui,lekin badqismati se stallone behtareen actor ka award hasil nahi kar pae",se,URD
"Jin mein se 4 par kamiyabi hasil hui,lekin badqismati se stallone behtareen actor ka award hasil nahi kar pae",4,URD
"Jin mein se 4 par kamiyabi hasil hui,lekin badqismati se stallone behtareen actor ka award hasil nahi kar pae",par,URD
"Jin mein se 4 par kamiyabi hasil hui,lekin badqismati se stallone behtareen actor ka award hasil nahi kar pae",kamiyabi,URD
"Jin mein se 4 par kamiyabi hasil hui,lekin badqismati se stallone behtareen actor ka award hasil nahi kar pae",hasil,URD
"Jin mein se 4 par kamiyabi hasil hui,lekin badqismati se stallone behtareen actor ka award hasil nahi kar pae","hui,lekin",URD
"Jin mein se 4 par kamiyabi hasil hui,lekin badqismati se stallone behtareen actor ka award hasil nahi kar pae",badqismati,URD
"Jin mein se 4 par kamiyabi hasil hui,lekin badqismati se stallone behtareen actor ka award hasil nahi kar pae",se,URD
"Jin mein se 4 par kamiyabi hasil hui,lekin badqismati se stallone behtareen actor ka award hasil nahi kar pae",stallone,URD
"Jin mein se 4 par kamiyabi hasil hui,lekin badqismati se stallone behtareen actor ka award hasil nahi kar pae",behtareen,URD
"Jin mein se 4 par kamiyabi hasil hui,lekin badqismati se stallone behtareen actor ka award hasil nahi kar pae",actor,ENG
"Jin mein se 4 par kamiyabi hasil hui,lekin badqismati se stallone behtareen actor ka award hasil nahi kar pae",ka,URD
"Jin mein se 4 par kamiyabi hasil hui,lekin badqismati se stallone behtareen actor ka award hasil nahi kar pae",award,URD
"Jin mein se 4 par kamiyabi hasil hui,lekin badqismati se stallone behtareen actor ka award hasil nahi kar pae",hasil,URD
"Jin mein se 4 par kamiyabi hasil hui,lekin badqismati se stallone behtareen actor ka award hasil nahi kar pae",nahi,URD
"Jin mein se 4 par kamiyabi hasil hui,lekin badqismati se stallone behtareen actor ka award hasil nahi kar pae",kar,URD
"Jin mein se 4 par kamiyabi hasil hui,lekin badqismati se stallone behtareen actor ka award hasil nahi kar pae",pae,URD
subah time nikal k krty hain sain ka bandobast,subah,URD
subah time nikal k krty hain sain ka bandobast,time,MIX
subah time nikal k krty hain sain ka bandobast,nikal,URD
subah time nikal k krty hain sain ka bandobast,k,URD
subah time nikal k krty hain sain ka bandobast,krty,URD
subah time nikal k krty hain sain ka bandobast,hain,URD
subah time nikal k krty hain sain ka bandobast,sain,URD
subah time nikal k krty hain sain ka bandobast,ka,URD
subah time nikal k krty hain sain ka bandobast,bandobast,URD
Maa sha allah bht pyari mehfil the main b tha es mehfil me,Maa,URD
Maa sha allah bht pyari mehfil the main b tha es mehfil me,sha,URD
Maa sha allah bht pyari mehfil the main b tha es mehfil me,allah,URD
Maa sha allah bht pyari mehfil the main b tha es mehfil me,bht,URD
Maa sha allah bht pyari mehfil the main b tha es mehfil me,pyari,URD
Maa sha allah bht pyari mehfil the main b tha es mehfil me,mehfil,URD
Maa sha allah bht pyari mehfil the main b tha es mehfil me,the,ENG
Maa sha allah bht pyari mehfil the main b tha es mehfil me,main,URD
Maa sha allah bht pyari mehfil the main b tha es mehfil me,b,URD
Maa sha allah bht pyari mehfil the main b tha es mehfil me,tha,URD
Maa sha allah bht pyari mehfil the main b tha es mehfil me,es,URD
Maa sha allah bht pyari mehfil the main b tha es mehfil me,mehfil,URD
Maa sha allah bht pyari mehfil the main b tha es mehfil me,me,URD
"Beharhal wo Bartaniya ki shehri hain aur abhi tak wo Baharat mein ""work visa"" par kaam karti hain",Beharhal,URD
"Beharhal wo Bartaniya ki shehri hain aur abhi tak wo Baharat mein ""work visa"" par kaam karti hain",wo,URD
"Beharhal wo Bartaniya ki shehri hain aur abhi tak wo Baharat mein ""work visa"" par kaam karti hain",Bartaniya,URD
"Beharhal wo Bartaniya ki shehri hain aur abhi tak wo Baharat mein ""work visa"" par kaam karti hain",ki,URD
"Beharhal wo Bartaniya ki shehri hain aur abhi tak wo Baharat mein ""work visa"" par kaam karti hain",shehri,URD
"Beharhal wo Bartaniya ki shehri hain aur abhi tak wo Baharat mein ""work visa"" par kaam karti hain",hain,URD
"Beharhal wo Bartaniya ki shehri hain aur abhi tak wo Baharat mein ""work visa"" par kaam karti hain",aur,URD
"Beharhal wo Bartaniya ki shehri hain aur abhi tak wo Baharat mein ""work visa"" par kaam karti hain",abhi,URD
"Beharhal wo Bartaniya ki shehri hain aur abhi tak wo Baharat mein ""work visa"" par kaam karti hain",tak,URD
"Beharhal wo Bartaniya ki shehri hain aur abhi tak wo Baharat mein ""work visa"" par kaam karti hain",wo,URD
"Beharhal wo Bartaniya ki shehri hain aur abhi tak wo Baharat mein ""work visa"" par kaam karti hain",Baharat,URD
"Beharhal wo Bartaniya ki shehri hain aur abhi tak wo Baharat mein ""work visa"" par kaam karti hain",mein,URD
"Beharhal wo Bartaniya ki shehri hain aur abhi tak wo Baharat mein ""work visa"" par kaam karti hain","""work",ENG
"Beharhal wo Bartaniya ki shehri hain aur abhi tak wo Baharat mein ""work visa"" par kaam karti hain","visa""",URD
"Beharhal wo Bartaniya ki shehri hain aur abhi tak wo Baharat mein ""work visa"" par kaam karti hain",par,URD
"Beharhal wo Bartaniya ki shehri hain aur abhi tak wo Baharat mein ""work visa"" par kaam karti hain",kaam,URD
"Beharhal wo Bartaniya ki shehri hain aur abhi tak wo Baharat mein ""work visa"" par kaam karti hain",karti,URD
"Beharhal wo Bartaniya ki shehri hain aur abhi tak wo Baharat mein ""work visa"" par kaam karti hain",hain,URD
ALLAH Mushrik Ko Muaaf Nahi Karta Is K Siwa Jis Ko Chahay Bakhash Day Shirk Buhut Bara Gunah Hai,ALLAH,URD
ALLAH Mushrik Ko Muaaf Nahi Karta Is K Siwa Jis Ko Chahay Bakhash Day Shirk Buhut Bara Gunah Hai,Mushrik,URD
ALLAH Mushrik Ko Muaaf Nahi Karta Is K Siwa Jis Ko Chahay Bakhash Day Shirk Buhut Bara Gunah Hai,Ko,URD
ALLAH Mushrik Ko Muaaf Nahi Karta Is K Siwa Jis Ko Chahay Bakhash Day Shirk Buhut Bara Gunah Hai,Muaaf,URD
ALLAH Mushrik Ko Muaaf Nahi Karta Is K Siwa Jis Ko Chahay Bakhash Day Shirk Buhut Bara Gunah Hai,Nahi,URD
ALLAH Mushrik Ko Muaaf Nahi Karta Is K Siwa Jis Ko Chahay Bakhash Day Shirk Buhut Bara Gunah Hai,Karta,URD
ALLAH Mushrik Ko Muaaf Nahi Karta Is K Siwa Jis Ko Chahay Bakhash Day Shirk Buhut Bara Gunah Hai,Is,ENG
ALLAH Mushrik Ko Muaaf Nahi Karta Is K Siwa Jis Ko Chahay Bakhash Day Shirk Buhut Bara Gunah Hai,K,URD
ALLAH Mushrik Ko Muaaf Nahi Karta Is K Siwa Jis Ko Chahay Bakhash Day Shirk Buhut Bara Gunah Hai,Siwa,URD
ALLAH Mushrik Ko Muaaf Nahi Karta Is K Siwa Jis Ko Chahay Bakhash Day Shirk Buhut Bara Gunah Hai,Jis,URD
ALLAH Mushrik Ko Muaaf Nahi Karta Is K Siwa Jis Ko Chahay Bakhash Day Shirk Buhut Bara Gunah Hai,Ko,URD
ALLAH Mushrik Ko Muaaf Nahi Karta Is K Siwa Jis Ko Chahay Bakhash Day Shirk Buhut Bara Gunah Hai,Chahay,URD
ALLAH Mushrik Ko Muaaf Nahi Karta Is K Siwa Jis Ko Chahay Bakhash Day Shirk Buhut Bara Gunah Hai,Bakhash,URD
ALLAH Mushrik Ko Muaaf Nahi Karta Is K Siwa Jis Ko Chahay Bakhash Day Shirk Buhut Bara Gunah Hai,Day,URD
ALLAH Mushrik Ko Muaaf Nahi Karta Is K Siwa Jis Ko Chahay Bakhash Day Shirk Buhut Bara Gunah Hai,Shirk,URD
ALLAH Mushrik Ko Muaaf Nahi Karta Is K Siwa Jis Ko Chahay Bakhash Day Shirk Buhut Bara Gunah Hai,Buhut,URD
ALLAH Mushrik Ko Muaaf Nahi Karta Is K Siwa Jis Ko Chahay Bakhash Day Shirk Buhut Bara Gunah Hai,Bara,URD
ALLAH Mushrik Ko Muaaf Nahi Karta Is K Siwa Jis Ko Chahay Bakhash Day Shirk Buhut Bara Gunah Hai,Gunah,URD
ALLAH Mushrik Ko Muaaf Nahi Karta Is K Siwa Jis Ko Chahay Bakhash Day Shirk Buhut Bara Gunah Hai,Hai,URD
Is ke bad Iqbal Bano ke pas films ki line lag gai  lekin inho ne sirf muntakhib geet gaane ko tarjeeh di,Is,ENG
Is ke bad Iqbal Bano ke pas films ki line lag gai  lekin inho ne sirf muntakhib geet gaane ko tarjeeh di,ke,URD
Is ke bad Iqbal Bano ke pas films ki line lag gai  lekin inho ne sirf muntakhib geet gaane ko tarjeeh di,bad,ENG
Is ke bad Iqbal Bano ke pas films ki line lag gai  lekin inho ne sirf muntakhib geet gaane ko tarjeeh di,Iqbal,URD
Is ke bad Iqbal Bano ke pas films ki line lag gai  lekin inho ne sirf muntakhib geet gaane ko tarjeeh di,Bano,URD
Is ke bad Iqbal Bano ke pas films ki line lag gai  lekin inho ne sirf muntakhib geet gaane ko tarjeeh di,ke,URD
Is ke bad Iqbal Bano ke pas films ki line lag gai  lekin inho ne sirf muntakhib geet gaane ko tarjeeh di,pas,URD
Is ke bad Iqbal Bano ke pas films ki line lag gai  lekin inho ne sirf muntakhib geet gaane ko tarjeeh di,films,URD
Is ke bad Iqbal Bano ke pas films ki line lag gai  lekin inho ne sirf muntakhib geet gaane ko tarjeeh di,ki,URD
Is ke bad Iqbal Bano ke pas films ki line lag gai  lekin inho ne sirf muntakhib geet gaane ko tarjeeh di,line,URD
Is ke bad Iqbal Bano ke pas films ki line lag gai  lekin inho ne sirf muntakhib geet gaane ko tarjeeh di,lag,URD
Is ke bad Iqbal Bano ke pas films ki line lag gai  lekin inho ne sirf muntakhib geet gaane ko tarjeeh di,gai,URD
Is ke bad Iqbal Bano ke pas films ki line lag gai  lekin inho ne sirf muntakhib geet gaane ko tarjeeh di,lekin,URD
Is ke bad Iqbal Bano ke pas films ki line lag gai  lekin inho ne sirf muntakhib geet gaane ko tarjeeh di,inho,URD
Is ke bad Iqbal Bano ke pas films ki line lag gai  lekin inho ne sirf muntakhib geet gaane ko tarjeeh di,ne,URD
Is ke bad Iqbal Bano ke pas films ki line lag gai  lekin inho ne sirf muntakhib geet gaane ko tarjeeh di,sirf,URD
Is ke bad Iqbal Bano ke pas films ki line lag gai  lekin inho ne sirf muntakhib geet gaane ko tarjeeh di,muntakhib,URD
Is ke bad Iqbal Bano ke pas films ki line lag gai  lekin inho ne sirf muntakhib geet gaane ko tarjeeh di,geet,URD
Is ke bad Iqbal Bano ke pas films ki line lag gai  lekin inho ne sirf muntakhib geet gaane ko tarjeeh di,gaane,URD
Is ke bad Iqbal Bano ke pas films ki line lag gai  lekin inho ne sirf muntakhib geet gaane ko tarjeeh di,ko,URD
Is ke bad Iqbal Bano ke pas films ki line lag gai  lekin inho ne sirf muntakhib geet gaane ko tarjeeh di,tarjeeh,URD
Is ke bad Iqbal Bano ke pas films ki line lag gai  lekin inho ne sirf muntakhib geet gaane ko tarjeeh di,di,URD
"anuty too bhut he chlak niklain 
video bana kar dara daal aur paise bhe bacha liya",anuty,URD
"anuty too bhut he chlak niklain 
video bana kar dara daal aur paise bhe bacha liya",too,URD
"anuty too bhut he chlak niklain 
video bana kar dara daal aur paise bhe bacha liya",bhut,URD
"anuty too bhut he chlak niklain 
video bana kar dara daal aur paise bhe bacha liya",he,URD
"anuty too bhut he chlak niklain 
video bana kar dara daal aur paise bhe bacha liya",chlak,URD
"anuty too bhut he chlak niklain 
video bana kar dara daal aur paise bhe bacha liya",niklain,URD
"anuty too bhut he chlak niklain 
video bana kar dara daal aur paise bhe bacha liya",video,ENG
"anuty too bhut he chlak niklain 
video bana kar dara daal aur paise bhe bacha liya",bana,URD
"anuty too bhut he chlak niklain 
video bana kar dara daal aur paise bhe bacha liya",kar,URD
"anuty too bhut he chlak niklain 
video bana kar dara daal aur paise bhe bacha liya",dara,URD
"anuty too bhut he chlak niklain 
video bana kar dara daal aur paise bhe bacha liya",daal,URD
"anuty too bhut he chlak niklain 
video bana kar dara daal aur paise bhe bacha liya",aur,URD
"anuty too bhut he chlak niklain 
video bana kar dara daal aur paise bhe bacha liya",paise,URD
"anuty too bhut he chlak niklain 
video bana kar dara daal aur paise bhe bacha liya",bhe,URD
"anuty too bhut he chlak niklain 
video bana kar dara daal aur paise bhe bacha liya",bacha,URD
"anuty too bhut he chlak niklain 
video bana kar dara daal aur paise bhe bacha liya",liya,URD
main ny to krni hi nhi hi na to tu kr ly tyre liye best hai yh . Buahahahahahaa,main,URD
main ny to krni hi nhi hi na to tu kr ly tyre liye best hai yh . Buahahahahahaa,ny,URD
main ny to krni hi nhi hi na to tu kr ly tyre liye best hai yh . Buahahahahahaa,to,URD
main ny to krni hi nhi hi na to tu kr ly tyre liye best hai yh . Buahahahahahaa,krni,URD
main ny to krni hi nhi hi na to tu kr ly tyre liye best hai yh . Buahahahahahaa,hi,URD
main ny to krni hi nhi hi na to tu kr ly tyre liye best hai yh . Buahahahahahaa,nhi,URD
main ny to krni hi nhi hi na to tu kr ly tyre liye best hai yh . Buahahahahahaa,hi,URD
main ny to krni hi nhi hi na to tu kr ly tyre liye best hai yh . Buahahahahahaa,na,URD
main ny to krni hi nhi hi na to tu kr ly tyre liye best hai yh . Buahahahahahaa,to,URD
main ny to krni hi nhi hi na to tu kr ly tyre liye best hai yh . Buahahahahahaa,tu,URD
main ny to krni hi nhi hi na to tu kr ly tyre liye best hai yh . Buahahahahahaa,kr,URD
main ny to krni hi nhi hi na to tu kr ly tyre liye best hai yh . Buahahahahahaa,ly,URD
main ny to krni hi nhi hi na to tu kr ly tyre liye best hai yh . Buahahahahahaa,tyre,URD
main ny to krni hi nhi hi na to tu kr ly tyre liye best hai yh . Buahahahahahaa,liye,URD
main ny to krni hi nhi hi na to tu kr ly tyre liye best hai yh . Buahahahahahaa,best,ENG
main ny to krni hi nhi hi na to tu kr ly tyre liye best hai yh . Buahahahahahaa,hai,URD
main ny to krni hi nhi hi na to tu kr ly tyre liye best hai yh . Buahahahahahaa,yh,URD
main ny to krni hi nhi hi na to tu kr ly tyre liye best hai yh . Buahahahahahaa,.,URD
main ny to krni hi nhi hi na to tu kr ly tyre liye best hai yh . Buahahahahahaa,Buahahahahahaa,URD
HAHAHA queen is on fireeMegan ko password b nai de rhi,HAHAHA,URD
HAHAHA queen is on fireeMegan ko password b nai de rhi,queen,URD
HAHAHA queen is on fireeMegan ko password b nai de rhi,is,ENG
HAHAHA queen is on fireeMegan ko password b nai de rhi,on,URD
HAHAHA queen is on fireeMegan ko password b nai de rhi,fireeMegan,URD
HAHAHA queen is on fireeMegan ko password b nai de rhi,ko,URD
HAHAHA queen is on fireeMegan ko password b nai de rhi,password,URD
HAHAHA queen is on fireeMegan ko password b nai de rhi,b,URD
HAHAHA queen is on fireeMegan ko password b nai de rhi,nai,URD
HAHAHA queen is on fireeMegan ko password b nai de rhi,de,URD
HAHAHA queen is on fireeMegan ko password b nai de rhi,rhi,URD
Is gane ki recording mein 19 take lage,Is,ENG
Is gane ki recording mein 19 take lage,gane,URD
Is gane ki recording mein 19 take lage,ki,URD
Is gane ki recording mein 19 take lage,recording,URD
Is gane ki recording mein 19 take lage,mein,URD
Is gane ki recording mein 19 take lage,19,URD
Is gane ki recording mein 19 take lage,take,URD
Is gane ki recording mein 19 take lage,lage,URD
Main inhe un dino se janta hon  jab wo Jawan Raana hua karte the aur main radio Pakistan mein drama producer tha,Main,URD
Main inhe un dino se janta hon  jab wo Jawan Raana hua karte the aur main radio Pakistan mein drama producer tha,inhe,URD
Main inhe un dino se janta hon  jab wo Jawan Raana hua karte the aur main radio Pakistan mein drama producer tha,un,URD
Main inhe un dino se janta hon  jab wo Jawan Raana hua karte the aur main radio Pakistan mein drama producer tha,dino,URD
Main inhe un dino se janta hon  jab wo Jawan Raana hua karte the aur main radio Pakistan mein drama producer tha,se,URD
Main inhe un dino se janta hon  jab wo Jawan Raana hua karte the aur main radio Pakistan mein drama producer tha,janta,URD
Main inhe un dino se janta hon  jab wo Jawan Raana hua karte the aur main radio Pakistan mein drama producer tha,hon,URD
Main inhe un dino se janta hon  jab wo Jawan Raana hua karte the aur main radio Pakistan mein drama producer tha,jab,URD
Main inhe un dino se janta hon  jab wo Jawan Raana hua karte the aur main radio Pakistan mein drama producer tha,wo,URD
Main inhe un dino se janta hon  jab wo Jawan Raana hua karte the aur main radio Pakistan mein drama producer tha,Jawan,URD
Main inhe un dino se janta hon  jab wo Jawan Raana hua karte the aur main radio Pakistan mein drama producer tha,Raana,URD
Main inhe un dino se janta hon  jab wo Jawan Raana hua karte the aur main radio Pakistan mein drama producer tha,hua,URD
Main inhe un dino se janta hon  jab wo Jawan Raana hua karte the aur main radio Pakistan mein drama producer tha,karte,URD
Main inhe un dino se janta hon  jab wo Jawan Raana hua karte the aur main radio Pakistan mein drama producer tha,the,ENG
Main inhe un dino se janta hon  jab wo Jawan Raana hua karte the aur main radio Pakistan mein drama producer tha,aur,URD
Main inhe un dino se janta hon  jab wo Jawan Raana hua karte the aur main radio Pakistan mein drama producer tha,main,URD
Main inhe un dino se janta hon  jab wo Jawan Raana hua karte the aur main radio Pakistan mein drama producer tha,radio,URD
Main inhe un dino se janta hon  jab wo Jawan Raana hua karte the aur main radio Pakistan mein drama producer tha,Pakistan,URD
Main inhe un dino se janta hon  jab wo Jawan Raana hua karte the aur main radio Pakistan mein drama producer tha,mein,URD
Main inhe un dino se janta hon  jab wo Jawan Raana hua karte the aur main radio Pakistan mein drama producer tha,drama,URD
Main inhe un dino se janta hon  jab wo Jawan Raana hua karte the aur main radio Pakistan mein drama producer tha,producer,URD
Main inhe un dino se janta hon  jab wo Jawan Raana hua karte the aur main radio Pakistan mein drama producer tha,tha,URD
In ki kabina mein Mohammed Ali Bogra bhi shamil the,In,URD
In ki kabina mein Mohammed Ali Bogra bhi shamil the,ki,URD
In ki kabina mein Mohammed Ali Bogra bhi shamil the,kabina,URD
In ki kabina mein Mohammed Ali Bogra bhi shamil the,mein,URD
In ki kabina mein Mohammed Ali Bogra bhi shamil the,Mohammed,URD
In ki kabina mein Mohammed Ali Bogra bhi shamil the,Ali,URD
In ki kabina mein Mohammed Ali Bogra bhi shamil the,Bogra,URD
In ki kabina mein Mohammed Ali Bogra bhi shamil the,bhi,URD
In ki kabina mein Mohammed Ali Bogra bhi shamil the,shamil,URD
In ki kabina mein Mohammed Ali Bogra bhi shamil the,the,ENG
2000 mein in ki beti Suhana is duniya mein aai,2000,URD
2000 mein in ki beti Suhana is duniya mein aai,mein,URD
2000 mein in ki beti Suhana is duniya mein aai,in,URD
2000 mein in ki beti Suhana is duniya mein aai,ki,URD
2000 mein in ki beti Suhana is duniya mein aai,beti,URD
2000 mein in ki beti Suhana is duniya mein aai,Suhana,URD
2000 mein in ki beti Suhana is duniya mein aai,is,ENG
2000 mein in ki beti Suhana is duniya mein aai,duniya,URD
2000 mein in ki beti Suhana is duniya mein aai,mein,URD
2000 mein in ki beti Suhana is duniya mein aai,aai,URD
meri tarf sy apny parents to thanks bol dena😂😂😂,meri,URD
meri tarf sy apny parents to thanks bol dena😂😂😂,tarf,URD
meri tarf sy apny parents to thanks bol dena😂😂😂,sy,URD
meri tarf sy apny parents to thanks bol dena😂😂😂,apny,URD
meri tarf sy apny parents to thanks bol dena😂😂😂,parents,URD
meri tarf sy apny parents to thanks bol dena😂😂😂,to,URD
meri tarf sy apny parents to thanks bol dena😂😂😂,thanks,ENG
meri tarf sy apny parents to thanks bol dena😂😂😂,bol,URD
meri tarf sy apny parents to thanks bol dena😂😂😂,dena😂😂😂,URD
1977-78 mein amir waqt general Zia-ul-haq ne is farzand jamhuriat ko aik saal qaid sakht koron ki saza sunai,1977-78,URD
1977-78 mein amir waqt general Zia-ul-haq ne is farzand jamhuriat ko aik saal qaid sakht koron ki saza sunai,mein,URD
1977-78 mein amir waqt general Zia-ul-haq ne is farzand jamhuriat ko aik saal qaid sakht koron ki saza sunai,amir,URD
1977-78 mein amir waqt general Zia-ul-haq ne is farzand jamhuriat ko aik saal qaid sakht koron ki saza sunai,waqt,URD
1977-78 mein amir waqt general Zia-ul-haq ne is farzand jamhuriat ko aik saal qaid sakht koron ki saza sunai,general,URD
1977-78 mein amir waqt general Zia-ul-haq ne is farzand jamhuriat ko aik saal qaid sakht koron ki saza sunai,Zia-ul-haq,URD
1977-78 mein amir waqt general Zia-ul-haq ne is farzand jamhuriat ko aik saal qaid sakht koron ki saza sunai,ne,URD
1977-78 mein amir waqt general Zia-ul-haq ne is farzand jamhuriat ko aik saal qaid sakht koron ki saza sunai,is,ENG
1977-78 mein amir waqt general Zia-ul-haq ne is farzand jamhuriat ko aik saal qaid sakht koron ki saza sunai,farzand,URD
1977-78 mein amir waqt general Zia-ul-haq ne is farzand jamhuriat ko aik saal qaid sakht koron ki saza sunai,jamhuriat,URD
1977-78 mein amir waqt general Zia-ul-haq ne is farzand jamhuriat ko aik saal qaid sakht koron ki saza sunai,ko,URD
1977-78 mein amir waqt general Zia-ul-haq ne is farzand jamhuriat ko aik saal qaid sakht koron ki saza sunai,aik,URD
1977-78 mein amir waqt general Zia-ul-haq ne is farzand jamhuriat ko aik saal qaid sakht koron ki saza sunai,saal,URD
1977-78 mein amir waqt general Zia-ul-haq ne is farzand jamhuriat ko aik saal qaid sakht koron ki saza sunai,qaid,URD
1977-78 mein amir waqt general Zia-ul-haq ne is farzand jamhuriat ko aik saal qaid sakht koron ki saza sunai,sakht,URD
1977-78 mein amir waqt general Zia-ul-haq ne is farzand jamhuriat ko aik saal qaid sakht koron ki saza sunai,koron,URD
1977-78 mein amir waqt general Zia-ul-haq ne is farzand jamhuriat ko aik saal qaid sakht koron ki saza sunai,ki,URD
1977-78 mein amir waqt general Zia-ul-haq ne is farzand jamhuriat ko aik saal qaid sakht koron ki saza sunai,saza,URD
1977-78 mein amir waqt general Zia-ul-haq ne is farzand jamhuriat ko aik saal qaid sakht koron ki saza sunai,sunai,URD
Undino Sri Lanka ki team Pakistan ka doure per aye thi,Undino,URD
Undino Sri Lanka ki team Pakistan ka doure per aye thi,Sri,URD
Undino Sri Lanka ki team Pakistan ka doure per aye thi,Lanka,URD
Undino Sri Lanka ki team Pakistan ka doure per aye thi,ki,URD
Undino Sri Lanka ki team Pakistan ka doure per aye thi,team,ENG
Undino Sri Lanka ki team Pakistan ka doure per aye thi,Pakistan,URD
Undino Sri Lanka ki team Pakistan ka doure per aye thi,ka,URD
Undino Sri Lanka ki team Pakistan ka doure per aye thi,doure,URD
Undino Sri Lanka ki team Pakistan ka doure per aye thi,per,URD
Undino Sri Lanka ki team Pakistan ka doure per aye thi,aye,URD
Undino Sri Lanka ki team Pakistan ka doure per aye thi,thi,URD
Is tarane mein Fida Shahjahan Pori aur Naeem Hashmi ne muavnat ki,Is,ENG
Is tarane mein Fida Shahjahan Pori aur Naeem Hashmi ne muavnat ki,tarane,URD
Is tarane mein Fida Shahjahan Pori aur Naeem Hashmi ne muavnat ki,mein,URD
Is tarane mein Fida Shahjahan Pori aur Naeem Hashmi ne muavnat ki,Fida,URD
Is tarane mein Fida Shahjahan Pori aur Naeem Hashmi ne muavnat ki,Shahjahan,URD
Is tarane mein Fida Shahjahan Pori aur Naeem Hashmi ne muavnat ki,Pori,URD
Is tarane mein Fida Shahjahan Pori aur Naeem Hashmi ne muavnat ki,aur,URD
Is tarane mein Fida Shahjahan Pori aur Naeem Hashmi ne muavnat ki,Naeem,URD
Is tarane mein Fida Shahjahan Pori aur Naeem Hashmi ne muavnat ki,Hashmi,URD
Is tarane mein Fida Shahjahan Pori aur Naeem Hashmi ne muavnat ki,ne,URD
Is tarane mein Fida Shahjahan Pori aur Naeem Hashmi ne muavnat ki,muavnat,URD
Is tarane mein Fida Shahjahan Pori aur Naeem Hashmi ne muavnat ki,ki,URD
