sentence,word,label
Taham Baba e Urdu ki marqa nigari is saqam se pak hai,Taham,URD
Taham Baba e Urdu ki marqa nigari is saqam se pak hai,Baba,URD
Taham Baba e Urdu ki marqa nigari is saqam se pak hai,e,URD
Taham Baba e Urdu ki marqa nigari is saqam se pak hai,Urdu,URD
Taham Baba e Urdu ki marqa nigari is saqam se pak hai,ki,URD
Taham Baba e Urdu ki marqa nigari is saqam se pak hai,marqa,URD
Taham Baba e Urdu ki marqa nigari is saqam se pak hai,nigari,URD
Taham Baba e Urdu ki marqa nigari is saqam se pak hai,is,ENG
Taham Baba e Urdu ki marqa nigari is saqam se pak hai,saqam,URD
Taham Baba e Urdu ki marqa nigari is saqam se pak hai,se,URD
Taham Baba e Urdu ki marqa nigari is saqam se pak hai,pak,URD
Taham Baba e Urdu ki marqa nigari is saqam se pak hai,hai,URD
Is ke bad Steven Seagal ki lagataar 3 films box office par kamiyabi ke jhande garhne meinkamiyab rahin,Is,ENG
Is ke bad Steven Seagal ki lagataar 3 films box office par kamiyabi ke jhande garhne meinkamiyab rahin,ke,URD
Is ke bad Steven Seagal ki lagataar 3 films box office par kamiyabi ke jhande garhne meinkamiyab rahin,bad,ENG
Is ke bad Steven Seagal ki lagataar 3 films box office par kamiyabi ke jhande garhne meinkamiyab rahin,Steven,URD
Is ke bad Steven Seagal ki lagataar 3 films box office par kamiyabi ke jhande garhne meinkamiyab rahin,Seagal,URD
Is ke bad Steven Seagal ki lagataar 3 films box office par kamiyabi ke jhande garhne meinkamiyab rahin,ki,URD
Is ke bad Steven Seagal ki lagataar 3 films box office par kamiyabi ke jhande garhne meinkamiyab rahin,lagataar,URD
Is ke bad Steven Seagal ki lagataar 3 films box office par kamiyabi ke jhande garhne meinkamiyab rahin,3,URD
Is ke bad Steven Seagal ki lagataar 3 films box office par kamiyabi ke jhande garhne meinkamiyab rahin,films,URD
Is ke bad Steven Seagal ki lagataar 3 films box office par kamiyabi ke jhande garhne meinkamiyab rahin,box,URD
Is ke bad Steven Seagal ki lagataar 3 films box office par kamiyabi ke jhande garhne meinkamiyab rahin,office,MIX
Is ke bad Steven Seagal ki lagataar 3 films box office par kamiyabi ke jhande garhne meinkamiyab rahin,par,URD
Is ke bad Steven Seagal ki lagataar 3 films box office par kamiyabi ke jhande garhne meinkamiyab rahin,kamiyabi,URD
Is ke bad Steven Seagal ki lagataar 3 films box office par kamiyabi ke jhande garhne meinkamiyab rahin,ke,URD
Is ke bad Steven Seagal ki lagataar 3 films box office par kamiyabi ke jhande garhne meinkamiyab rahin,jhande,URD
Is ke bad Steven Seagal ki lagataar 3 films box office par kamiyabi ke jhande garhne meinkamiyab rahin,garhne,URD
Is ke bad Steven Seagal ki lagataar 3 films box office par kamiyabi ke jhande garhne meinkamiyab rahin,meinkamiyab,URD
Is ke bad Steven Seagal ki lagataar 3 films box office par kamiyabi ke jhande garhne meinkamiyab rahin,rahin,URD
YE aunty ko dikha do Please :D,YE,URD
YE aunty ko dikha do Please :D,aunty,URD
YE aunty ko dikha do Please :D,ko,URD
YE aunty ko dikha do Please :D,dikha,URD
YE aunty ko dikha do Please :D,do,URD
YE aunty ko dikha do Please :D,Please,ENG
YE aunty ko dikha do Please :D,:D,URD
Name Shafqat mother name aasia khatoun. Age 32.. Job k lia aur achi life,Name,URD
Name Shafqat mother name aasia khatoun. Age 32.. Job k lia aur achi life,Shafqat,URD
Name Shafqat mother name aasia khatoun. Age 32.. Job k lia aur achi life,mother,URD
Name Shafqat mother name aasia khatoun. Age 32.. Job k lia aur achi life,name,URD
Name Shafqat mother name aasia khatoun. Age 32.. Job k lia aur achi life,aasia,URD
Name Shafqat mother name aasia khatoun. Age 32.. Job k lia aur achi life,khatoun.,URD
Name Shafqat mother name aasia khatoun. Age 32.. Job k lia aur achi life,Age,URD
Name Shafqat mother name aasia khatoun. Age 32.. Job k lia aur achi life,32..,URD
Name Shafqat mother name aasia khatoun. Age 32.. Job k lia aur achi life,Job,MIX
Name Shafqat mother name aasia khatoun. Age 32.. Job k lia aur achi life,k,URD
Name Shafqat mother name aasia khatoun. Age 32.. Job k lia aur achi life,lia,URD
Name Shafqat mother name aasia khatoun. Age 32.. Job k lia aur achi life,aur,URD
Name Shafqat mother name aasia khatoun. Age 32.. Job k lia aur achi life,achi,URD
Name Shafqat mother name aasia khatoun. Age 32.. Job k lia aur achi life,life,ENG
"Is ke ilawa 1955 tak Sindh soobai kabeena mein wazeer e sehat, ittelaat aur naiyb wazeer e aala ke auhdon par bhi kaam kiya",Is,ENG
"Is ke ilawa 1955 tak Sindh soobai kabeena mein wazeer e sehat, ittelaat aur naiyb wazeer e aala ke auhdon par bhi kaam kiya",ke,URD
"Is ke ilawa 1955 tak Sindh soobai kabeena mein wazeer e sehat, ittelaat aur naiyb wazeer e aala ke auhdon par bhi kaam kiya",ilawa,URD
"Is ke ilawa 1955 tak Sindh soobai kabeena mein wazeer e sehat, ittelaat aur naiyb wazeer e aala ke auhdon par bhi kaam kiya",1955,URD
"Is ke ilawa 1955 tak Sindh soobai kabeena mein wazeer e sehat, ittelaat aur naiyb wazeer e aala ke auhdon par bhi kaam kiya",tak,URD
"Is ke ilawa 1955 tak Sindh soobai kabeena mein wazeer e sehat, ittelaat aur naiyb wazeer e aala ke auhdon par bhi kaam kiya",Sindh,URD
"Is ke ilawa 1955 tak Sindh soobai kabeena mein wazeer e sehat, ittelaat aur naiyb wazeer e aala ke auhdon par bhi kaam kiya",soobai,URD
"Is ke ilawa 1955 tak Sindh soobai kabeena mein wazeer e sehat, ittelaat aur naiyb wazeer e aala ke auhdon par bhi kaam kiya",kabeena,URD
"Is ke ilawa 1955 tak Sindh soobai kabeena mein wazeer e sehat, ittelaat aur naiyb wazeer e aala ke auhdon par bhi kaam kiya",mein,URD
"Is ke ilawa 1955 tak Sindh soobai kabeena mein wazeer e sehat, ittelaat aur naiyb wazeer e aala ke auhdon par bhi kaam kiya",wazeer,URD
"Is ke ilawa 1955 tak Sindh soobai kabeena mein wazeer e sehat, ittelaat aur naiyb wazeer e aala ke auhdon par bhi kaam kiya",e,URD
"Is ke ilawa 1955 tak Sindh soobai kabeena mein wazeer e sehat, ittelaat aur naiyb wazeer e aala ke auhdon par bhi kaam kiya","sehat,",URD
"Is ke ilawa 1955 tak Sindh soobai kabeena mein wazeer e sehat, ittelaat aur naiyb wazeer e aala ke auhdon par bhi kaam kiya",ittelaat,URD
"Is ke ilawa 1955 tak Sindh soobai kabeena mein wazeer e sehat, ittelaat aur naiyb wazeer e aala ke auhdon par bhi kaam kiya",aur,URD
"Is ke ilawa 1955 tak Sindh soobai kabeena mein wazeer e sehat, ittelaat aur naiyb wazeer e aala ke auhdon par bhi kaam kiya",naiyb,URD
"Is ke ilawa 1955 tak Sindh soobai kabeena mein wazeer e sehat, ittelaat aur naiyb wazeer e aala ke auhdon par bhi kaam kiya",wazeer,URD
"Is ke ilawa 1955 tak Sindh soobai kabeena mein wazeer e sehat, ittelaat aur naiyb wazeer e aala ke auhdon par bhi kaam kiya",e,URD
"Is ke ilawa 1955 tak Sindh soobai kabeena mein wazeer e sehat, ittelaat aur naiyb wazeer e aala ke auhdon par bhi kaam kiya",aala,URD
"Is ke ilawa 1955 tak Sindh soobai kabeena mein wazeer e sehat, ittelaat aur naiyb wazeer e aala ke auhdon par bhi kaam kiya",ke,URD
"Is ke ilawa 1955 tak Sindh soobai kabeena mein wazeer e sehat, ittelaat aur naiyb wazeer e aala ke auhdon par bhi kaam kiya",auhdon,URD
"Is ke ilawa 1955 tak Sindh soobai kabeena mein wazeer e sehat, ittelaat aur naiyb wazeer e aala ke auhdon par bhi kaam kiya",par,URD
"Is ke ilawa 1955 tak Sindh soobai kabeena mein wazeer e sehat, ittelaat aur naiyb wazeer e aala ke auhdon par bhi kaam kiya",bhi,URD
"Is ke ilawa 1955 tak Sindh soobai kabeena mein wazeer e sehat, ittelaat aur naiyb wazeer e aala ke auhdon par bhi kaam kiya",kaam,URD
"Is ke ilawa 1955 tak Sindh soobai kabeena mein wazeer e sehat, ittelaat aur naiyb wazeer e aala ke auhdon par bhi kaam kiya",kiya,URD
"Un gramophone companies mein Colombia gramophone recording company, Hans Masters Voice aur Jaino phone recording company ke naam qabil e zikar hain",Un,URD
"Un gramophone companies mein Colombia gramophone recording company, Hans Masters Voice aur Jaino phone recording company ke naam qabil e zikar hain",gramophone,URD
"Un gramophone companies mein Colombia gramophone recording company, Hans Masters Voice aur Jaino phone recording company ke naam qabil e zikar hain",companies,URD
"Un gramophone companies mein Colombia gramophone recording company, Hans Masters Voice aur Jaino phone recording company ke naam qabil e zikar hain",mein,URD
"Un gramophone companies mein Colombia gramophone recording company, Hans Masters Voice aur Jaino phone recording company ke naam qabil e zikar hain",Colombia,URD
"Un gramophone companies mein Colombia gramophone recording company, Hans Masters Voice aur Jaino phone recording company ke naam qabil e zikar hain",gramophone,URD
"Un gramophone companies mein Colombia gramophone recording company, Hans Masters Voice aur Jaino phone recording company ke naam qabil e zikar hain",recording,URD
"Un gramophone companies mein Colombia gramophone recording company, Hans Masters Voice aur Jaino phone recording company ke naam qabil e zikar hain","company,",MIX
"Un gramophone companies mein Colombia gramophone recording company, Hans Masters Voice aur Jaino phone recording company ke naam qabil e zikar hain",Hans,URD
"Un gramophone companies mein Colombia gramophone recording company, Hans Masters Voice aur Jaino phone recording company ke naam qabil e zikar hain",Masters,URD
"Un gramophone companies mein Colombia gramophone recording company, Hans Masters Voice aur Jaino phone recording company ke naam qabil e zikar hain",Voice,URD
"Un gramophone companies mein Colombia gramophone recording company, Hans Masters Voice aur Jaino phone recording company ke naam qabil e zikar hain",aur,URD
"Un gramophone companies mein Colombia gramophone recording company, Hans Masters Voice aur Jaino phone recording company ke naam qabil e zikar hain",Jaino,URD
"Un gramophone companies mein Colombia gramophone recording company, Hans Masters Voice aur Jaino phone recording company ke naam qabil e zikar hain",phone,MIX
"Un gramophone companies mein Colombia gramophone recording company, Hans Masters Voice aur Jaino phone recording company ke naam qabil e zikar hain",recording,URD
"Un gramophone companies mein Colombia gramophone recording company, Hans Masters Voice aur Jaino phone recording company ke naam qabil e zikar hain",company,MIX
"Un gramophone companies mein Colombia gramophone recording company, Hans Masters Voice aur Jaino phone recording company ke naam qabil e zikar hain",ke,URD
"Un gramophone companies mein Colombia gramophone recording company, Hans Masters Voice aur Jaino phone recording company ke naam qabil e zikar hain",naam,URD
"Un gramophone companies mein Colombia gramophone recording company, Hans Masters Voice aur Jaino phone recording company ke naam qabil e zikar hain",qabil,URD
"Un gramophone companies mein Colombia gramophone recording company, Hans Masters Voice aur Jaino phone recording company ke naam qabil e zikar hain",e,URD
"Un gramophone companies mein Colombia gramophone recording company, Hans Masters Voice aur Jaino phone recording company ke naam qabil e zikar hain",zikar,URD
"Un gramophone companies mein Colombia gramophone recording company, Hans Masters Voice aur Jaino phone recording company ke naam qabil e zikar hain",hain,URD
Employees sy request hai k sirf ure sirf  ki post pai hee believe karin.,Employees,URD
Employees sy request hai k sirf ure sirf  ki post pai hee believe karin.,sy,URD
Employees sy request hai k sirf ure sirf  ki post pai hee believe karin.,request,URD
Employees sy request hai k sirf ure sirf  ki post pai hee believe karin.,hai,URD
Employees sy request hai k sirf ure sirf  ki post pai hee believe karin.,k,URD
Employees sy request hai k sirf ure sirf  ki post pai hee believe karin.,sirf,URD
Employees sy request hai k sirf ure sirf  ki post pai hee believe karin.,ure,URD
Employees sy request hai k sirf ure sirf  ki post pai hee believe karin.,sirf,URD
Employees sy request hai k sirf ure sirf  ki post pai hee believe karin.,ki,URD
Employees sy request hai k sirf ure sirf  ki post pai hee believe karin.,post,MIX
Employees sy request hai k sirf ure sirf  ki post pai hee believe karin.,pai,URD
Employees sy request hai k sirf ure sirf  ki post pai hee believe karin.,hee,URD
Employees sy request hai k sirf ure sirf  ki post pai hee believe karin.,believe,URD
Employees sy request hai k sirf ure sirf  ki post pai hee believe karin.,karin.,URD
aap ko is mein bounce milta hai jis se karkardgi behtar bannane mein madad milti hai,aap,URD
aap ko is mein bounce milta hai jis se karkardgi behtar bannane mein madad milti hai,ko,URD
aap ko is mein bounce milta hai jis se karkardgi behtar bannane mein madad milti hai,is,ENG
aap ko is mein bounce milta hai jis se karkardgi behtar bannane mein madad milti hai,mein,URD
aap ko is mein bounce milta hai jis se karkardgi behtar bannane mein madad milti hai,bounce,URD
aap ko is mein bounce milta hai jis se karkardgi behtar bannane mein madad milti hai,milta,URD
aap ko is mein bounce milta hai jis se karkardgi behtar bannane mein madad milti hai,hai,URD
aap ko is mein bounce milta hai jis se karkardgi behtar bannane mein madad milti hai,jis,URD
aap ko is mein bounce milta hai jis se karkardgi behtar bannane mein madad milti hai,se,URD
aap ko is mein bounce milta hai jis se karkardgi behtar bannane mein madad milti hai,karkardgi,URD
aap ko is mein bounce milta hai jis se karkardgi behtar bannane mein madad milti hai,behtar,URD
aap ko is mein bounce milta hai jis se karkardgi behtar bannane mein madad milti hai,bannane,URD
aap ko is mein bounce milta hai jis se karkardgi behtar bannane mein madad milti hai,mein,URD
aap ko is mein bounce milta hai jis se karkardgi behtar bannane mein madad milti hai,madad,URD
aap ko is mein bounce milta hai jis se karkardgi behtar bannane mein madad milti hai,milti,URD
aap ko is mein bounce milta hai jis se karkardgi behtar bannane mein madad milti hai,hai,URD
jo banda apne area k awam aur is mulk se mukhlis ha Allah kren wohi win kre chahay wo kisi b party se ho!,jo,URD
jo banda apne area k awam aur is mulk se mukhlis ha Allah kren wohi win kre chahay wo kisi b party se ho!,banda,URD
jo banda apne area k awam aur is mulk se mukhlis ha Allah kren wohi win kre chahay wo kisi b party se ho!,apne,URD
jo banda apne area k awam aur is mulk se mukhlis ha Allah kren wohi win kre chahay wo kisi b party se ho!,area,URD
jo banda apne area k awam aur is mulk se mukhlis ha Allah kren wohi win kre chahay wo kisi b party se ho!,k,URD
jo banda apne area k awam aur is mulk se mukhlis ha Allah kren wohi win kre chahay wo kisi b party se ho!,awam,URD
jo banda apne area k awam aur is mulk se mukhlis ha Allah kren wohi win kre chahay wo kisi b party se ho!,aur,URD
jo banda apne area k awam aur is mulk se mukhlis ha Allah kren wohi win kre chahay wo kisi b party se ho!,is,ENG
jo banda apne area k awam aur is mulk se mukhlis ha Allah kren wohi win kre chahay wo kisi b party se ho!,mulk,URD
jo banda apne area k awam aur is mulk se mukhlis ha Allah kren wohi win kre chahay wo kisi b party se ho!,se,URD
jo banda apne area k awam aur is mulk se mukhlis ha Allah kren wohi win kre chahay wo kisi b party se ho!,mukhlis,URD
jo banda apne area k awam aur is mulk se mukhlis ha Allah kren wohi win kre chahay wo kisi b party se ho!,ha,URD
jo banda apne area k awam aur is mulk se mukhlis ha Allah kren wohi win kre chahay wo kisi b party se ho!,Allah,URD
jo banda apne area k awam aur is mulk se mukhlis ha Allah kren wohi win kre chahay wo kisi b party se ho!,kren,URD
jo banda apne area k awam aur is mulk se mukhlis ha Allah kren wohi win kre chahay wo kisi b party se ho!,wohi,URD
jo banda apne area k awam aur is mulk se mukhlis ha Allah kren wohi win kre chahay wo kisi b party se ho!,win,URD
jo banda apne area k awam aur is mulk se mukhlis ha Allah kren wohi win kre chahay wo kisi b party se ho!,kre,URD
jo banda apne area k awam aur is mulk se mukhlis ha Allah kren wohi win kre chahay wo kisi b party se ho!,chahay,URD
jo banda apne area k awam aur is mulk se mukhlis ha Allah kren wohi win kre chahay wo kisi b party se ho!,wo,URD
jo banda apne area k awam aur is mulk se mukhlis ha Allah kren wohi win kre chahay wo kisi b party se ho!,kisi,URD
jo banda apne area k awam aur is mulk se mukhlis ha Allah kren wohi win kre chahay wo kisi b party se ho!,b,URD
jo banda apne area k awam aur is mulk se mukhlis ha Allah kren wohi win kre chahay wo kisi b party se ho!,party,URD
jo banda apne area k awam aur is mulk se mukhlis ha Allah kren wohi win kre chahay wo kisi b party se ho!,se,URD
jo banda apne area k awam aur is mulk se mukhlis ha Allah kren wohi win kre chahay wo kisi b party se ho!,ho!,URD
Paramount pictures ke sath lagataar 3 films karne ke bad jerry ka is producer idarey se 1960 mein baqaida muaaheda ho gaya,Paramount,URD
Paramount pictures ke sath lagataar 3 films karne ke bad jerry ka is producer idarey se 1960 mein baqaida muaaheda ho gaya,pictures,URD
Paramount pictures ke sath lagataar 3 films karne ke bad jerry ka is producer idarey se 1960 mein baqaida muaaheda ho gaya,ke,URD
Paramount pictures ke sath lagataar 3 films karne ke bad jerry ka is producer idarey se 1960 mein baqaida muaaheda ho gaya,sath,URD
Paramount pictures ke sath lagataar 3 films karne ke bad jerry ka is producer idarey se 1960 mein baqaida muaaheda ho gaya,lagataar,URD
Paramount pictures ke sath lagataar 3 films karne ke bad jerry ka is producer idarey se 1960 mein baqaida muaaheda ho gaya,3,URD
Paramount pictures ke sath lagataar 3 films karne ke bad jerry ka is producer idarey se 1960 mein baqaida muaaheda ho gaya,films,URD
Paramount pictures ke sath lagataar 3 films karne ke bad jerry ka is producer idarey se 1960 mein baqaida muaaheda ho gaya,karne,URD
Paramount pictures ke sath lagataar 3 films karne ke bad jerry ka is producer idarey se 1960 mein baqaida muaaheda ho gaya,ke,URD
Paramount pictures ke sath lagataar 3 films karne ke bad jerry ka is producer idarey se 1960 mein baqaida muaaheda ho gaya,bad,ENG
Paramount pictures ke sath lagataar 3 films karne ke bad jerry ka is producer idarey se 1960 mein baqaida muaaheda ho gaya,jerry,URD
Paramount pictures ke sath lagataar 3 films karne ke bad jerry ka is producer idarey se 1960 mein baqaida muaaheda ho gaya,ka,URD
Paramount pictures ke sath lagataar 3 films karne ke bad jerry ka is producer idarey se 1960 mein baqaida muaaheda ho gaya,is,ENG
Paramount pictures ke sath lagataar 3 films karne ke bad jerry ka is producer idarey se 1960 mein baqaida muaaheda ho gaya,producer,URD
Paramount pictures ke sath lagataar 3 films karne ke bad jerry ka is producer idarey se 1960 mein baqaida muaaheda ho gaya,idarey,URD
Paramount pictures ke sath lagataar 3 films karne ke bad jerry ka is producer idarey se 1960 mein baqaida muaaheda ho gaya,se,URD
Paramount pictures ke sath lagataar 3 films karne ke bad jerry ka is producer idarey se 1960 mein baqaida muaaheda ho gaya,1960,URD
Paramount pictures ke sath lagataar 3 films karne ke bad jerry ka is producer idarey se 1960 mein baqaida muaaheda ho gaya,mein,URD
Paramount pictures ke sath lagataar 3 films karne ke bad jerry ka is producer idarey se 1960 mein baqaida muaaheda ho gaya,baqaida,URD
Paramount pictures ke sath lagataar 3 films karne ke bad jerry ka is producer idarey se 1960 mein baqaida muaaheda ho gaya,muaaheda,URD
Paramount pictures ke sath lagataar 3 films karne ke bad jerry ka is producer idarey se 1960 mein baqaida muaaheda ho gaya,ho,URD
Paramount pictures ke sath lagataar 3 films karne ke bad jerry ka is producer idarey se 1960 mein baqaida muaaheda ho gaya,gaya,URD
...next time meri permission k bina koi chez use ki to bacho gi mj sy...😑😑😠,...next,URD
...next time meri permission k bina koi chez use ki to bacho gi mj sy...😑😑😠,time,MIX
...next time meri permission k bina koi chez use ki to bacho gi mj sy...😑😑😠,meri,URD
...next time meri permission k bina koi chez use ki to bacho gi mj sy...😑😑😠,permission,URD
...next time meri permission k bina koi chez use ki to bacho gi mj sy...😑😑😠,k,URD
...next time meri permission k bina koi chez use ki to bacho gi mj sy...😑😑😠,bina,URD
...next time meri permission k bina koi chez use ki to bacho gi mj sy...😑😑😠,koi,URD
...next time meri permission k bina koi chez use ki to bacho gi mj sy...😑😑😠,chez,URD
...next time meri permission k bina koi chez use ki to bacho gi mj sy...😑😑😠,use,URD
...next time meri permission k bina koi chez use ki to bacho gi mj sy...😑😑😠,ki,URD
...next time meri permission k bina koi chez use ki to bacho gi mj sy...😑😑😠,to,URD
...next time meri permission k bina koi chez use ki to bacho gi mj sy...😑😑😠,bacho,URD
...next time meri permission k bina koi chez use ki to bacho gi mj sy...😑😑😠,gi,URD
...next time meri permission k bina koi chez use ki to bacho gi mj sy...😑😑😠,mj,URD
...next time meri permission k bina koi chez use ki to bacho gi mj sy...😑😑😠,sy...😑😑😠,URD
Bro new videos b bnao almost year hogya ha koi video ni ai,Bro,URD
Bro new videos b bnao almost year hogya ha koi video ni ai,new,URD
Bro new videos b bnao almost year hogya ha koi video ni ai,videos,URD
Bro new videos b bnao almost year hogya ha koi video ni ai,b,URD
Bro new videos b bnao almost year hogya ha koi video ni ai,bnao,URD
Bro new videos b bnao almost year hogya ha koi video ni ai,almost,URD
Bro new videos b bnao almost year hogya ha koi video ni ai,year,URD
Bro new videos b bnao almost year hogya ha koi video ni ai,hogya,URD
Bro new videos b bnao almost year hogya ha koi video ni ai,ha,URD
Bro new videos b bnao almost year hogya ha koi video ni ai,koi,URD
Bro new videos b bnao almost year hogya ha koi video ni ai,video,MIX
Bro new videos b bnao almost year hogya ha koi video ni ai,ni,URD
Bro new videos b bnao almost year hogya ha koi video ni ai,ai,URD
Mano Mahi kbi ye time b tha,Mano,URD
Mano Mahi kbi ye time b tha,Mahi,URD
Mano Mahi kbi ye time b tha,kbi,URD
Mano Mahi kbi ye time b tha,ye,URD
Mano Mahi kbi ye time b tha,time,MIX
Mano Mahi kbi ye time b tha,b,URD
Mano Mahi kbi ye time b tha,tha,URD
haha is aurat ny koi 1 bat logical ya facts ki base py ki hay,haha,URD
haha is aurat ny koi 1 bat logical ya facts ki base py ki hay,is,ENG
haha is aurat ny koi 1 bat logical ya facts ki base py ki hay,aurat,URD
haha is aurat ny koi 1 bat logical ya facts ki base py ki hay,ny,URD
haha is aurat ny koi 1 bat logical ya facts ki base py ki hay,koi,URD
haha is aurat ny koi 1 bat logical ya facts ki base py ki hay,1,URD
haha is aurat ny koi 1 bat logical ya facts ki base py ki hay,bat,URD
haha is aurat ny koi 1 bat logical ya facts ki base py ki hay,logical,URD
haha is aurat ny koi 1 bat logical ya facts ki base py ki hay,ya,URD
haha is aurat ny koi 1 bat logical ya facts ki base py ki hay,facts,URD
haha is aurat ny koi 1 bat logical ya facts ki base py ki hay,ki,URD
haha is aurat ny koi 1 bat logical ya facts ki base py ki hay,base,URD
haha is aurat ny koi 1 bat logical ya facts ki base py ki hay,py,URD
haha is aurat ny koi 1 bat logical ya facts ki base py ki hay,ki,URD
haha is aurat ny koi 1 bat logical ya facts ki base py ki hay,hay,URD
Awwlaaa asees ma ny pehly audio suni thi alhamra ma ub video b bht achay,Awwlaaa,URD
Awwlaaa asees ma ny pehly audio suni thi alhamra ma ub video b bht achay,asees,URD
Awwlaaa asees ma ny pehly audio suni thi alhamra ma ub video b bht achay,ma,URD
Awwlaaa asees ma ny pehly audio suni thi alhamra ma ub video b bht achay,ny,URD
Awwlaaa asees ma ny pehly audio suni thi alhamra ma ub video b bht achay,pehly,URD
Awwlaaa asees ma ny pehly audio suni thi alhamra ma ub video b bht achay,audio,URD
Awwlaaa asees ma ny pehly audio suni thi alhamra ma ub video b bht achay,suni,URD
Awwlaaa asees ma ny pehly audio suni thi alhamra ma ub video b bht achay,thi,URD
Awwlaaa asees ma ny pehly audio suni thi alhamra ma ub video b bht achay,alhamra,URD
Awwlaaa asees ma ny pehly audio suni thi alhamra ma ub video b bht achay,ma,URD
Awwlaaa asees ma ny pehly audio suni thi alhamra ma ub video b bht achay,ub,URD
Awwlaaa asees ma ny pehly audio suni thi alhamra ma ub video b bht achay,video,MIX
Awwlaaa asees ma ny pehly audio suni thi alhamra ma ub video b bht achay,b,URD
Awwlaaa asees ma ny pehly audio suni thi alhamra ma ub video b bht achay,bht,URD
Awwlaaa asees ma ny pehly audio suni thi alhamra ma ub video b bht achay,achay,URD
Yeh drama bht zbrdst hai kafi time bd hum tv walon ne dubara acche dramas bana shuru kiye hai,Yeh,URD
Yeh drama bht zbrdst hai kafi time bd hum tv walon ne dubara acche dramas bana shuru kiye hai,drama,URD
Yeh drama bht zbrdst hai kafi time bd hum tv walon ne dubara acche dramas bana shuru kiye hai,bht,URD
Yeh drama bht zbrdst hai kafi time bd hum tv walon ne dubara acche dramas bana shuru kiye hai,zbrdst,URD
Yeh drama bht zbrdst hai kafi time bd hum tv walon ne dubara acche dramas bana shuru kiye hai,hai,URD
Yeh drama bht zbrdst hai kafi time bd hum tv walon ne dubara acche dramas bana shuru kiye hai,kafi,URD
Yeh drama bht zbrdst hai kafi time bd hum tv walon ne dubara acche dramas bana shuru kiye hai,time,MIX
Yeh drama bht zbrdst hai kafi time bd hum tv walon ne dubara acche dramas bana shuru kiye hai,bd,URD
Yeh drama bht zbrdst hai kafi time bd hum tv walon ne dubara acche dramas bana shuru kiye hai,hum,URD
Yeh drama bht zbrdst hai kafi time bd hum tv walon ne dubara acche dramas bana shuru kiye hai,tv,MIX
Yeh drama bht zbrdst hai kafi time bd hum tv walon ne dubara acche dramas bana shuru kiye hai,walon,URD
Yeh drama bht zbrdst hai kafi time bd hum tv walon ne dubara acche dramas bana shuru kiye hai,ne,URD
Yeh drama bht zbrdst hai kafi time bd hum tv walon ne dubara acche dramas bana shuru kiye hai,dubara,URD
Yeh drama bht zbrdst hai kafi time bd hum tv walon ne dubara acche dramas bana shuru kiye hai,acche,URD
Yeh drama bht zbrdst hai kafi time bd hum tv walon ne dubara acche dramas bana shuru kiye hai,dramas,URD
Yeh drama bht zbrdst hai kafi time bd hum tv walon ne dubara acche dramas bana shuru kiye hai,bana,URD
Yeh drama bht zbrdst hai kafi time bd hum tv walon ne dubara acche dramas bana shuru kiye hai,shuru,URD
Yeh drama bht zbrdst hai kafi time bd hum tv walon ne dubara acche dramas bana shuru kiye hai,kiye,URD
Yeh drama bht zbrdst hai kafi time bd hum tv walon ne dubara acche dramas bana shuru kiye hai,hai,URD
so atni kubsorat ho sab ko achi pagti ho,so,ENG
so atni kubsorat ho sab ko achi pagti ho,atni,URD
so atni kubsorat ho sab ko achi pagti ho,kubsorat,URD
so atni kubsorat ho sab ko achi pagti ho,ho,URD
so atni kubsorat ho sab ko achi pagti ho,sab,URD
so atni kubsorat ho sab ko achi pagti ho,ko,URD
so atni kubsorat ho sab ko achi pagti ho,achi,URD
so atni kubsorat ho sab ko achi pagti ho,pagti,URD
so atni kubsorat ho sab ko achi pagti ho,ho,URD
Agar nai kar sakty tu un mein jo thora behtar lagta ha us Ko vote daina pary ga.,Agar,URD
Agar nai kar sakty tu un mein jo thora behtar lagta ha us Ko vote daina pary ga.,nai,URD
Agar nai kar sakty tu un mein jo thora behtar lagta ha us Ko vote daina pary ga.,kar,URD
Agar nai kar sakty tu un mein jo thora behtar lagta ha us Ko vote daina pary ga.,sakty,URD
Agar nai kar sakty tu un mein jo thora behtar lagta ha us Ko vote daina pary ga.,tu,URD
Agar nai kar sakty tu un mein jo thora behtar lagta ha us Ko vote daina pary ga.,un,URD
Agar nai kar sakty tu un mein jo thora behtar lagta ha us Ko vote daina pary ga.,mein,URD
Agar nai kar sakty tu un mein jo thora behtar lagta ha us Ko vote daina pary ga.,jo,URD
Agar nai kar sakty tu un mein jo thora behtar lagta ha us Ko vote daina pary ga.,thora,URD
Agar nai kar sakty tu un mein jo thora behtar lagta ha us Ko vote daina pary ga.,behtar,URD
Agar nai kar sakty tu un mein jo thora behtar lagta ha us Ko vote daina pary ga.,lagta,URD
Agar nai kar sakty tu un mein jo thora behtar lagta ha us Ko vote daina pary ga.,ha,URD
Agar nai kar sakty tu un mein jo thora behtar lagta ha us Ko vote daina pary ga.,us,URD
Agar nai kar sakty tu un mein jo thora behtar lagta ha us Ko vote daina pary ga.,Ko,URD
Agar nai kar sakty tu un mein jo thora behtar lagta ha us Ko vote daina pary ga.,vote,ENG
Agar nai kar sakty tu un mein jo thora behtar lagta ha us Ko vote daina pary ga.,daina,URD
Agar nai kar sakty tu un mein jo thora behtar lagta ha us Ko vote daina pary ga.,pary,URD
Agar nai kar sakty tu un mein jo thora behtar lagta ha us Ko vote daina pary ga.,ga.,URD
allah paak is azeem hasti ko umar e khizar ataa farmayeaur deen ki tamam khidmat ka silaa ataa frmaye,allah,URD
allah paak is azeem hasti ko umar e khizar ataa farmayeaur deen ki tamam khidmat ka silaa ataa frmaye,paak,URD
allah paak is azeem hasti ko umar e khizar ataa farmayeaur deen ki tamam khidmat ka silaa ataa frmaye,is,ENG
allah paak is azeem hasti ko umar e khizar ataa farmayeaur deen ki tamam khidmat ka silaa ataa frmaye,azeem,URD
allah paak is azeem hasti ko umar e khizar ataa farmayeaur deen ki tamam khidmat ka silaa ataa frmaye,hasti,URD
allah paak is azeem hasti ko umar e khizar ataa farmayeaur deen ki tamam khidmat ka silaa ataa frmaye,ko,URD
allah paak is azeem hasti ko umar e khizar ataa farmayeaur deen ki tamam khidmat ka silaa ataa frmaye,umar,URD
allah paak is azeem hasti ko umar e khizar ataa farmayeaur deen ki tamam khidmat ka silaa ataa frmaye,e,URD
allah paak is azeem hasti ko umar e khizar ataa farmayeaur deen ki tamam khidmat ka silaa ataa frmaye,khizar,URD
allah paak is azeem hasti ko umar e khizar ataa farmayeaur deen ki tamam khidmat ka silaa ataa frmaye,ataa,URD
allah paak is azeem hasti ko umar e khizar ataa farmayeaur deen ki tamam khidmat ka silaa ataa frmaye,farmayeaur,URD
allah paak is azeem hasti ko umar e khizar ataa farmayeaur deen ki tamam khidmat ka silaa ataa frmaye,deen,URD
allah paak is azeem hasti ko umar e khizar ataa farmayeaur deen ki tamam khidmat ka silaa ataa frmaye,ki,URD
allah paak is azeem hasti ko umar e khizar ataa farmayeaur deen ki tamam khidmat ka silaa ataa frmaye,tamam,URD
allah paak is azeem hasti ko umar e khizar ataa farmayeaur deen ki tamam khidmat ka silaa ataa frmaye,khidmat,URD
allah paak is azeem hasti ko umar e khizar ataa farmayeaur deen ki tamam khidmat ka silaa ataa frmaye,ka,URD
allah paak is azeem hasti ko umar e khizar ataa farmayeaur deen ki tamam khidmat ka silaa ataa frmaye,silaa,URD
allah paak is azeem hasti ko umar e khizar ataa farmayeaur deen ki tamam khidmat ka silaa ataa frmaye,ataa,URD
allah paak is azeem hasti ko umar e khizar ataa farmayeaur deen ki tamam khidmat ka silaa ataa frmaye,frmaye,URD
Isi post ka wait tha,Isi,URD
Isi post ka wait tha,post,MIX
Isi post ka wait tha,ka,URD
Isi post ka wait tha,wait,URD
Isi post ka wait tha,tha,URD
Message aap ki  ilmgah ki CR ka tha.,Message,MIX
Message aap ki  ilmgah ki CR ka tha.,aap,URD
Message aap ki  ilmgah ki CR ka tha.,ki,URD
Message aap ki  ilmgah ki CR ka tha.,ilmgah,URD
Message aap ki  ilmgah ki CR ka tha.,ki,URD
Message aap ki  ilmgah ki CR ka tha.,CR,URD
Message aap ki  ilmgah ki CR ka tha.,ka,URD
Message aap ki  ilmgah ki CR ka tha.,tha.,URD
But next time plz umar akmal.ko nhi rkhna team mai,But,ENG
But next time plz umar akmal.ko nhi rkhna team mai,next,URD
But next time plz umar akmal.ko nhi rkhna team mai,time,MIX
But next time plz umar akmal.ko nhi rkhna team mai,plz,URD
But next time plz umar akmal.ko nhi rkhna team mai,umar,URD
But next time plz umar akmal.ko nhi rkhna team mai,akmal.ko,URD
But next time plz umar akmal.ko nhi rkhna team mai,nhi,URD
But next time plz umar akmal.ko nhi rkhna team mai,rkhna,URD
But next time plz umar akmal.ko nhi rkhna team mai,team,ENG
But next time plz umar akmal.ko nhi rkhna team mai,mai,URD
"Jahan Farooq Sheikh ko heart attack hua, jo is basalahiyat actor ko paristaron se Judah kar gaya",Jahan,URD
"Jahan Farooq Sheikh ko heart attack hua, jo is basalahiyat actor ko paristaron se Judah kar gaya",Farooq,URD
"Jahan Farooq Sheikh ko heart attack hua, jo is basalahiyat actor ko paristaron se Judah kar gaya",Sheikh,URD
"Jahan Farooq Sheikh ko heart attack hua, jo is basalahiyat actor ko paristaron se Judah kar gaya",ko,URD
"Jahan Farooq Sheikh ko heart attack hua, jo is basalahiyat actor ko paristaron se Judah kar gaya",heart,URD
"Jahan Farooq Sheikh ko heart attack hua, jo is basalahiyat actor ko paristaron se Judah kar gaya",attack,URD
"Jahan Farooq Sheikh ko heart attack hua, jo is basalahiyat actor ko paristaron se Judah kar gaya","hua,",URD
"Jahan Farooq Sheikh ko heart attack hua, jo is basalahiyat actor ko paristaron se Judah kar gaya",jo,URD
"Jahan Farooq Sheikh ko heart attack hua, jo is basalahiyat actor ko paristaron se Judah kar gaya",is,ENG
"Jahan Farooq Sheikh ko heart attack hua, jo is basalahiyat actor ko paristaron se Judah kar gaya",basalahiyat,URD
"Jahan Farooq Sheikh ko heart attack hua, jo is basalahiyat actor ko paristaron se Judah kar gaya",actor,ENG
"Jahan Farooq Sheikh ko heart attack hua, jo is basalahiyat actor ko paristaron se Judah kar gaya",ko,URD
"Jahan Farooq Sheikh ko heart attack hua, jo is basalahiyat actor ko paristaron se Judah kar gaya",paristaron,URD
"Jahan Farooq Sheikh ko heart attack hua, jo is basalahiyat actor ko paristaron se Judah kar gaya",se,URD
"Jahan Farooq Sheikh ko heart attack hua, jo is basalahiyat actor ko paristaron se Judah kar gaya",Judah,URD
"Jahan Farooq Sheikh ko heart attack hua, jo is basalahiyat actor ko paristaron se Judah kar gaya",kar,URD
"Jahan Farooq Sheikh ko heart attack hua, jo is basalahiyat actor ko paristaron se Judah kar gaya",gaya,URD
"Whats rubbish... is se zyada expensive shadiyan horhe hn ajkal celebrities, businessman ki... farigh admin!",Whats,URD
"Whats rubbish... is se zyada expensive shadiyan horhe hn ajkal celebrities, businessman ki... farigh admin!",rubbish...,URD
"Whats rubbish... is se zyada expensive shadiyan horhe hn ajkal celebrities, businessman ki... farigh admin!",is,ENG
"Whats rubbish... is se zyada expensive shadiyan horhe hn ajkal celebrities, businessman ki... farigh admin!",se,URD
"Whats rubbish... is se zyada expensive shadiyan horhe hn ajkal celebrities, businessman ki... farigh admin!",zyada,URD
"Whats rubbish... is se zyada expensive shadiyan horhe hn ajkal celebrities, businessman ki... farigh admin!",expensive,URD
"Whats rubbish... is se zyada expensive shadiyan horhe hn ajkal celebrities, businessman ki... farigh admin!",shadiyan,URD
"Whats rubbish... is se zyada expensive shadiyan horhe hn ajkal celebrities, businessman ki... farigh admin!",horhe,URD
"Whats rubbish... is se zyada expensive shadiyan horhe hn ajkal celebrities, businessman ki... farigh admin!",hn,URD
"Whats rubbish... is se zyada expensive shadiyan horhe hn ajkal celebrities, businessman ki... farigh admin!",ajkal,URD
"Whats rubbish... is se zyada expensive shadiyan horhe hn ajkal celebrities, businessman ki... farigh admin!","celebrities,",URD
"Whats rubbish... is se zyada expensive shadiyan horhe hn ajkal celebrities, businessman ki... farigh admin!",businessman,URD
"Whats rubbish... is se zyada expensive shadiyan horhe hn ajkal celebrities, businessman ki... farigh admin!",ki...,URD
"Whats rubbish... is se zyada expensive shadiyan horhe hn ajkal celebrities, businessman ki... farigh admin!",farigh,URD
"Whats rubbish... is se zyada expensive shadiyan horhe hn ajkal celebrities, businessman ki... farigh admin!",admin!,URD
AP sub sy dua ki apeal ha Allah khairo aafiat wali zindagi dy or eeman ki doolat Marty time tk ata kry,AP,URD
AP sub sy dua ki apeal ha Allah khairo aafiat wali zindagi dy or eeman ki doolat Marty time tk ata kry,sub,URD
AP sub sy dua ki apeal ha Allah khairo aafiat wali zindagi dy or eeman ki doolat Marty time tk ata kry,sy,URD
AP sub sy dua ki apeal ha Allah khairo aafiat wali zindagi dy or eeman ki doolat Marty time tk ata kry,dua,URD
AP sub sy dua ki apeal ha Allah khairo aafiat wali zindagi dy or eeman ki doolat Marty time tk ata kry,ki,URD
AP sub sy dua ki apeal ha Allah khairo aafiat wali zindagi dy or eeman ki doolat Marty time tk ata kry,apeal,URD
AP sub sy dua ki apeal ha Allah khairo aafiat wali zindagi dy or eeman ki doolat Marty time tk ata kry,ha,URD
AP sub sy dua ki apeal ha Allah khairo aafiat wali zindagi dy or eeman ki doolat Marty time tk ata kry,Allah,URD
AP sub sy dua ki apeal ha Allah khairo aafiat wali zindagi dy or eeman ki doolat Marty time tk ata kry,khairo,URD
AP sub sy dua ki apeal ha Allah khairo aafiat wali zindagi dy or eeman ki doolat Marty time tk ata kry,aafiat,URD
AP sub sy dua ki apeal ha Allah khairo aafiat wali zindagi dy or eeman ki doolat Marty time tk ata kry,wali,URD
AP sub sy dua ki apeal ha Allah khairo aafiat wali zindagi dy or eeman ki doolat Marty time tk ata kry,zindagi,URD
AP sub sy dua ki apeal ha Allah khairo aafiat wali zindagi dy or eeman ki doolat Marty time tk ata kry,dy,URD
AP sub sy dua ki apeal ha Allah khairo aafiat wali zindagi dy or eeman ki doolat Marty time tk ata kry,or,URD
AP sub sy dua ki apeal ha Allah khairo aafiat wali zindagi dy or eeman ki doolat Marty time tk ata kry,eeman,URD
AP sub sy dua ki apeal ha Allah khairo aafiat wali zindagi dy or eeman ki doolat Marty time tk ata kry,ki,URD
AP sub sy dua ki apeal ha Allah khairo aafiat wali zindagi dy or eeman ki doolat Marty time tk ata kry,doolat,URD
AP sub sy dua ki apeal ha Allah khairo aafiat wali zindagi dy or eeman ki doolat Marty time tk ata kry,Marty,URD
AP sub sy dua ki apeal ha Allah khairo aafiat wali zindagi dy or eeman ki doolat Marty time tk ata kry,time,MIX
AP sub sy dua ki apeal ha Allah khairo aafiat wali zindagi dy or eeman ki doolat Marty time tk ata kry,tk,URD
AP sub sy dua ki apeal ha Allah khairo aafiat wali zindagi dy or eeman ki doolat Marty time tk ata kry,ata,URD
AP sub sy dua ki apeal ha Allah khairo aafiat wali zindagi dy or eeman ki doolat Marty time tk ata kry,kry,URD
Itni corruption ki apke leader ne demmak ki trha khaya humme 10 time k sath!!!!Koi ik waja bta do,Itni,URD
Itni corruption ki apke leader ne demmak ki trha khaya humme 10 time k sath!!!!Koi ik waja bta do,corruption,URD
Itni corruption ki apke leader ne demmak ki trha khaya humme 10 time k sath!!!!Koi ik waja bta do,ki,URD
Itni corruption ki apke leader ne demmak ki trha khaya humme 10 time k sath!!!!Koi ik waja bta do,apke,URD
Itni corruption ki apke leader ne demmak ki trha khaya humme 10 time k sath!!!!Koi ik waja bta do,leader,URD
Itni corruption ki apke leader ne demmak ki trha khaya humme 10 time k sath!!!!Koi ik waja bta do,ne,URD
Itni corruption ki apke leader ne demmak ki trha khaya humme 10 time k sath!!!!Koi ik waja bta do,demmak,URD
Itni corruption ki apke leader ne demmak ki trha khaya humme 10 time k sath!!!!Koi ik waja bta do,ki,URD
Itni corruption ki apke leader ne demmak ki trha khaya humme 10 time k sath!!!!Koi ik waja bta do,trha,URD
Itni corruption ki apke leader ne demmak ki trha khaya humme 10 time k sath!!!!Koi ik waja bta do,khaya,URD
Itni corruption ki apke leader ne demmak ki trha khaya humme 10 time k sath!!!!Koi ik waja bta do,humme,URD
Itni corruption ki apke leader ne demmak ki trha khaya humme 10 time k sath!!!!Koi ik waja bta do,10,URD
Itni corruption ki apke leader ne demmak ki trha khaya humme 10 time k sath!!!!Koi ik waja bta do,time,MIX
Itni corruption ki apke leader ne demmak ki trha khaya humme 10 time k sath!!!!Koi ik waja bta do,k,URD
Itni corruption ki apke leader ne demmak ki trha khaya humme 10 time k sath!!!!Koi ik waja bta do,sath!!!!Koi,URD
Itni corruption ki apke leader ne demmak ki trha khaya humme 10 time k sath!!!!Koi ik waja bta do,ik,URD
Itni corruption ki apke leader ne demmak ki trha khaya humme 10 time k sath!!!!Koi ik waja bta do,waja,URD
Itni corruption ki apke leader ne demmak ki trha khaya humme 10 time k sath!!!!Koi ik waja bta do,bta,URD
Itni corruption ki apke leader ne demmak ki trha khaya humme 10 time k sath!!!!Koi ik waja bta do,do,URD
Jab ke in ki video mukammal hote he aik ranga rang launching taqreeb ka ineqaad bhi kiya jaega,Jab,URD
Jab ke in ki video mukammal hote he aik ranga rang launching taqreeb ka ineqaad bhi kiya jaega,ke,URD
Jab ke in ki video mukammal hote he aik ranga rang launching taqreeb ka ineqaad bhi kiya jaega,in,URD
Jab ke in ki video mukammal hote he aik ranga rang launching taqreeb ka ineqaad bhi kiya jaega,ki,URD
Jab ke in ki video mukammal hote he aik ranga rang launching taqreeb ka ineqaad bhi kiya jaega,video,MIX
Jab ke in ki video mukammal hote he aik ranga rang launching taqreeb ka ineqaad bhi kiya jaega,mukammal,URD
Jab ke in ki video mukammal hote he aik ranga rang launching taqreeb ka ineqaad bhi kiya jaega,hote,URD
Jab ke in ki video mukammal hote he aik ranga rang launching taqreeb ka ineqaad bhi kiya jaega,he,URD
Jab ke in ki video mukammal hote he aik ranga rang launching taqreeb ka ineqaad bhi kiya jaega,aik,URD
Jab ke in ki video mukammal hote he aik ranga rang launching taqreeb ka ineqaad bhi kiya jaega,ranga,URD
Jab ke in ki video mukammal hote he aik ranga rang launching taqreeb ka ineqaad bhi kiya jaega,rang,URD
Jab ke in ki video mukammal hote he aik ranga rang launching taqreeb ka ineqaad bhi kiya jaega,launching,URD
Jab ke in ki video mukammal hote he aik ranga rang launching taqreeb ka ineqaad bhi kiya jaega,taqreeb,URD
Jab ke in ki video mukammal hote he aik ranga rang launching taqreeb ka ineqaad bhi kiya jaega,ka,URD
Jab ke in ki video mukammal hote he aik ranga rang launching taqreeb ka ineqaad bhi kiya jaega,ineqaad,URD
Jab ke in ki video mukammal hote he aik ranga rang launching taqreeb ka ineqaad bhi kiya jaega,bhi,URD
Jab ke in ki video mukammal hote he aik ranga rang launching taqreeb ka ineqaad bhi kiya jaega,kiya,URD
Jab ke in ki video mukammal hote he aik ranga rang launching taqreeb ka ineqaad bhi kiya jaega,jaega,URD
Yeh video main ne ek saal pehli dekhi hain jo Afghanistan k wardak province mein banni hain ye chutta bacha nahain hain Ess video mein,Yeh,URD
Yeh video main ne ek saal pehli dekhi hain jo Afghanistan k wardak province mein banni hain ye chutta bacha nahain hain Ess video mein,video,MIX
Yeh video main ne ek saal pehli dekhi hain jo Afghanistan k wardak province mein banni hain ye chutta bacha nahain hain Ess video mein,main,URD
Yeh video main ne ek saal pehli dekhi hain jo Afghanistan k wardak province mein banni hain ye chutta bacha nahain hain Ess video mein,ne,URD
Yeh video main ne ek saal pehli dekhi hain jo Afghanistan k wardak province mein banni hain ye chutta bacha nahain hain Ess video mein,ek,URD
Yeh video main ne ek saal pehli dekhi hain jo Afghanistan k wardak province mein banni hain ye chutta bacha nahain hain Ess video mein,saal,URD
Yeh video main ne ek saal pehli dekhi hain jo Afghanistan k wardak province mein banni hain ye chutta bacha nahain hain Ess video mein,pehli,URD
Yeh video main ne ek saal pehli dekhi hain jo Afghanistan k wardak province mein banni hain ye chutta bacha nahain hain Ess video mein,dekhi,URD
Yeh video main ne ek saal pehli dekhi hain jo Afghanistan k wardak province mein banni hain ye chutta bacha nahain hain Ess video mein,hain,URD
Yeh video main ne ek saal pehli dekhi hain jo Afghanistan k wardak province mein banni hain ye chutta bacha nahain hain Ess video mein,jo,URD
Yeh video main ne ek saal pehli dekhi hain jo Afghanistan k wardak province mein banni hain ye chutta bacha nahain hain Ess video mein,Afghanistan,URD
Yeh video main ne ek saal pehli dekhi hain jo Afghanistan k wardak province mein banni hain ye chutta bacha nahain hain Ess video mein,k,URD
Yeh video main ne ek saal pehli dekhi hain jo Afghanistan k wardak province mein banni hain ye chutta bacha nahain hain Ess video mein,wardak,URD
Yeh video main ne ek saal pehli dekhi hain jo Afghanistan k wardak province mein banni hain ye chutta bacha nahain hain Ess video mein,province,URD
Yeh video main ne ek saal pehli dekhi hain jo Afghanistan k wardak province mein banni hain ye chutta bacha nahain hain Ess video mein,mein,URD
Yeh video main ne ek saal pehli dekhi hain jo Afghanistan k wardak province mein banni hain ye chutta bacha nahain hain Ess video mein,banni,URD
Yeh video main ne ek saal pehli dekhi hain jo Afghanistan k wardak province mein banni hain ye chutta bacha nahain hain Ess video mein,hain,URD
Yeh video main ne ek saal pehli dekhi hain jo Afghanistan k wardak province mein banni hain ye chutta bacha nahain hain Ess video mein,ye,URD
Yeh video main ne ek saal pehli dekhi hain jo Afghanistan k wardak province mein banni hain ye chutta bacha nahain hain Ess video mein,chutta,URD
Yeh video main ne ek saal pehli dekhi hain jo Afghanistan k wardak province mein banni hain ye chutta bacha nahain hain Ess video mein,bacha,URD
Yeh video main ne ek saal pehli dekhi hain jo Afghanistan k wardak province mein banni hain ye chutta bacha nahain hain Ess video mein,nahain,URD
Yeh video main ne ek saal pehli dekhi hain jo Afghanistan k wardak province mein banni hain ye chutta bacha nahain hain Ess video mein,hain,URD
Yeh video main ne ek saal pehli dekhi hain jo Afghanistan k wardak province mein banni hain ye chutta bacha nahain hain Ess video mein,Ess,URD
Yeh video main ne ek saal pehli dekhi hain jo Afghanistan k wardak province mein banni hain ye chutta bacha nahain hain Ess video mein,video,MIX
Yeh video main ne ek saal pehli dekhi hain jo Afghanistan k wardak province mein banni hain ye chutta bacha nahain hain Ess video mein,mein,URD
PML N Ka Dabao Pr 7 UCs Ka Result Change Kiya Giya,PML,URD
PML N Ka Dabao Pr 7 UCs Ka Result Change Kiya Giya,N,URD
PML N Ka Dabao Pr 7 UCs Ka Result Change Kiya Giya,Ka,URD
PML N Ka Dabao Pr 7 UCs Ka Result Change Kiya Giya,Dabao,URD
PML N Ka Dabao Pr 7 UCs Ka Result Change Kiya Giya,Pr,URD
PML N Ka Dabao Pr 7 UCs Ka Result Change Kiya Giya,7,URD
PML N Ka Dabao Pr 7 UCs Ka Result Change Kiya Giya,UCs,URD
PML N Ka Dabao Pr 7 UCs Ka Result Change Kiya Giya,Ka,URD
PML N Ka Dabao Pr 7 UCs Ka Result Change Kiya Giya,Result,MIX
PML N Ka Dabao Pr 7 UCs Ka Result Change Kiya Giya,Change,ENG
PML N Ka Dabao Pr 7 UCs Ka Result Change Kiya Giya,Kiya,URD
PML N Ka Dabao Pr 7 UCs Ka Result Change Kiya Giya,Giya,URD
"Is doran ap ne boys company se June 1954 mein first roman, first map reading third English ke imtehan pas kiye",Is,ENG
"Is doran ap ne boys company se June 1954 mein first roman, first map reading third English ke imtehan pas kiye",doran,URD
"Is doran ap ne boys company se June 1954 mein first roman, first map reading third English ke imtehan pas kiye",ap,URD
"Is doran ap ne boys company se June 1954 mein first roman, first map reading third English ke imtehan pas kiye",ne,URD
"Is doran ap ne boys company se June 1954 mein first roman, first map reading third English ke imtehan pas kiye",boys,URD
"Is doran ap ne boys company se June 1954 mein first roman, first map reading third English ke imtehan pas kiye",company,MIX
"Is doran ap ne boys company se June 1954 mein first roman, first map reading third English ke imtehan pas kiye",se,URD
"Is doran ap ne boys company se June 1954 mein first roman, first map reading third English ke imtehan pas kiye",June,URD
"Is doran ap ne boys company se June 1954 mein first roman, first map reading third English ke imtehan pas kiye",1954,URD
"Is doran ap ne boys company se June 1954 mein first roman, first map reading third English ke imtehan pas kiye",mein,URD
"Is doran ap ne boys company se June 1954 mein first roman, first map reading third English ke imtehan pas kiye",first,URD
"Is doran ap ne boys company se June 1954 mein first roman, first map reading third English ke imtehan pas kiye","roman,",URD
"Is doran ap ne boys company se June 1954 mein first roman, first map reading third English ke imtehan pas kiye",first,URD
"Is doran ap ne boys company se June 1954 mein first roman, first map reading third English ke imtehan pas kiye",map,URD
"Is doran ap ne boys company se June 1954 mein first roman, first map reading third English ke imtehan pas kiye",reading,URD
"Is doran ap ne boys company se June 1954 mein first roman, first map reading third English ke imtehan pas kiye",third,URD
"Is doran ap ne boys company se June 1954 mein first roman, first map reading third English ke imtehan pas kiye",English,URD
"Is doran ap ne boys company se June 1954 mein first roman, first map reading third English ke imtehan pas kiye",ke,URD
"Is doran ap ne boys company se June 1954 mein first roman, first map reading third English ke imtehan pas kiye",imtehan,URD
"Is doran ap ne boys company se June 1954 mein first roman, first map reading third English ke imtehan pas kiye",pas,URD
"Is doran ap ne boys company se June 1954 mein first roman, first map reading third English ke imtehan pas kiye",kiye,URD
Yehi comment expect kia tha yaar tu vi relax kar k ik waari soch la,Yehi,URD
Yehi comment expect kia tha yaar tu vi relax kar k ik waari soch la,comment,ENG
Yehi comment expect kia tha yaar tu vi relax kar k ik waari soch la,expect,URD
Yehi comment expect kia tha yaar tu vi relax kar k ik waari soch la,kia,URD
Yehi comment expect kia tha yaar tu vi relax kar k ik waari soch la,tha,URD
Yehi comment expect kia tha yaar tu vi relax kar k ik waari soch la,yaar,URD
Yehi comment expect kia tha yaar tu vi relax kar k ik waari soch la,tu,URD
Yehi comment expect kia tha yaar tu vi relax kar k ik waari soch la,vi,URD
Yehi comment expect kia tha yaar tu vi relax kar k ik waari soch la,relax,URD
Yehi comment expect kia tha yaar tu vi relax kar k ik waari soch la,kar,URD
Yehi comment expect kia tha yaar tu vi relax kar k ik waari soch la,k,URD
Yehi comment expect kia tha yaar tu vi relax kar k ik waari soch la,ik,URD
Yehi comment expect kia tha yaar tu vi relax kar k ik waari soch la,waari,URD
Yehi comment expect kia tha yaar tu vi relax kar k ik waari soch la,soch,URD
Yehi comment expect kia tha yaar tu vi relax kar k ik waari soch la,la,URD
AR Tabba Sports Complex Me APMF Job Fair Ka Agaz Ho Gaya Hai,AR,URD
AR Tabba Sports Complex Me APMF Job Fair Ka Agaz Ho Gaya Hai,Tabba,URD
AR Tabba Sports Complex Me APMF Job Fair Ka Agaz Ho Gaya Hai,Sports,URD
AR Tabba Sports Complex Me APMF Job Fair Ka Agaz Ho Gaya Hai,Complex,URD
AR Tabba Sports Complex Me APMF Job Fair Ka Agaz Ho Gaya Hai,Me,URD
AR Tabba Sports Complex Me APMF Job Fair Ka Agaz Ho Gaya Hai,APMF,URD
AR Tabba Sports Complex Me APMF Job Fair Ka Agaz Ho Gaya Hai,Job,MIX
AR Tabba Sports Complex Me APMF Job Fair Ka Agaz Ho Gaya Hai,Fair,URD
AR Tabba Sports Complex Me APMF Job Fair Ka Agaz Ho Gaya Hai,Ka,URD
AR Tabba Sports Complex Me APMF Job Fair Ka Agaz Ho Gaya Hai,Agaz,URD
AR Tabba Sports Complex Me APMF Job Fair Ka Agaz Ho Gaya Hai,Ho,URD
AR Tabba Sports Complex Me APMF Job Fair Ka Agaz Ho Gaya Hai,Gaya,URD
AR Tabba Sports Complex Me APMF Job Fair Ka Agaz Ho Gaya Hai,Hai,URD
"Kamiyabi ka mayyar Paisa? 😁😂 who set this measuring scale ??
And kamiyab toh phir Zardari aur Nawaz shareef bhi hoye but izzat nahi hai 😁😂😜",Kamiyabi,URD
"Kamiyabi ka mayyar Paisa? 😁😂 who set this measuring scale ??
And kamiyab toh phir Zardari aur Nawaz shareef bhi hoye but izzat nahi hai 😁😂😜",ka,URD
"Kamiyabi ka mayyar Paisa? 😁😂 who set this measuring scale ??
And kamiyab toh phir Zardari aur Nawaz shareef bhi hoye but izzat nahi hai 😁😂😜",mayyar,URD
"Kamiyabi ka mayyar Paisa? 😁😂 who set this measuring scale ??
And kamiyab toh phir Zardari aur Nawaz shareef bhi hoye but izzat nahi hai 😁😂😜",Paisa?,URD
"Kamiyabi ka mayyar Paisa? 😁😂 who set this measuring scale ??
And kamiyab toh phir Zardari aur Nawaz shareef bhi hoye but izzat nahi hai 😁😂😜",😁😂,URD
"Kamiyabi ka mayyar Paisa? 😁😂 who set this measuring scale ??
And kamiyab toh phir Zardari aur Nawaz shareef bhi hoye but izzat nahi hai 😁😂😜",who,URD
"Kamiyabi ka mayyar Paisa? 😁😂 who set this measuring scale ??
And kamiyab toh phir Zardari aur Nawaz shareef bhi hoye but izzat nahi hai 😁😂😜",set,MIX
"Kamiyabi ka mayyar Paisa? 😁😂 who set this measuring scale ??
And kamiyab toh phir Zardari aur Nawaz shareef bhi hoye but izzat nahi hai 😁😂😜",this,URD
"Kamiyabi ka mayyar Paisa? 😁😂 who set this measuring scale ??
And kamiyab toh phir Zardari aur Nawaz shareef bhi hoye but izzat nahi hai 😁😂😜",measuring,URD
"Kamiyabi ka mayyar Paisa? 😁😂 who set this measuring scale ??
And kamiyab toh phir Zardari aur Nawaz shareef bhi hoye but izzat nahi hai 😁😂😜",scale,URD
"Kamiyabi ka mayyar Paisa? 😁😂 who set this measuring scale ??
And kamiyab toh phir Zardari aur Nawaz shareef bhi hoye but izzat nahi hai 😁😂😜",??,URD
"Kamiyabi ka mayyar Paisa? 😁😂 who set this measuring scale ??
And kamiyab toh phir Zardari aur Nawaz shareef bhi hoye but izzat nahi hai 😁😂😜",And,ENG
"Kamiyabi ka mayyar Paisa? 😁😂 who set this measuring scale ??
And kamiyab toh phir Zardari aur Nawaz shareef bhi hoye but izzat nahi hai 😁😂😜",kamiyab,URD
"Kamiyabi ka mayyar Paisa? 😁😂 who set this measuring scale ??
And kamiyab toh phir Zardari aur Nawaz shareef bhi hoye but izzat nahi hai 😁😂😜",toh,URD
"Kamiyabi ka mayyar Paisa? 😁😂 who set this measuring scale ??
And kamiyab toh phir Zardari aur Nawaz shareef bhi hoye but izzat nahi hai 😁😂😜",phir,URD
"Kamiyabi ka mayyar Paisa? 😁😂 who set this measuring scale ??
And kamiyab toh phir Zardari aur Nawaz shareef bhi hoye but izzat nahi hai 😁😂😜",Zardari,URD
"Kamiyabi ka mayyar Paisa? 😁😂 who set this measuring scale ??
And kamiyab toh phir Zardari aur Nawaz shareef bhi hoye but izzat nahi hai 😁😂😜",aur,URD
"Kamiyabi ka mayyar Paisa? 😁😂 who set this measuring scale ??
And kamiyab toh phir Zardari aur Nawaz shareef bhi hoye but izzat nahi hai 😁😂😜",Nawaz,URD
"Kamiyabi ka mayyar Paisa? 😁😂 who set this measuring scale ??
And kamiyab toh phir Zardari aur Nawaz shareef bhi hoye but izzat nahi hai 😁😂😜",shareef,URD
"Kamiyabi ka mayyar Paisa? 😁😂 who set this measuring scale ??
And kamiyab toh phir Zardari aur Nawaz shareef bhi hoye but izzat nahi hai 😁😂😜",bhi,URD
"Kamiyabi ka mayyar Paisa? 😁😂 who set this measuring scale ??
And kamiyab toh phir Zardari aur Nawaz shareef bhi hoye but izzat nahi hai 😁😂😜",hoye,URD
"Kamiyabi ka mayyar Paisa? 😁😂 who set this measuring scale ??
And kamiyab toh phir Zardari aur Nawaz shareef bhi hoye but izzat nahi hai 😁😂😜",but,ENG
"Kamiyabi ka mayyar Paisa? 😁😂 who set this measuring scale ??
And kamiyab toh phir Zardari aur Nawaz shareef bhi hoye but izzat nahi hai 😁😂😜",izzat,URD
"Kamiyabi ka mayyar Paisa? 😁😂 who set this measuring scale ??
And kamiyab toh phir Zardari aur Nawaz shareef bhi hoye but izzat nahi hai 😁😂😜",nahi,URD
"Kamiyabi ka mayyar Paisa? 😁😂 who set this measuring scale ??
And kamiyab toh phir Zardari aur Nawaz shareef bhi hoye but izzat nahi hai 😁😂😜",hai,URD
"Kamiyabi ka mayyar Paisa? 😁😂 who set this measuring scale ??
And kamiyab toh phir Zardari aur Nawaz shareef bhi hoye but izzat nahi hai 😁😂😜",😁😂😜,URD
Doctor Hospital ki Malumat k Lye Mobile Landline Se Call Karen,Doctor,MIX
Doctor Hospital ki Malumat k Lye Mobile Landline Se Call Karen,Hospital,MIX
Doctor Hospital ki Malumat k Lye Mobile Landline Se Call Karen,ki,URD
Doctor Hospital ki Malumat k Lye Mobile Landline Se Call Karen,Malumat,URD
Doctor Hospital ki Malumat k Lye Mobile Landline Se Call Karen,k,URD
Doctor Hospital ki Malumat k Lye Mobile Landline Se Call Karen,Lye,URD
Doctor Hospital ki Malumat k Lye Mobile Landline Se Call Karen,Mobile,MIX
Doctor Hospital ki Malumat k Lye Mobile Landline Se Call Karen,Landline,URD
Doctor Hospital ki Malumat k Lye Mobile Landline Se Call Karen,Se,URD
Doctor Hospital ki Malumat k Lye Mobile Landline Se Call Karen,Call,MIX
Doctor Hospital ki Malumat k Lye Mobile Landline Se Call Karen,Karen,URD
. Is saja say phadda hua tha dekh lo and bakion ko dikha bhe do kay kaisay kaam kharab kya ja raha hay dusri taraf say.,.,URD
. Is saja say phadda hua tha dekh lo and bakion ko dikha bhe do kay kaisay kaam kharab kya ja raha hay dusri taraf say.,Is,ENG
. Is saja say phadda hua tha dekh lo and bakion ko dikha bhe do kay kaisay kaam kharab kya ja raha hay dusri taraf say.,saja,URD
. Is saja say phadda hua tha dekh lo and bakion ko dikha bhe do kay kaisay kaam kharab kya ja raha hay dusri taraf say.,say,URD
. Is saja say phadda hua tha dekh lo and bakion ko dikha bhe do kay kaisay kaam kharab kya ja raha hay dusri taraf say.,phadda,URD
. Is saja say phadda hua tha dekh lo and bakion ko dikha bhe do kay kaisay kaam kharab kya ja raha hay dusri taraf say.,hua,URD
. Is saja say phadda hua tha dekh lo and bakion ko dikha bhe do kay kaisay kaam kharab kya ja raha hay dusri taraf say.,tha,URD
. Is saja say phadda hua tha dekh lo and bakion ko dikha bhe do kay kaisay kaam kharab kya ja raha hay dusri taraf say.,dekh,URD
. Is saja say phadda hua tha dekh lo and bakion ko dikha bhe do kay kaisay kaam kharab kya ja raha hay dusri taraf say.,lo,URD
. Is saja say phadda hua tha dekh lo and bakion ko dikha bhe do kay kaisay kaam kharab kya ja raha hay dusri taraf say.,and,ENG
. Is saja say phadda hua tha dekh lo and bakion ko dikha bhe do kay kaisay kaam kharab kya ja raha hay dusri taraf say.,bakion,URD
. Is saja say phadda hua tha dekh lo and bakion ko dikha bhe do kay kaisay kaam kharab kya ja raha hay dusri taraf say.,ko,URD
. Is saja say phadda hua tha dekh lo and bakion ko dikha bhe do kay kaisay kaam kharab kya ja raha hay dusri taraf say.,dikha,URD
. Is saja say phadda hua tha dekh lo and bakion ko dikha bhe do kay kaisay kaam kharab kya ja raha hay dusri taraf say.,bhe,URD
. Is saja say phadda hua tha dekh lo and bakion ko dikha bhe do kay kaisay kaam kharab kya ja raha hay dusri taraf say.,do,URD
. Is saja say phadda hua tha dekh lo and bakion ko dikha bhe do kay kaisay kaam kharab kya ja raha hay dusri taraf say.,kay,URD
. Is saja say phadda hua tha dekh lo and bakion ko dikha bhe do kay kaisay kaam kharab kya ja raha hay dusri taraf say.,kaisay,URD
. Is saja say phadda hua tha dekh lo and bakion ko dikha bhe do kay kaisay kaam kharab kya ja raha hay dusri taraf say.,kaam,URD
. Is saja say phadda hua tha dekh lo and bakion ko dikha bhe do kay kaisay kaam kharab kya ja raha hay dusri taraf say.,kharab,URD
. Is saja say phadda hua tha dekh lo and bakion ko dikha bhe do kay kaisay kaam kharab kya ja raha hay dusri taraf say.,kya,URD
. Is saja say phadda hua tha dekh lo and bakion ko dikha bhe do kay kaisay kaam kharab kya ja raha hay dusri taraf say.,ja,URD
. Is saja say phadda hua tha dekh lo and bakion ko dikha bhe do kay kaisay kaam kharab kya ja raha hay dusri taraf say.,raha,URD
. Is saja say phadda hua tha dekh lo and bakion ko dikha bhe do kay kaisay kaam kharab kya ja raha hay dusri taraf say.,hay,URD
. Is saja say phadda hua tha dekh lo and bakion ko dikha bhe do kay kaisay kaam kharab kya ja raha hay dusri taraf say.,dusri,URD
. Is saja say phadda hua tha dekh lo and bakion ko dikha bhe do kay kaisay kaam kharab kya ja raha hay dusri taraf say.,taraf,URD
. Is saja say phadda hua tha dekh lo and bakion ko dikha bhe do kay kaisay kaam kharab kya ja raha hay dusri taraf say.,say.,URD
Kafi time sy nhi mil rahy,Kafi,URD
Kafi time sy nhi mil rahy,time,MIX
Kafi time sy nhi mil rahy,sy,URD
Kafi time sy nhi mil rahy,nhi,URD
Kafi time sy nhi mil rahy,mil,URD
Kafi time sy nhi mil rahy,rahy,URD
"Agar kal Imran Khan prime minister ban jate hain, lekin in ke paas ikhteyaraat na hon to is ka kya faida ?",Agar,URD
"Agar kal Imran Khan prime minister ban jate hain, lekin in ke paas ikhteyaraat na hon to is ka kya faida ?",kal,URD
"Agar kal Imran Khan prime minister ban jate hain, lekin in ke paas ikhteyaraat na hon to is ka kya faida ?",Imran,URD
"Agar kal Imran Khan prime minister ban jate hain, lekin in ke paas ikhteyaraat na hon to is ka kya faida ?",Khan,URD
"Agar kal Imran Khan prime minister ban jate hain, lekin in ke paas ikhteyaraat na hon to is ka kya faida ?",prime,URD
"Agar kal Imran Khan prime minister ban jate hain, lekin in ke paas ikhteyaraat na hon to is ka kya faida ?",minister,URD
"Agar kal Imran Khan prime minister ban jate hain, lekin in ke paas ikhteyaraat na hon to is ka kya faida ?",ban,URD
"Agar kal Imran Khan prime minister ban jate hain, lekin in ke paas ikhteyaraat na hon to is ka kya faida ?",jate,URD
"Agar kal Imran Khan prime minister ban jate hain, lekin in ke paas ikhteyaraat na hon to is ka kya faida ?","hain,",URD
"Agar kal Imran Khan prime minister ban jate hain, lekin in ke paas ikhteyaraat na hon to is ka kya faida ?",lekin,URD
"Agar kal Imran Khan prime minister ban jate hain, lekin in ke paas ikhteyaraat na hon to is ka kya faida ?",in,URD
"Agar kal Imran Khan prime minister ban jate hain, lekin in ke paas ikhteyaraat na hon to is ka kya faida ?",ke,URD
"Agar kal Imran Khan prime minister ban jate hain, lekin in ke paas ikhteyaraat na hon to is ka kya faida ?",paas,URD
"Agar kal Imran Khan prime minister ban jate hain, lekin in ke paas ikhteyaraat na hon to is ka kya faida ?",ikhteyaraat,URD
"Agar kal Imran Khan prime minister ban jate hain, lekin in ke paas ikhteyaraat na hon to is ka kya faida ?",na,URD
"Agar kal Imran Khan prime minister ban jate hain, lekin in ke paas ikhteyaraat na hon to is ka kya faida ?",hon,URD
"Agar kal Imran Khan prime minister ban jate hain, lekin in ke paas ikhteyaraat na hon to is ka kya faida ?",to,URD
"Agar kal Imran Khan prime minister ban jate hain, lekin in ke paas ikhteyaraat na hon to is ka kya faida ?",is,ENG
"Agar kal Imran Khan prime minister ban jate hain, lekin in ke paas ikhteyaraat na hon to is ka kya faida ?",ka,URD
"Agar kal Imran Khan prime minister ban jate hain, lekin in ke paas ikhteyaraat na hon to is ka kya faida ?",kya,URD
"Agar kal Imran Khan prime minister ban jate hain, lekin in ke paas ikhteyaraat na hon to is ka kya faida ?",faida,URD
"Agar kal Imran Khan prime minister ban jate hain, lekin in ke paas ikhteyaraat na hon to is ka kya faida ?",?,URD
Intikhab Alam ko team mein shamil na kiya gaya,Intikhab,URD
Intikhab Alam ko team mein shamil na kiya gaya,Alam,URD
Intikhab Alam ko team mein shamil na kiya gaya,ko,URD
Intikhab Alam ko team mein shamil na kiya gaya,team,ENG
Intikhab Alam ko team mein shamil na kiya gaya,mein,URD
Intikhab Alam ko team mein shamil na kiya gaya,shamil,URD
Intikhab Alam ko team mein shamil na kiya gaya,na,URD
Intikhab Alam ko team mein shamil na kiya gaya,kiya,URD
Intikhab Alam ko team mein shamil na kiya gaya,gaya,URD
But mujhy bhi tak recieved nhi howa kb tak recieved ho ga,But,ENG
But mujhy bhi tak recieved nhi howa kb tak recieved ho ga,mujhy,URD
But mujhy bhi tak recieved nhi howa kb tak recieved ho ga,bhi,URD
But mujhy bhi tak recieved nhi howa kb tak recieved ho ga,tak,URD
But mujhy bhi tak recieved nhi howa kb tak recieved ho ga,recieved,URD
But mujhy bhi tak recieved nhi howa kb tak recieved ho ga,nhi,URD
But mujhy bhi tak recieved nhi howa kb tak recieved ho ga,howa,URD
But mujhy bhi tak recieved nhi howa kb tak recieved ho ga,kb,URD
But mujhy bhi tak recieved nhi howa kb tak recieved ho ga,tak,URD
But mujhy bhi tak recieved nhi howa kb tak recieved ho ga,recieved,URD
But mujhy bhi tak recieved nhi howa kb tak recieved ho ga,ho,URD
But mujhy bhi tak recieved nhi howa kb tak recieved ho ga,ga,URD
Kahien darr toe nahe rahay taqatown sae..... And if this is the reason MAULA ko kya jawab doe gai,Kahien,URD
Kahien darr toe nahe rahay taqatown sae..... And if this is the reason MAULA ko kya jawab doe gai,darr,URD
Kahien darr toe nahe rahay taqatown sae..... And if this is the reason MAULA ko kya jawab doe gai,toe,URD
Kahien darr toe nahe rahay taqatown sae..... And if this is the reason MAULA ko kya jawab doe gai,nahe,URD
Kahien darr toe nahe rahay taqatown sae..... And if this is the reason MAULA ko kya jawab doe gai,rahay,URD
Kahien darr toe nahe rahay taqatown sae..... And if this is the reason MAULA ko kya jawab doe gai,taqatown,URD
Kahien darr toe nahe rahay taqatown sae..... And if this is the reason MAULA ko kya jawab doe gai,sae.....,URD
Kahien darr toe nahe rahay taqatown sae..... And if this is the reason MAULA ko kya jawab doe gai,And,ENG
Kahien darr toe nahe rahay taqatown sae..... And if this is the reason MAULA ko kya jawab doe gai,if,URD
Kahien darr toe nahe rahay taqatown sae..... And if this is the reason MAULA ko kya jawab doe gai,this,URD
Kahien darr toe nahe rahay taqatown sae..... And if this is the reason MAULA ko kya jawab doe gai,is,ENG
Kahien darr toe nahe rahay taqatown sae..... And if this is the reason MAULA ko kya jawab doe gai,the,ENG
Kahien darr toe nahe rahay taqatown sae..... And if this is the reason MAULA ko kya jawab doe gai,reason,URD
Kahien darr toe nahe rahay taqatown sae..... And if this is the reason MAULA ko kya jawab doe gai,MAULA,URD
Kahien darr toe nahe rahay taqatown sae..... And if this is the reason MAULA ko kya jawab doe gai,ko,URD
Kahien darr toe nahe rahay taqatown sae..... And if this is the reason MAULA ko kya jawab doe gai,kya,URD
Kahien darr toe nahe rahay taqatown sae..... And if this is the reason MAULA ko kya jawab doe gai,jawab,URD
Kahien darr toe nahe rahay taqatown sae..... And if this is the reason MAULA ko kya jawab doe gai,doe,URD
Kahien darr toe nahe rahay taqatown sae..... And if this is the reason MAULA ko kya jawab doe gai,gai,URD
Jis ke bad actress Shoreline Fan  Jennifer Gray  Vienna Rider aur Kate Moss ke sath bhi in ke muaashqe chale,Jis,URD
Jis ke bad actress Shoreline Fan  Jennifer Gray  Vienna Rider aur Kate Moss ke sath bhi in ke muaashqe chale,ke,URD
Jis ke bad actress Shoreline Fan  Jennifer Gray  Vienna Rider aur Kate Moss ke sath bhi in ke muaashqe chale,bad,ENG
Jis ke bad actress Shoreline Fan  Jennifer Gray  Vienna Rider aur Kate Moss ke sath bhi in ke muaashqe chale,actress,ENG
Jis ke bad actress Shoreline Fan  Jennifer Gray  Vienna Rider aur Kate Moss ke sath bhi in ke muaashqe chale,Shoreline,URD
Jis ke bad actress Shoreline Fan  Jennifer Gray  Vienna Rider aur Kate Moss ke sath bhi in ke muaashqe chale,Fan,MIX
Jis ke bad actress Shoreline Fan  Jennifer Gray  Vienna Rider aur Kate Moss ke sath bhi in ke muaashqe chale,Jennifer,URD
Jis ke bad actress Shoreline Fan  Jennifer Gray  Vienna Rider aur Kate Moss ke sath bhi in ke muaashqe chale,Gray,URD
Jis ke bad actress Shoreline Fan  Jennifer Gray  Vienna Rider aur Kate Moss ke sath bhi in ke muaashqe chale,Vienna,URD
Jis ke bad actress Shoreline Fan  Jennifer Gray  Vienna Rider aur Kate Moss ke sath bhi in ke muaashqe chale,Rider,URD
Jis ke bad actress Shoreline Fan  Jennifer Gray  Vienna Rider aur Kate Moss ke sath bhi in ke muaashqe chale,aur,URD
Jis ke bad actress Shoreline Fan  Jennifer Gray  Vienna Rider aur Kate Moss ke sath bhi in ke muaashqe chale,Kate,URD
Jis ke bad actress Shoreline Fan  Jennifer Gray  Vienna Rider aur Kate Moss ke sath bhi in ke muaashqe chale,Moss,URD
Jis ke bad actress Shoreline Fan  Jennifer Gray  Vienna Rider aur Kate Moss ke sath bhi in ke muaashqe chale,ke,URD
Jis ke bad actress Shoreline Fan  Jennifer Gray  Vienna Rider aur Kate Moss ke sath bhi in ke muaashqe chale,sath,URD
Jis ke bad actress Shoreline Fan  Jennifer Gray  Vienna Rider aur Kate Moss ke sath bhi in ke muaashqe chale,bhi,URD
Jis ke bad actress Shoreline Fan  Jennifer Gray  Vienna Rider aur Kate Moss ke sath bhi in ke muaashqe chale,in,URD
Jis ke bad actress Shoreline Fan  Jennifer Gray  Vienna Rider aur Kate Moss ke sath bhi in ke muaashqe chale,ke,URD
Jis ke bad actress Shoreline Fan  Jennifer Gray  Vienna Rider aur Kate Moss ke sath bhi in ke muaashqe chale,muaashqe,URD
Jis ke bad actress Shoreline Fan  Jennifer Gray  Vienna Rider aur Kate Moss ke sath bhi in ke muaashqe chale,chale,URD
Is ke elawa bator model wo kai mashrobat aur degar masnoat ki tashhiri muhim ka bhi hissa rahe,Is,ENG
Is ke elawa bator model wo kai mashrobat aur degar masnoat ki tashhiri muhim ka bhi hissa rahe,ke,URD
Is ke elawa bator model wo kai mashrobat aur degar masnoat ki tashhiri muhim ka bhi hissa rahe,elawa,URD
Is ke elawa bator model wo kai mashrobat aur degar masnoat ki tashhiri muhim ka bhi hissa rahe,bator,URD
Is ke elawa bator model wo kai mashrobat aur degar masnoat ki tashhiri muhim ka bhi hissa rahe,model,URD
Is ke elawa bator model wo kai mashrobat aur degar masnoat ki tashhiri muhim ka bhi hissa rahe,wo,URD
Is ke elawa bator model wo kai mashrobat aur degar masnoat ki tashhiri muhim ka bhi hissa rahe,kai,URD
Is ke elawa bator model wo kai mashrobat aur degar masnoat ki tashhiri muhim ka bhi hissa rahe,mashrobat,URD
Is ke elawa bator model wo kai mashrobat aur degar masnoat ki tashhiri muhim ka bhi hissa rahe,aur,URD
Is ke elawa bator model wo kai mashrobat aur degar masnoat ki tashhiri muhim ka bhi hissa rahe,degar,URD
Is ke elawa bator model wo kai mashrobat aur degar masnoat ki tashhiri muhim ka bhi hissa rahe,masnoat,URD
Is ke elawa bator model wo kai mashrobat aur degar masnoat ki tashhiri muhim ka bhi hissa rahe,ki,URD
Is ke elawa bator model wo kai mashrobat aur degar masnoat ki tashhiri muhim ka bhi hissa rahe,tashhiri,URD
Is ke elawa bator model wo kai mashrobat aur degar masnoat ki tashhiri muhim ka bhi hissa rahe,muhim,URD
Is ke elawa bator model wo kai mashrobat aur degar masnoat ki tashhiri muhim ka bhi hissa rahe,ka,URD
Is ke elawa bator model wo kai mashrobat aur degar masnoat ki tashhiri muhim ka bhi hissa rahe,bhi,URD
Is ke elawa bator model wo kai mashrobat aur degar masnoat ki tashhiri muhim ka bhi hissa rahe,hissa,URD
Is ke elawa bator model wo kai mashrobat aur degar masnoat ki tashhiri muhim ka bhi hissa rahe,rahe,URD
Is liye yeh saal meri kamiyabiyon aur career mien nae direction ka saal hai,Is,ENG
Is liye yeh saal meri kamiyabiyon aur career mien nae direction ka saal hai,liye,URD
Is liye yeh saal meri kamiyabiyon aur career mien nae direction ka saal hai,yeh,URD
Is liye yeh saal meri kamiyabiyon aur career mien nae direction ka saal hai,saal,URD
Is liye yeh saal meri kamiyabiyon aur career mien nae direction ka saal hai,meri,URD
Is liye yeh saal meri kamiyabiyon aur career mien nae direction ka saal hai,kamiyabiyon,URD
Is liye yeh saal meri kamiyabiyon aur career mien nae direction ka saal hai,aur,URD
Is liye yeh saal meri kamiyabiyon aur career mien nae direction ka saal hai,career,URD
Is liye yeh saal meri kamiyabiyon aur career mien nae direction ka saal hai,mien,URD
Is liye yeh saal meri kamiyabiyon aur career mien nae direction ka saal hai,nae,URD
Is liye yeh saal meri kamiyabiyon aur career mien nae direction ka saal hai,direction,URD
Is liye yeh saal meri kamiyabiyon aur career mien nae direction ka saal hai,ka,URD
Is liye yeh saal meri kamiyabiyon aur career mien nae direction ka saal hai,saal,URD
Is liye yeh saal meri kamiyabiyon aur career mien nae direction ka saal hai,hai,URD
Us waqat tiger hil par Pakistan ki northern light infantry ke 130 jawan ka qabza tha jin ke aik rukun Havaldar Lalak Jan Shaheed the,Us,URD
Us waqat tiger hil par Pakistan ki northern light infantry ke 130 jawan ka qabza tha jin ke aik rukun Havaldar Lalak Jan Shaheed the,waqat,URD
Us waqat tiger hil par Pakistan ki northern light infantry ke 130 jawan ka qabza tha jin ke aik rukun Havaldar Lalak Jan Shaheed the,tiger,URD
Us waqat tiger hil par Pakistan ki northern light infantry ke 130 jawan ka qabza tha jin ke aik rukun Havaldar Lalak Jan Shaheed the,hil,URD
Us waqat tiger hil par Pakistan ki northern light infantry ke 130 jawan ka qabza tha jin ke aik rukun Havaldar Lalak Jan Shaheed the,par,URD
Us waqat tiger hil par Pakistan ki northern light infantry ke 130 jawan ka qabza tha jin ke aik rukun Havaldar Lalak Jan Shaheed the,Pakistan,URD
Us waqat tiger hil par Pakistan ki northern light infantry ke 130 jawan ka qabza tha jin ke aik rukun Havaldar Lalak Jan Shaheed the,ki,URD
Us waqat tiger hil par Pakistan ki northern light infantry ke 130 jawan ka qabza tha jin ke aik rukun Havaldar Lalak Jan Shaheed the,northern,URD
Us waqat tiger hil par Pakistan ki northern light infantry ke 130 jawan ka qabza tha jin ke aik rukun Havaldar Lalak Jan Shaheed the,light,MIX
Us waqat tiger hil par Pakistan ki northern light infantry ke 130 jawan ka qabza tha jin ke aik rukun Havaldar Lalak Jan Shaheed the,infantry,URD
Us waqat tiger hil par Pakistan ki northern light infantry ke 130 jawan ka qabza tha jin ke aik rukun Havaldar Lalak Jan Shaheed the,ke,URD
Us waqat tiger hil par Pakistan ki northern light infantry ke 130 jawan ka qabza tha jin ke aik rukun Havaldar Lalak Jan Shaheed the,130,URD
Us waqat tiger hil par Pakistan ki northern light infantry ke 130 jawan ka qabza tha jin ke aik rukun Havaldar Lalak Jan Shaheed the,jawan,URD
Us waqat tiger hil par Pakistan ki northern light infantry ke 130 jawan ka qabza tha jin ke aik rukun Havaldar Lalak Jan Shaheed the,ka,URD
Us waqat tiger hil par Pakistan ki northern light infantry ke 130 jawan ka qabza tha jin ke aik rukun Havaldar Lalak Jan Shaheed the,qabza,URD
Us waqat tiger hil par Pakistan ki northern light infantry ke 130 jawan ka qabza tha jin ke aik rukun Havaldar Lalak Jan Shaheed the,tha,URD
Us waqat tiger hil par Pakistan ki northern light infantry ke 130 jawan ka qabza tha jin ke aik rukun Havaldar Lalak Jan Shaheed the,jin,URD
Us waqat tiger hil par Pakistan ki northern light infantry ke 130 jawan ka qabza tha jin ke aik rukun Havaldar Lalak Jan Shaheed the,ke,URD
Us waqat tiger hil par Pakistan ki northern light infantry ke 130 jawan ka qabza tha jin ke aik rukun Havaldar Lalak Jan Shaheed the,aik,URD
Us waqat tiger hil par Pakistan ki northern light infantry ke 130 jawan ka qabza tha jin ke aik rukun Havaldar Lalak Jan Shaheed the,rukun,URD
Us waqat tiger hil par Pakistan ki northern light infantry ke 130 jawan ka qabza tha jin ke aik rukun Havaldar Lalak Jan Shaheed the,Havaldar,URD
Us waqat tiger hil par Pakistan ki northern light infantry ke 130 jawan ka qabza tha jin ke aik rukun Havaldar Lalak Jan Shaheed the,Lalak,URD
Us waqat tiger hil par Pakistan ki northern light infantry ke 130 jawan ka qabza tha jin ke aik rukun Havaldar Lalak Jan Shaheed the,Jan,URD
Us waqat tiger hil par Pakistan ki northern light infantry ke 130 jawan ka qabza tha jin ke aik rukun Havaldar Lalak Jan Shaheed the,Shaheed,URD
Us waqat tiger hil par Pakistan ki northern light infantry ke 130 jawan ka qabza tha jin ke aik rukun Havaldar Lalak Jan Shaheed the,the,ENG
Maine J7 Max Order kiya Original Dabba Pack Samsung Ki Packing main receive hua thanks to Daraz,Maine,URD
Maine J7 Max Order kiya Original Dabba Pack Samsung Ki Packing main receive hua thanks to Daraz,J7,URD
Maine J7 Max Order kiya Original Dabba Pack Samsung Ki Packing main receive hua thanks to Daraz,Max,URD
Maine J7 Max Order kiya Original Dabba Pack Samsung Ki Packing main receive hua thanks to Daraz,Order,MIX
Maine J7 Max Order kiya Original Dabba Pack Samsung Ki Packing main receive hua thanks to Daraz,kiya,URD
Maine J7 Max Order kiya Original Dabba Pack Samsung Ki Packing main receive hua thanks to Daraz,Original,URD
Maine J7 Max Order kiya Original Dabba Pack Samsung Ki Packing main receive hua thanks to Daraz,Dabba,URD
Maine J7 Max Order kiya Original Dabba Pack Samsung Ki Packing main receive hua thanks to Daraz,Pack,URD
Maine J7 Max Order kiya Original Dabba Pack Samsung Ki Packing main receive hua thanks to Daraz,Samsung,URD
Maine J7 Max Order kiya Original Dabba Pack Samsung Ki Packing main receive hua thanks to Daraz,Ki,URD
Maine J7 Max Order kiya Original Dabba Pack Samsung Ki Packing main receive hua thanks to Daraz,Packing,URD
Maine J7 Max Order kiya Original Dabba Pack Samsung Ki Packing main receive hua thanks to Daraz,main,URD
Maine J7 Max Order kiya Original Dabba Pack Samsung Ki Packing main receive hua thanks to Daraz,receive,URD
Maine J7 Max Order kiya Original Dabba Pack Samsung Ki Packing main receive hua thanks to Daraz,hua,URD
Maine J7 Max Order kiya Original Dabba Pack Samsung Ki Packing main receive hua thanks to Daraz,thanks,ENG
Maine J7 Max Order kiya Original Dabba Pack Samsung Ki Packing main receive hua thanks to Daraz,to,URD
Maine J7 Max Order kiya Original Dabba Pack Samsung Ki Packing main receive hua thanks to Daraz,Daraz,URD
Munir Hussain ne apne 4 ashron par mushtamil taweel filmy career mein 163 films ke liye 217 geet gaey the,Munir,URD
Munir Hussain ne apne 4 ashron par mushtamil taweel filmy career mein 163 films ke liye 217 geet gaey the,Hussain,URD
Munir Hussain ne apne 4 ashron par mushtamil taweel filmy career mein 163 films ke liye 217 geet gaey the,ne,URD
Munir Hussain ne apne 4 ashron par mushtamil taweel filmy career mein 163 films ke liye 217 geet gaey the,apne,URD
Munir Hussain ne apne 4 ashron par mushtamil taweel filmy career mein 163 films ke liye 217 geet gaey the,4,URD
Munir Hussain ne apne 4 ashron par mushtamil taweel filmy career mein 163 films ke liye 217 geet gaey the,ashron,URD
Munir Hussain ne apne 4 ashron par mushtamil taweel filmy career mein 163 films ke liye 217 geet gaey the,par,URD
Munir Hussain ne apne 4 ashron par mushtamil taweel filmy career mein 163 films ke liye 217 geet gaey the,mushtamil,URD
Munir Hussain ne apne 4 ashron par mushtamil taweel filmy career mein 163 films ke liye 217 geet gaey the,taweel,URD
Munir Hussain ne apne 4 ashron par mushtamil taweel filmy career mein 163 films ke liye 217 geet gaey the,filmy,URD
Munir Hussain ne apne 4 ashron par mushtamil taweel filmy career mein 163 films ke liye 217 geet gaey the,career,URD
Munir Hussain ne apne 4 ashron par mushtamil taweel filmy career mein 163 films ke liye 217 geet gaey the,mein,URD
Munir Hussain ne apne 4 ashron par mushtamil taweel filmy career mein 163 films ke liye 217 geet gaey the,163,URD
Munir Hussain ne apne 4 ashron par mushtamil taweel filmy career mein 163 films ke liye 217 geet gaey the,films,URD
Munir Hussain ne apne 4 ashron par mushtamil taweel filmy career mein 163 films ke liye 217 geet gaey the,ke,URD
Munir Hussain ne apne 4 ashron par mushtamil taweel filmy career mein 163 films ke liye 217 geet gaey the,liye,URD
Munir Hussain ne apne 4 ashron par mushtamil taweel filmy career mein 163 films ke liye 217 geet gaey the,217,URD
Munir Hussain ne apne 4 ashron par mushtamil taweel filmy career mein 163 films ke liye 217 geet gaey the,geet,URD
Munir Hussain ne apne 4 ashron par mushtamil taweel filmy career mein 163 films ke liye 217 geet gaey the,gaey,URD
Munir Hussain ne apne 4 ashron par mushtamil taweel filmy career mein 163 films ke liye 217 geet gaey the,the,ENG
"Adakari  mein  Angelina Jolie ke career ka baqaidah aghaz 1993 mein kaam bagudet ki science faction video film ""Cyborg 2"" se howa",Adakari,URD
"Adakari  mein  Angelina Jolie ke career ka baqaidah aghaz 1993 mein kaam bagudet ki science faction video film ""Cyborg 2"" se howa",mein,URD
"Adakari  mein  Angelina Jolie ke career ka baqaidah aghaz 1993 mein kaam bagudet ki science faction video film ""Cyborg 2"" se howa",Angelina,URD
"Adakari  mein  Angelina Jolie ke career ka baqaidah aghaz 1993 mein kaam bagudet ki science faction video film ""Cyborg 2"" se howa",Jolie,URD
"Adakari  mein  Angelina Jolie ke career ka baqaidah aghaz 1993 mein kaam bagudet ki science faction video film ""Cyborg 2"" se howa",ke,URD
"Adakari  mein  Angelina Jolie ke career ka baqaidah aghaz 1993 mein kaam bagudet ki science faction video film ""Cyborg 2"" se howa",career,URD
"Adakari  mein  Angelina Jolie ke career ka baqaidah aghaz 1993 mein kaam bagudet ki science faction video film ""Cyborg 2"" se howa",ka,URD
"Adakari  mein  Angelina Jolie ke career ka baqaidah aghaz 1993 mein kaam bagudet ki science faction video film ""Cyborg 2"" se howa",baqaidah,URD
"Adakari  mein  Angelina Jolie ke career ka baqaidah aghaz 1993 mein kaam bagudet ki science faction video film ""Cyborg 2"" se howa",aghaz,URD
"Adakari  mein  Angelina Jolie ke career ka baqaidah aghaz 1993 mein kaam bagudet ki science faction video film ""Cyborg 2"" se howa",1993,URD
"Adakari  mein  Angelina Jolie ke career ka baqaidah aghaz 1993 mein kaam bagudet ki science faction video film ""Cyborg 2"" se howa",mein,URD
"Adakari  mein  Angelina Jolie ke career ka baqaidah aghaz 1993 mein kaam bagudet ki science faction video film ""Cyborg 2"" se howa",kaam,URD
"Adakari  mein  Angelina Jolie ke career ka baqaidah aghaz 1993 mein kaam bagudet ki science faction video film ""Cyborg 2"" se howa",bagudet,URD
"Adakari  mein  Angelina Jolie ke career ka baqaidah aghaz 1993 mein kaam bagudet ki science faction video film ""Cyborg 2"" se howa",ki,URD
"Adakari  mein  Angelina Jolie ke career ka baqaidah aghaz 1993 mein kaam bagudet ki science faction video film ""Cyborg 2"" se howa",science,URD
"Adakari  mein  Angelina Jolie ke career ka baqaidah aghaz 1993 mein kaam bagudet ki science faction video film ""Cyborg 2"" se howa",faction,URD
"Adakari  mein  Angelina Jolie ke career ka baqaidah aghaz 1993 mein kaam bagudet ki science faction video film ""Cyborg 2"" se howa",video,MIX
"Adakari  mein  Angelina Jolie ke career ka baqaidah aghaz 1993 mein kaam bagudet ki science faction video film ""Cyborg 2"" se howa",film,URD
"Adakari  mein  Angelina Jolie ke career ka baqaidah aghaz 1993 mein kaam bagudet ki science faction video film ""Cyborg 2"" se howa","""Cyborg",URD
"Adakari  mein  Angelina Jolie ke career ka baqaidah aghaz 1993 mein kaam bagudet ki science faction video film ""Cyborg 2"" se howa","2""",URD
"Adakari  mein  Angelina Jolie ke career ka baqaidah aghaz 1993 mein kaam bagudet ki science faction video film ""Cyborg 2"" se howa",se,URD
"Adakari  mein  Angelina Jolie ke career ka baqaidah aghaz 1993 mein kaam bagudet ki science faction video film ""Cyborg 2"" se howa",howa,URD
bahoot acha mobile a iss dezine bee bahoot acha a .par muje iss ke saat zong ka free data nahi mela.,bahoot,URD
bahoot acha mobile a iss dezine bee bahoot acha a .par muje iss ke saat zong ka free data nahi mela.,acha,URD
bahoot acha mobile a iss dezine bee bahoot acha a .par muje iss ke saat zong ka free data nahi mela.,mobile,MIX
bahoot acha mobile a iss dezine bee bahoot acha a .par muje iss ke saat zong ka free data nahi mela.,a,URD
bahoot acha mobile a iss dezine bee bahoot acha a .par muje iss ke saat zong ka free data nahi mela.,iss,URD
bahoot acha mobile a iss dezine bee bahoot acha a .par muje iss ke saat zong ka free data nahi mela.,dezine,URD
bahoot acha mobile a iss dezine bee bahoot acha a .par muje iss ke saat zong ka free data nahi mela.,bee,URD
bahoot acha mobile a iss dezine bee bahoot acha a .par muje iss ke saat zong ka free data nahi mela.,bahoot,URD
bahoot acha mobile a iss dezine bee bahoot acha a .par muje iss ke saat zong ka free data nahi mela.,acha,URD
bahoot acha mobile a iss dezine bee bahoot acha a .par muje iss ke saat zong ka free data nahi mela.,a,URD
bahoot acha mobile a iss dezine bee bahoot acha a .par muje iss ke saat zong ka free data nahi mela.,.par,URD
bahoot acha mobile a iss dezine bee bahoot acha a .par muje iss ke saat zong ka free data nahi mela.,muje,URD
bahoot acha mobile a iss dezine bee bahoot acha a .par muje iss ke saat zong ka free data nahi mela.,iss,URD
bahoot acha mobile a iss dezine bee bahoot acha a .par muje iss ke saat zong ka free data nahi mela.,ke,URD
bahoot acha mobile a iss dezine bee bahoot acha a .par muje iss ke saat zong ka free data nahi mela.,saat,URD
bahoot acha mobile a iss dezine bee bahoot acha a .par muje iss ke saat zong ka free data nahi mela.,zong,URD
bahoot acha mobile a iss dezine bee bahoot acha a .par muje iss ke saat zong ka free data nahi mela.,ka,URD
bahoot acha mobile a iss dezine bee bahoot acha a .par muje iss ke saat zong ka free data nahi mela.,free,ENG
bahoot acha mobile a iss dezine bee bahoot acha a .par muje iss ke saat zong ka free data nahi mela.,data,MIX
bahoot acha mobile a iss dezine bee bahoot acha a .par muje iss ke saat zong ka free data nahi mela.,nahi,URD
bahoot acha mobile a iss dezine bee bahoot acha a .par muje iss ke saat zong ka free data nahi mela.,mela.,URD
Rana sahb ko mashwra hai is team ko baech kar maronda le lain....mun to mitha kary ga kam se kam,Rana,URD
Rana sahb ko mashwra hai is team ko baech kar maronda le lain....mun to mitha kary ga kam se kam,sahb,URD
Rana sahb ko mashwra hai is team ko baech kar maronda le lain....mun to mitha kary ga kam se kam,ko,URD
Rana sahb ko mashwra hai is team ko baech kar maronda le lain....mun to mitha kary ga kam se kam,mashwra,URD
Rana sahb ko mashwra hai is team ko baech kar maronda le lain....mun to mitha kary ga kam se kam,hai,URD
Rana sahb ko mashwra hai is team ko baech kar maronda le lain....mun to mitha kary ga kam se kam,is,ENG
Rana sahb ko mashwra hai is team ko baech kar maronda le lain....mun to mitha kary ga kam se kam,team,ENG
Rana sahb ko mashwra hai is team ko baech kar maronda le lain....mun to mitha kary ga kam se kam,ko,URD
Rana sahb ko mashwra hai is team ko baech kar maronda le lain....mun to mitha kary ga kam se kam,baech,URD
Rana sahb ko mashwra hai is team ko baech kar maronda le lain....mun to mitha kary ga kam se kam,kar,URD
Rana sahb ko mashwra hai is team ko baech kar maronda le lain....mun to mitha kary ga kam se kam,maronda,URD
Rana sahb ko mashwra hai is team ko baech kar maronda le lain....mun to mitha kary ga kam se kam,le,URD
Rana sahb ko mashwra hai is team ko baech kar maronda le lain....mun to mitha kary ga kam se kam,lain....mun,URD
Rana sahb ko mashwra hai is team ko baech kar maronda le lain....mun to mitha kary ga kam se kam,to,URD
Rana sahb ko mashwra hai is team ko baech kar maronda le lain....mun to mitha kary ga kam se kam,mitha,URD
Rana sahb ko mashwra hai is team ko baech kar maronda le lain....mun to mitha kary ga kam se kam,kary,URD
Rana sahb ko mashwra hai is team ko baech kar maronda le lain....mun to mitha kary ga kam se kam,ga,URD
Rana sahb ko mashwra hai is team ko baech kar maronda le lain....mun to mitha kary ga kam se kam,kam,URD
Rana sahb ko mashwra hai is team ko baech kar maronda le lain....mun to mitha kary ga kam se kam,se,URD
Rana sahb ko mashwra hai is team ko baech kar maronda le lain....mun to mitha kary ga kam se kam,kam,URD
Peshab K Douran Dard Jalan Rukawat Or Qatron K Aney Se Mutalik Doctor Se FREE Mashware K Lye Abhi Call Kren,Peshab,URD
Peshab K Douran Dard Jalan Rukawat Or Qatron K Aney Se Mutalik Doctor Se FREE Mashware K Lye Abhi Call Kren,K,URD
Peshab K Douran Dard Jalan Rukawat Or Qatron K Aney Se Mutalik Doctor Se FREE Mashware K Lye Abhi Call Kren,Douran,URD
Peshab K Douran Dard Jalan Rukawat Or Qatron K Aney Se Mutalik Doctor Se FREE Mashware K Lye Abhi Call Kren,Dard,URD
Peshab K Douran Dard Jalan Rukawat Or Qatron K Aney Se Mutalik Doctor Se FREE Mashware K Lye Abhi Call Kren,Jalan,URD
Peshab K Douran Dard Jalan Rukawat Or Qatron K Aney Se Mutalik Doctor Se FREE Mashware K Lye Abhi Call Kren,Rukawat,URD
Peshab K Douran Dard Jalan Rukawat Or Qatron K Aney Se Mutalik Doctor Se FREE Mashware K Lye Abhi Call Kren,Or,URD
Peshab K Douran Dard Jalan Rukawat Or Qatron K Aney Se Mutalik Doctor Se FREE Mashware K Lye Abhi Call Kren,Qatron,URD
Peshab K Douran Dard Jalan Rukawat Or Qatron K Aney Se Mutalik Doctor Se FREE Mashware K Lye Abhi Call Kren,K,URD
Peshab K Douran Dard Jalan Rukawat Or Qatron K Aney Se Mutalik Doctor Se FREE Mashware K Lye Abhi Call Kren,Aney,URD
Peshab K Douran Dard Jalan Rukawat Or Qatron K Aney Se Mutalik Doctor Se FREE Mashware K Lye Abhi Call Kren,Se,URD
Peshab K Douran Dard Jalan Rukawat Or Qatron K Aney Se Mutalik Doctor Se FREE Mashware K Lye Abhi Call Kren,Mutalik,URD
Peshab K Douran Dard Jalan Rukawat Or Qatron K Aney Se Mutalik Doctor Se FREE Mashware K Lye Abhi Call Kren,Doctor,MIX
Peshab K Douran Dard Jalan Rukawat Or Qatron K Aney Se Mutalik Doctor Se FREE Mashware K Lye Abhi Call Kren,Se,URD
Peshab K Douran Dard Jalan Rukawat Or Qatron K Aney Se Mutalik Doctor Se FREE Mashware K Lye Abhi Call Kren,FREE,ENG
Peshab K Douran Dard Jalan Rukawat Or Qatron K Aney Se Mutalik Doctor Se FREE Mashware K Lye Abhi Call Kren,Mashware,URD
Peshab K Douran Dard Jalan Rukawat Or Qatron K Aney Se Mutalik Doctor Se FREE Mashware K Lye Abhi Call Kren,K,URD
Peshab K Douran Dard Jalan Rukawat Or Qatron K Aney Se Mutalik Doctor Se FREE Mashware K Lye Abhi Call Kren,Lye,URD
Peshab K Douran Dard Jalan Rukawat Or Qatron K Aney Se Mutalik Doctor Se FREE Mashware K Lye Abhi Call Kren,Abhi,URD
Peshab K Douran Dard Jalan Rukawat Or Qatron K Aney Se Mutalik Doctor Se FREE Mashware K Lye Abhi Call Kren,Call,MIX
Peshab K Douran Dard Jalan Rukawat Or Qatron K Aney Se Mutalik Doctor Se FREE Mashware K Lye Abhi Call Kren,Kren,URD
Main is tajveez ki zabardast haami hon aur aik gher fitri amal ki zabardast mukhalif,Main,URD
Main is tajveez ki zabardast haami hon aur aik gher fitri amal ki zabardast mukhalif,is,ENG
Main is tajveez ki zabardast haami hon aur aik gher fitri amal ki zabardast mukhalif,tajveez,URD
Main is tajveez ki zabardast haami hon aur aik gher fitri amal ki zabardast mukhalif,ki,URD
Main is tajveez ki zabardast haami hon aur aik gher fitri amal ki zabardast mukhalif,zabardast,URD
Main is tajveez ki zabardast haami hon aur aik gher fitri amal ki zabardast mukhalif,haami,URD
Main is tajveez ki zabardast haami hon aur aik gher fitri amal ki zabardast mukhalif,hon,URD
Main is tajveez ki zabardast haami hon aur aik gher fitri amal ki zabardast mukhalif,aur,URD
Main is tajveez ki zabardast haami hon aur aik gher fitri amal ki zabardast mukhalif,aik,URD
Main is tajveez ki zabardast haami hon aur aik gher fitri amal ki zabardast mukhalif,gher,URD
Main is tajveez ki zabardast haami hon aur aik gher fitri amal ki zabardast mukhalif,fitri,URD
Main is tajveez ki zabardast haami hon aur aik gher fitri amal ki zabardast mukhalif,amal,URD
Main is tajveez ki zabardast haami hon aur aik gher fitri amal ki zabardast mukhalif,ki,URD
Main is tajveez ki zabardast haami hon aur aik gher fitri amal ki zabardast mukhalif,zabardast,URD
Main is tajveez ki zabardast haami hon aur aik gher fitri amal ki zabardast mukhalif,mukhalif,URD
oye hoye bt jokes a part is kinza ko drama se nikalo,oye,URD
oye hoye bt jokes a part is kinza ko drama se nikalo,hoye,URD
oye hoye bt jokes a part is kinza ko drama se nikalo,bt,URD
oye hoye bt jokes a part is kinza ko drama se nikalo,jokes,URD
oye hoye bt jokes a part is kinza ko drama se nikalo,a,URD
oye hoye bt jokes a part is kinza ko drama se nikalo,part,URD
oye hoye bt jokes a part is kinza ko drama se nikalo,is,ENG
oye hoye bt jokes a part is kinza ko drama se nikalo,kinza,URD
oye hoye bt jokes a part is kinza ko drama se nikalo,ko,URD
oye hoye bt jokes a part is kinza ko drama se nikalo,drama,URD
oye hoye bt jokes a part is kinza ko drama se nikalo,se,URD
oye hoye bt jokes a part is kinza ko drama se nikalo,nikalo,URD
Jab wo ghar aate hain to apna phone door rakh dete hain.,Jab,URD
Jab wo ghar aate hain to apna phone door rakh dete hain.,wo,URD
Jab wo ghar aate hain to apna phone door rakh dete hain.,ghar,URD
Jab wo ghar aate hain to apna phone door rakh dete hain.,aate,URD
Jab wo ghar aate hain to apna phone door rakh dete hain.,hain,URD
Jab wo ghar aate hain to apna phone door rakh dete hain.,to,URD
Jab wo ghar aate hain to apna phone door rakh dete hain.,apna,URD
Jab wo ghar aate hain to apna phone door rakh dete hain.,phone,MIX
Jab wo ghar aate hain to apna phone door rakh dete hain.,door,URD
Jab wo ghar aate hain to apna phone door rakh dete hain.,rakh,URD
Jab wo ghar aate hain to apna phone door rakh dete hain.,dete,URD
Jab wo ghar aate hain to apna phone door rakh dete hain.,hain.,URD
Aenda PTI Ko Main Vote Nhi Dunga,Aenda,URD
Aenda PTI Ko Main Vote Nhi Dunga,PTI,URD
Aenda PTI Ko Main Vote Nhi Dunga,Ko,URD
Aenda PTI Ko Main Vote Nhi Dunga,Main,URD
Aenda PTI Ko Main Vote Nhi Dunga,Vote,ENG
Aenda PTI Ko Main Vote Nhi Dunga,Nhi,URD
Aenda PTI Ko Main Vote Nhi Dunga,Dunga,URD
10 Muharram Ko Saher Main Subah 6 Se Raat 8 Baje Tak Internet Service Bund Rahegi PTA Ne Notification Jari Kar Diya,10,URD
10 Muharram Ko Saher Main Subah 6 Se Raat 8 Baje Tak Internet Service Bund Rahegi PTA Ne Notification Jari Kar Diya,Muharram,URD
10 Muharram Ko Saher Main Subah 6 Se Raat 8 Baje Tak Internet Service Bund Rahegi PTA Ne Notification Jari Kar Diya,Ko,URD
10 Muharram Ko Saher Main Subah 6 Se Raat 8 Baje Tak Internet Service Bund Rahegi PTA Ne Notification Jari Kar Diya,Saher,URD
10 Muharram Ko Saher Main Subah 6 Se Raat 8 Baje Tak Internet Service Bund Rahegi PTA Ne Notification Jari Kar Diya,Main,URD
10 Muharram Ko Saher Main Subah 6 Se Raat 8 Baje Tak Internet Service Bund Rahegi PTA Ne Notification Jari Kar Diya,Subah,URD
10 Muharram Ko Saher Main Subah 6 Se Raat 8 Baje Tak Internet Service Bund Rahegi PTA Ne Notification Jari Kar Diya,6,URD
10 Muharram Ko Saher Main Subah 6 Se Raat 8 Baje Tak Internet Service Bund Rahegi PTA Ne Notification Jari Kar Diya,Se,URD
10 Muharram Ko Saher Main Subah 6 Se Raat 8 Baje Tak Internet Service Bund Rahegi PTA Ne Notification Jari Kar Diya,Raat,URD
10 Muharram Ko Saher Main Subah 6 Se Raat 8 Baje Tak Internet Service Bund Rahegi PTA Ne Notification Jari Kar Diya,8,URD
10 Muharram Ko Saher Main Subah 6 Se Raat 8 Baje Tak Internet Service Bund Rahegi PTA Ne Notification Jari Kar Diya,Baje,URD
10 Muharram Ko Saher Main Subah 6 Se Raat 8 Baje Tak Internet Service Bund Rahegi PTA Ne Notification Jari Kar Diya,Tak,URD
10 Muharram Ko Saher Main Subah 6 Se Raat 8 Baje Tak Internet Service Bund Rahegi PTA Ne Notification Jari Kar Diya,Internet,MIX
10 Muharram Ko Saher Main Subah 6 Se Raat 8 Baje Tak Internet Service Bund Rahegi PTA Ne Notification Jari Kar Diya,Service,MIX
10 Muharram Ko Saher Main Subah 6 Se Raat 8 Baje Tak Internet Service Bund Rahegi PTA Ne Notification Jari Kar Diya,Bund,URD
10 Muharram Ko Saher Main Subah 6 Se Raat 8 Baje Tak Internet Service Bund Rahegi PTA Ne Notification Jari Kar Diya,Rahegi,URD
10 Muharram Ko Saher Main Subah 6 Se Raat 8 Baje Tak Internet Service Bund Rahegi PTA Ne Notification Jari Kar Diya,PTA,URD
10 Muharram Ko Saher Main Subah 6 Se Raat 8 Baje Tak Internet Service Bund Rahegi PTA Ne Notification Jari Kar Diya,Ne,URD
10 Muharram Ko Saher Main Subah 6 Se Raat 8 Baje Tak Internet Service Bund Rahegi PTA Ne Notification Jari Kar Diya,Notification,URD
10 Muharram Ko Saher Main Subah 6 Se Raat 8 Baje Tak Internet Service Bund Rahegi PTA Ne Notification Jari Kar Diya,Jari,URD
10 Muharram Ko Saher Main Subah 6 Se Raat 8 Baje Tak Internet Service Bund Rahegi PTA Ne Notification Jari Kar Diya,Kar,URD
10 Muharram Ko Saher Main Subah 6 Se Raat 8 Baje Tak Internet Service Bund Rahegi PTA Ne Notification Jari Kar Diya,Diya,URD
Wo Punjab kutth ki nasal SS ha is lay Lahore....,Wo,URD
Wo Punjab kutth ki nasal SS ha is lay Lahore....,Punjab,URD
Wo Punjab kutth ki nasal SS ha is lay Lahore....,kutth,URD
Wo Punjab kutth ki nasal SS ha is lay Lahore....,ki,URD
Wo Punjab kutth ki nasal SS ha is lay Lahore....,nasal,URD
Wo Punjab kutth ki nasal SS ha is lay Lahore....,SS,URD
Wo Punjab kutth ki nasal SS ha is lay Lahore....,ha,URD
Wo Punjab kutth ki nasal SS ha is lay Lahore....,is,ENG
Wo Punjab kutth ki nasal SS ha is lay Lahore....,lay,URD
Wo Punjab kutth ki nasal SS ha is lay Lahore....,Lahore....,URD
is billo ki lipstick light krin to kuch achi lgy gi,is,ENG
is billo ki lipstick light krin to kuch achi lgy gi,billo,URD
is billo ki lipstick light krin to kuch achi lgy gi,ki,URD
is billo ki lipstick light krin to kuch achi lgy gi,lipstick,URD
is billo ki lipstick light krin to kuch achi lgy gi,light,MIX
is billo ki lipstick light krin to kuch achi lgy gi,krin,URD
is billo ki lipstick light krin to kuch achi lgy gi,to,URD
is billo ki lipstick light krin to kuch achi lgy gi,kuch,URD
is billo ki lipstick light krin to kuch achi lgy gi,achi,URD
is billo ki lipstick light krin to kuch achi lgy gi,lgy,URD
is billo ki lipstick light krin to kuch achi lgy gi,gi,URD
check kar anti jazbati ho rahi,check,MIX
check kar anti jazbati ho rahi,kar,URD
check kar anti jazbati ho rahi,anti,URD
check kar anti jazbati ho rahi,jazbati,URD
check kar anti jazbati ho rahi,ho,URD
check kar anti jazbati ho rahi,rahi,URD
Call band ka music Hollywood sa kum nahi ha,Call,MIX
Call band ka music Hollywood sa kum nahi ha,band,URD
Call band ka music Hollywood sa kum nahi ha,ka,URD
Call band ka music Hollywood sa kum nahi ha,music,ENG
Call band ka music Hollywood sa kum nahi ha,Hollywood,URD
Call band ka music Hollywood sa kum nahi ha,sa,URD
Call band ka music Hollywood sa kum nahi ha,kum,URD
Call band ka music Hollywood sa kum nahi ha,nahi,URD
Call band ka music Hollywood sa kum nahi ha,ha,URD
Ye kal rat event me hi scene hua.. A friend was like yr pic abi de do,Ye,URD
Ye kal rat event me hi scene hua.. A friend was like yr pic abi de do,kal,URD
Ye kal rat event me hi scene hua.. A friend was like yr pic abi de do,rat,URD
Ye kal rat event me hi scene hua.. A friend was like yr pic abi de do,event,URD
Ye kal rat event me hi scene hua.. A friend was like yr pic abi de do,me,URD
Ye kal rat event me hi scene hua.. A friend was like yr pic abi de do,hi,URD
Ye kal rat event me hi scene hua.. A friend was like yr pic abi de do,scene,URD
Ye kal rat event me hi scene hua.. A friend was like yr pic abi de do,hua..,URD
Ye kal rat event me hi scene hua.. A friend was like yr pic abi de do,A,URD
Ye kal rat event me hi scene hua.. A friend was like yr pic abi de do,friend,URD
Ye kal rat event me hi scene hua.. A friend was like yr pic abi de do,was,ENG
Ye kal rat event me hi scene hua.. A friend was like yr pic abi de do,like,ENG
Ye kal rat event me hi scene hua.. A friend was like yr pic abi de do,yr,URD
Ye kal rat event me hi scene hua.. A friend was like yr pic abi de do,pic,URD
Ye kal rat event me hi scene hua.. A friend was like yr pic abi de do,abi,URD
Ye kal rat event me hi scene hua.. A friend was like yr pic abi de do,de,URD
Ye kal rat event me hi scene hua.. A friend was like yr pic abi de do,do,URD
Kehti theen k is mahinay ki 31 ko mangni karne ka irada rakhti hain aur ye k Khuwaaroon k Badshah salamat ko bhi daawat thi.,Kehti,URD
Kehti theen k is mahinay ki 31 ko mangni karne ka irada rakhti hain aur ye k Khuwaaroon k Badshah salamat ko bhi daawat thi.,theen,URD
Kehti theen k is mahinay ki 31 ko mangni karne ka irada rakhti hain aur ye k Khuwaaroon k Badshah salamat ko bhi daawat thi.,k,URD
Kehti theen k is mahinay ki 31 ko mangni karne ka irada rakhti hain aur ye k Khuwaaroon k Badshah salamat ko bhi daawat thi.,is,ENG
Kehti theen k is mahinay ki 31 ko mangni karne ka irada rakhti hain aur ye k Khuwaaroon k Badshah salamat ko bhi daawat thi.,mahinay,URD
Kehti theen k is mahinay ki 31 ko mangni karne ka irada rakhti hain aur ye k Khuwaaroon k Badshah salamat ko bhi daawat thi.,ki,URD
Kehti theen k is mahinay ki 31 ko mangni karne ka irada rakhti hain aur ye k Khuwaaroon k Badshah salamat ko bhi daawat thi.,31,URD
Kehti theen k is mahinay ki 31 ko mangni karne ka irada rakhti hain aur ye k Khuwaaroon k Badshah salamat ko bhi daawat thi.,ko,URD
Kehti theen k is mahinay ki 31 ko mangni karne ka irada rakhti hain aur ye k Khuwaaroon k Badshah salamat ko bhi daawat thi.,mangni,URD
Kehti theen k is mahinay ki 31 ko mangni karne ka irada rakhti hain aur ye k Khuwaaroon k Badshah salamat ko bhi daawat thi.,karne,URD
Kehti theen k is mahinay ki 31 ko mangni karne ka irada rakhti hain aur ye k Khuwaaroon k Badshah salamat ko bhi daawat thi.,ka,URD
Kehti theen k is mahinay ki 31 ko mangni karne ka irada rakhti hain aur ye k Khuwaaroon k Badshah salamat ko bhi daawat thi.,irada,URD
Kehti theen k is mahinay ki 31 ko mangni karne ka irada rakhti hain aur ye k Khuwaaroon k Badshah salamat ko bhi daawat thi.,rakhti,URD
Kehti theen k is mahinay ki 31 ko mangni karne ka irada rakhti hain aur ye k Khuwaaroon k Badshah salamat ko bhi daawat thi.,hain,URD
Kehti theen k is mahinay ki 31 ko mangni karne ka irada rakhti hain aur ye k Khuwaaroon k Badshah salamat ko bhi daawat thi.,aur,URD
Kehti theen k is mahinay ki 31 ko mangni karne ka irada rakhti hain aur ye k Khuwaaroon k Badshah salamat ko bhi daawat thi.,ye,URD
Kehti theen k is mahinay ki 31 ko mangni karne ka irada rakhti hain aur ye k Khuwaaroon k Badshah salamat ko bhi daawat thi.,k,URD
Kehti theen k is mahinay ki 31 ko mangni karne ka irada rakhti hain aur ye k Khuwaaroon k Badshah salamat ko bhi daawat thi.,Khuwaaroon,URD
Kehti theen k is mahinay ki 31 ko mangni karne ka irada rakhti hain aur ye k Khuwaaroon k Badshah salamat ko bhi daawat thi.,k,URD
Kehti theen k is mahinay ki 31 ko mangni karne ka irada rakhti hain aur ye k Khuwaaroon k Badshah salamat ko bhi daawat thi.,Badshah,URD
Kehti theen k is mahinay ki 31 ko mangni karne ka irada rakhti hain aur ye k Khuwaaroon k Badshah salamat ko bhi daawat thi.,salamat,URD
Kehti theen k is mahinay ki 31 ko mangni karne ka irada rakhti hain aur ye k Khuwaaroon k Badshah salamat ko bhi daawat thi.,ko,URD
Kehti theen k is mahinay ki 31 ko mangni karne ka irada rakhti hain aur ye k Khuwaaroon k Badshah salamat ko bhi daawat thi.,bhi,URD
Kehti theen k is mahinay ki 31 ko mangni karne ka irada rakhti hain aur ye k Khuwaaroon k Badshah salamat ko bhi daawat thi.,daawat,URD
Kehti theen k is mahinay ki 31 ko mangni karne ka irada rakhti hain aur ye k Khuwaaroon k Badshah salamat ko bhi daawat thi.,thi.,URD
Guitar thora out of tune feel nahin ho raha ? Ya tuning standard sai different hai ?,Guitar,URD
Guitar thora out of tune feel nahin ho raha ? Ya tuning standard sai different hai ?,thora,URD
Guitar thora out of tune feel nahin ho raha ? Ya tuning standard sai different hai ?,out,URD
Guitar thora out of tune feel nahin ho raha ? Ya tuning standard sai different hai ?,of,URD
Guitar thora out of tune feel nahin ho raha ? Ya tuning standard sai different hai ?,tune,URD
Guitar thora out of tune feel nahin ho raha ? Ya tuning standard sai different hai ?,feel,ENG
Guitar thora out of tune feel nahin ho raha ? Ya tuning standard sai different hai ?,nahin,URD
Guitar thora out of tune feel nahin ho raha ? Ya tuning standard sai different hai ?,ho,URD
Guitar thora out of tune feel nahin ho raha ? Ya tuning standard sai different hai ?,raha,URD
Guitar thora out of tune feel nahin ho raha ? Ya tuning standard sai different hai ?,?,URD
Guitar thora out of tune feel nahin ho raha ? Ya tuning standard sai different hai ?,Ya,URD
Guitar thora out of tune feel nahin ho raha ? Ya tuning standard sai different hai ?,tuning,URD
Guitar thora out of tune feel nahin ho raha ? Ya tuning standard sai different hai ?,standard,URD
Guitar thora out of tune feel nahin ho raha ? Ya tuning standard sai different hai ?,sai,URD
Guitar thora out of tune feel nahin ho raha ? Ya tuning standard sai different hai ?,different,URD
Guitar thora out of tune feel nahin ho raha ? Ya tuning standard sai different hai ?,hai,URD
Guitar thora out of tune feel nahin ho raha ? Ya tuning standard sai different hai ?,?,URD
Is kuty ko jla Dena Chia Ye petrol dal K,Is,ENG
Is kuty ko jla Dena Chia Ye petrol dal K,kuty,URD
Is kuty ko jla Dena Chia Ye petrol dal K,ko,URD
Is kuty ko jla Dena Chia Ye petrol dal K,jla,URD
Is kuty ko jla Dena Chia Ye petrol dal K,Dena,URD
Is kuty ko jla Dena Chia Ye petrol dal K,Chia,URD
Is kuty ko jla Dena Chia Ye petrol dal K,Ye,URD
Is kuty ko jla Dena Chia Ye petrol dal K,petrol,MIX
Is kuty ko jla Dena Chia Ye petrol dal K,dal,URD
Is kuty ko jla Dena Chia Ye petrol dal K,K,URD
bhai page admin hoky update nae rahety had hogae ab yh bi awam btae to admin hny ka faida?,bhai,URD
bhai page admin hoky update nae rahety had hogae ab yh bi awam btae to admin hny ka faida?,page,URD
bhai page admin hoky update nae rahety had hogae ab yh bi awam btae to admin hny ka faida?,admin,URD
bhai page admin hoky update nae rahety had hogae ab yh bi awam btae to admin hny ka faida?,hoky,URD
bhai page admin hoky update nae rahety had hogae ab yh bi awam btae to admin hny ka faida?,update,MIX
bhai page admin hoky update nae rahety had hogae ab yh bi awam btae to admin hny ka faida?,nae,URD
bhai page admin hoky update nae rahety had hogae ab yh bi awam btae to admin hny ka faida?,rahety,URD
bhai page admin hoky update nae rahety had hogae ab yh bi awam btae to admin hny ka faida?,had,URD
bhai page admin hoky update nae rahety had hogae ab yh bi awam btae to admin hny ka faida?,hogae,URD
bhai page admin hoky update nae rahety had hogae ab yh bi awam btae to admin hny ka faida?,ab,URD
bhai page admin hoky update nae rahety had hogae ab yh bi awam btae to admin hny ka faida?,yh,URD
bhai page admin hoky update nae rahety had hogae ab yh bi awam btae to admin hny ka faida?,bi,URD
bhai page admin hoky update nae rahety had hogae ab yh bi awam btae to admin hny ka faida?,awam,URD
bhai page admin hoky update nae rahety had hogae ab yh bi awam btae to admin hny ka faida?,btae,URD
bhai page admin hoky update nae rahety had hogae ab yh bi awam btae to admin hny ka faida?,to,URD
bhai page admin hoky update nae rahety had hogae ab yh bi awam btae to admin hny ka faida?,admin,URD
bhai page admin hoky update nae rahety had hogae ab yh bi awam btae to admin hny ka faida?,hny,URD
bhai page admin hoky update nae rahety had hogae ab yh bi awam btae to admin hny ka faida?,ka,URD
bhai page admin hoky update nae rahety had hogae ab yh bi awam btae to admin hny ka faida?,faida?,URD
Wo is riyazidan ka zikar apni books mein karte hain,Wo,URD
Wo is riyazidan ka zikar apni books mein karte hain,is,ENG
Wo is riyazidan ka zikar apni books mein karte hain,riyazidan,URD
Wo is riyazidan ka zikar apni books mein karte hain,ka,URD
Wo is riyazidan ka zikar apni books mein karte hain,zikar,URD
Wo is riyazidan ka zikar apni books mein karte hain,apni,URD
Wo is riyazidan ka zikar apni books mein karte hain,books,URD
Wo is riyazidan ka zikar apni books mein karte hain,mein,URD
Wo is riyazidan ka zikar apni books mein karte hain,karte,URD
Wo is riyazidan ka zikar apni books mein karte hain,hain,URD
S_AFriCa A CricKeT TEaM K 10 PLaYErs KHaRaB KHaNe ki Waja Say F00D P0is0n Ka SHiKaR,S_AFriCa,URD
S_AFriCa A CricKeT TEaM K 10 PLaYErs KHaRaB KHaNe ki Waja Say F00D P0is0n Ka SHiKaR,A,URD
S_AFriCa A CricKeT TEaM K 10 PLaYErs KHaRaB KHaNe ki Waja Say F00D P0is0n Ka SHiKaR,CricKeT,URD
S_AFriCa A CricKeT TEaM K 10 PLaYErs KHaRaB KHaNe ki Waja Say F00D P0is0n Ka SHiKaR,TEaM,ENG
S_AFriCa A CricKeT TEaM K 10 PLaYErs KHaRaB KHaNe ki Waja Say F00D P0is0n Ka SHiKaR,K,URD
S_AFriCa A CricKeT TEaM K 10 PLaYErs KHaRaB KHaNe ki Waja Say F00D P0is0n Ka SHiKaR,10,URD
S_AFriCa A CricKeT TEaM K 10 PLaYErs KHaRaB KHaNe ki Waja Say F00D P0is0n Ka SHiKaR,PLaYErs,URD
S_AFriCa A CricKeT TEaM K 10 PLaYErs KHaRaB KHaNe ki Waja Say F00D P0is0n Ka SHiKaR,KHaRaB,URD
S_AFriCa A CricKeT TEaM K 10 PLaYErs KHaRaB KHaNe ki Waja Say F00D P0is0n Ka SHiKaR,KHaNe,URD
S_AFriCa A CricKeT TEaM K 10 PLaYErs KHaRaB KHaNe ki Waja Say F00D P0is0n Ka SHiKaR,ki,URD
S_AFriCa A CricKeT TEaM K 10 PLaYErs KHaRaB KHaNe ki Waja Say F00D P0is0n Ka SHiKaR,Waja,URD
S_AFriCa A CricKeT TEaM K 10 PLaYErs KHaRaB KHaNe ki Waja Say F00D P0is0n Ka SHiKaR,Say,URD
S_AFriCa A CricKeT TEaM K 10 PLaYErs KHaRaB KHaNe ki Waja Say F00D P0is0n Ka SHiKaR,F00D,URD
S_AFriCa A CricKeT TEaM K 10 PLaYErs KHaRaB KHaNe ki Waja Say F00D P0is0n Ka SHiKaR,P0is0n,URD
S_AFriCa A CricKeT TEaM K 10 PLaYErs KHaRaB KHaNe ki Waja Say F00D P0is0n Ka SHiKaR,Ka,URD
S_AFriCa A CricKeT TEaM K 10 PLaYErs KHaRaB KHaNe ki Waja Say F00D P0is0n Ka SHiKaR,SHiKaR,URD
Plzzzzzz is drama ka end na karan hum tv,Plzzzzzz,URD
Plzzzzzz is drama ka end na karan hum tv,is,ENG
Plzzzzzz is drama ka end na karan hum tv,drama,URD
Plzzzzzz is drama ka end na karan hum tv,ka,URD
Plzzzzzz is drama ka end na karan hum tv,end,URD
Plzzzzzz is drama ka end na karan hum tv,na,URD
Plzzzzzz is drama ka end na karan hum tv,karan,URD
Plzzzzzz is drama ka end na karan hum tv,hum,URD
Plzzzzzz is drama ka end na karan hum tv,tv,MIX
Jin janab ne phone uthaya tha un k mon se E call karne ka shukria・k ilawa kuch nikal hi na paya.,Jin,URD
Jin janab ne phone uthaya tha un k mon se E call karne ka shukria・k ilawa kuch nikal hi na paya.,janab,URD
Jin janab ne phone uthaya tha un k mon se E call karne ka shukria・k ilawa kuch nikal hi na paya.,ne,URD
Jin janab ne phone uthaya tha un k mon se E call karne ka shukria・k ilawa kuch nikal hi na paya.,phone,MIX
Jin janab ne phone uthaya tha un k mon se E call karne ka shukria・k ilawa kuch nikal hi na paya.,uthaya,URD
Jin janab ne phone uthaya tha un k mon se E call karne ka shukria・k ilawa kuch nikal hi na paya.,tha,URD
Jin janab ne phone uthaya tha un k mon se E call karne ka shukria・k ilawa kuch nikal hi na paya.,un,URD
Jin janab ne phone uthaya tha un k mon se E call karne ka shukria・k ilawa kuch nikal hi na paya.,k,URD
Jin janab ne phone uthaya tha un k mon se E call karne ka shukria・k ilawa kuch nikal hi na paya.,mon,URD
Jin janab ne phone uthaya tha un k mon se E call karne ka shukria・k ilawa kuch nikal hi na paya.,se,URD
Jin janab ne phone uthaya tha un k mon se E call karne ka shukria・k ilawa kuch nikal hi na paya.,E,URD
Jin janab ne phone uthaya tha un k mon se E call karne ka shukria・k ilawa kuch nikal hi na paya.,call,MIX
Jin janab ne phone uthaya tha un k mon se E call karne ka shukria・k ilawa kuch nikal hi na paya.,karne,URD
Jin janab ne phone uthaya tha un k mon se E call karne ka shukria・k ilawa kuch nikal hi na paya.,ka,URD
Jin janab ne phone uthaya tha un k mon se E call karne ka shukria・k ilawa kuch nikal hi na paya.,shukria・k,URD
Jin janab ne phone uthaya tha un k mon se E call karne ka shukria・k ilawa kuch nikal hi na paya.,ilawa,URD
Jin janab ne phone uthaya tha un k mon se E call karne ka shukria・k ilawa kuch nikal hi na paya.,kuch,URD
Jin janab ne phone uthaya tha un k mon se E call karne ka shukria・k ilawa kuch nikal hi na paya.,nikal,URD
Jin janab ne phone uthaya tha un k mon se E call karne ka shukria・k ilawa kuch nikal hi na paya.,hi,URD
Jin janab ne phone uthaya tha un k mon se E call karne ka shukria・k ilawa kuch nikal hi na paya.,na,URD
Jin janab ne phone uthaya tha un k mon se E call karne ka shukria・k ilawa kuch nikal hi na paya.,paya.,URD
Taqsem ke bad unhon ne Pakistan hijrat ka fasla kiya aur un ka gharana us darogir mein Pakistan pohancha,Taqsem,URD
Taqsem ke bad unhon ne Pakistan hijrat ka fasla kiya aur un ka gharana us darogir mein Pakistan pohancha,ke,URD
Taqsem ke bad unhon ne Pakistan hijrat ka fasla kiya aur un ka gharana us darogir mein Pakistan pohancha,bad,ENG
Taqsem ke bad unhon ne Pakistan hijrat ka fasla kiya aur un ka gharana us darogir mein Pakistan pohancha,unhon,URD
Taqsem ke bad unhon ne Pakistan hijrat ka fasla kiya aur un ka gharana us darogir mein Pakistan pohancha,ne,URD
Taqsem ke bad unhon ne Pakistan hijrat ka fasla kiya aur un ka gharana us darogir mein Pakistan pohancha,Pakistan,URD
Taqsem ke bad unhon ne Pakistan hijrat ka fasla kiya aur un ka gharana us darogir mein Pakistan pohancha,hijrat,URD
Taqsem ke bad unhon ne Pakistan hijrat ka fasla kiya aur un ka gharana us darogir mein Pakistan pohancha,ka,URD
Taqsem ke bad unhon ne Pakistan hijrat ka fasla kiya aur un ka gharana us darogir mein Pakistan pohancha,fasla,URD
Taqsem ke bad unhon ne Pakistan hijrat ka fasla kiya aur un ka gharana us darogir mein Pakistan pohancha,kiya,URD
Taqsem ke bad unhon ne Pakistan hijrat ka fasla kiya aur un ka gharana us darogir mein Pakistan pohancha,aur,URD
Taqsem ke bad unhon ne Pakistan hijrat ka fasla kiya aur un ka gharana us darogir mein Pakistan pohancha,un,URD
Taqsem ke bad unhon ne Pakistan hijrat ka fasla kiya aur un ka gharana us darogir mein Pakistan pohancha,ka,URD
Taqsem ke bad unhon ne Pakistan hijrat ka fasla kiya aur un ka gharana us darogir mein Pakistan pohancha,gharana,URD
Taqsem ke bad unhon ne Pakistan hijrat ka fasla kiya aur un ka gharana us darogir mein Pakistan pohancha,us,URD
Taqsem ke bad unhon ne Pakistan hijrat ka fasla kiya aur un ka gharana us darogir mein Pakistan pohancha,darogir,URD
Taqsem ke bad unhon ne Pakistan hijrat ka fasla kiya aur un ka gharana us darogir mein Pakistan pohancha,mein,URD
Taqsem ke bad unhon ne Pakistan hijrat ka fasla kiya aur un ka gharana us darogir mein Pakistan pohancha,Pakistan,URD
Taqsem ke bad unhon ne Pakistan hijrat ka fasla kiya aur un ka gharana us darogir mein Pakistan pohancha,pohancha,URD
Is per tu Pakistan zindabad banta hai bhai,Is,ENG
Is per tu Pakistan zindabad banta hai bhai,per,URD
Is per tu Pakistan zindabad banta hai bhai,tu,URD
Is per tu Pakistan zindabad banta hai bhai,Pakistan,URD
Is per tu Pakistan zindabad banta hai bhai,zindabad,URD
Is per tu Pakistan zindabad banta hai bhai,banta,URD
Is per tu Pakistan zindabad banta hai bhai,hai,URD
Is per tu Pakistan zindabad banta hai bhai,bhai,URD
You know naah meh nhi larai Krti you  tum hi rakh lo ..,You,ENG
You know naah meh nhi larai Krti you  tum hi rakh lo ..,know,URD
You know naah meh nhi larai Krti you  tum hi rakh lo ..,naah,URD
You know naah meh nhi larai Krti you  tum hi rakh lo ..,meh,URD
You know naah meh nhi larai Krti you  tum hi rakh lo ..,nhi,URD
You know naah meh nhi larai Krti you  tum hi rakh lo ..,larai,URD
You know naah meh nhi larai Krti you  tum hi rakh lo ..,Krti,URD
You know naah meh nhi larai Krti you  tum hi rakh lo ..,you,ENG
You know naah meh nhi larai Krti you  tum hi rakh lo ..,tum,URD
You know naah meh nhi larai Krti you  tum hi rakh lo ..,hi,URD
You know naah meh nhi larai Krti you  tum hi rakh lo ..,rakh,URD
You know naah meh nhi larai Krti you  tum hi rakh lo ..,lo,URD
You know naah meh nhi larai Krti you  tum hi rakh lo ..,..,URD
Sab baiyo sy guzarish hy k apny apny himat k. Motabik is ko phelaen or is or Pakistan ki is izat ko wapis laen,Sab,URD
Sab baiyo sy guzarish hy k apny apny himat k. Motabik is ko phelaen or is or Pakistan ki is izat ko wapis laen,baiyo,URD
Sab baiyo sy guzarish hy k apny apny himat k. Motabik is ko phelaen or is or Pakistan ki is izat ko wapis laen,sy,URD
Sab baiyo sy guzarish hy k apny apny himat k. Motabik is ko phelaen or is or Pakistan ki is izat ko wapis laen,guzarish,URD
Sab baiyo sy guzarish hy k apny apny himat k. Motabik is ko phelaen or is or Pakistan ki is izat ko wapis laen,hy,URD
Sab baiyo sy guzarish hy k apny apny himat k. Motabik is ko phelaen or is or Pakistan ki is izat ko wapis laen,k,URD
Sab baiyo sy guzarish hy k apny apny himat k. Motabik is ko phelaen or is or Pakistan ki is izat ko wapis laen,apny,URD
Sab baiyo sy guzarish hy k apny apny himat k. Motabik is ko phelaen or is or Pakistan ki is izat ko wapis laen,apny,URD
Sab baiyo sy guzarish hy k apny apny himat k. Motabik is ko phelaen or is or Pakistan ki is izat ko wapis laen,himat,URD
Sab baiyo sy guzarish hy k apny apny himat k. Motabik is ko phelaen or is or Pakistan ki is izat ko wapis laen,k.,URD
Sab baiyo sy guzarish hy k apny apny himat k. Motabik is ko phelaen or is or Pakistan ki is izat ko wapis laen,Motabik,URD
Sab baiyo sy guzarish hy k apny apny himat k. Motabik is ko phelaen or is or Pakistan ki is izat ko wapis laen,is,ENG
Sab baiyo sy guzarish hy k apny apny himat k. Motabik is ko phelaen or is or Pakistan ki is izat ko wapis laen,ko,URD
Sab baiyo sy guzarish hy k apny apny himat k. Motabik is ko phelaen or is or Pakistan ki is izat ko wapis laen,phelaen,URD
Sab baiyo sy guzarish hy k apny apny himat k. Motabik is ko phelaen or is or Pakistan ki is izat ko wapis laen,or,URD
Sab baiyo sy guzarish hy k apny apny himat k. Motabik is ko phelaen or is or Pakistan ki is izat ko wapis laen,is,ENG
Sab baiyo sy guzarish hy k apny apny himat k. Motabik is ko phelaen or is or Pakistan ki is izat ko wapis laen,or,URD
Sab baiyo sy guzarish hy k apny apny himat k. Motabik is ko phelaen or is or Pakistan ki is izat ko wapis laen,Pakistan,URD
Sab baiyo sy guzarish hy k apny apny himat k. Motabik is ko phelaen or is or Pakistan ki is izat ko wapis laen,ki,URD
Sab baiyo sy guzarish hy k apny apny himat k. Motabik is ko phelaen or is or Pakistan ki is izat ko wapis laen,is,ENG
Sab baiyo sy guzarish hy k apny apny himat k. Motabik is ko phelaen or is or Pakistan ki is izat ko wapis laen,izat,URD
Sab baiyo sy guzarish hy k apny apny himat k. Motabik is ko phelaen or is or Pakistan ki is izat ko wapis laen,ko,URD
Sab baiyo sy guzarish hy k apny apny himat k. Motabik is ko phelaen or is or Pakistan ki is izat ko wapis laen,wapis,URD
Sab baiyo sy guzarish hy k apny apny himat k. Motabik is ko phelaen or is or Pakistan ki is izat ko wapis laen,laen,URD
Jis ny kal ka match ni dekha us ny kuch b nai dekha i love lhr team,Jis,URD
Jis ny kal ka match ni dekha us ny kuch b nai dekha i love lhr team,ny,URD
Jis ny kal ka match ni dekha us ny kuch b nai dekha i love lhr team,kal,URD
Jis ny kal ka match ni dekha us ny kuch b nai dekha i love lhr team,ka,URD
Jis ny kal ka match ni dekha us ny kuch b nai dekha i love lhr team,match,ENG
Jis ny kal ka match ni dekha us ny kuch b nai dekha i love lhr team,ni,URD
Jis ny kal ka match ni dekha us ny kuch b nai dekha i love lhr team,dekha,URD
Jis ny kal ka match ni dekha us ny kuch b nai dekha i love lhr team,us,URD
Jis ny kal ka match ni dekha us ny kuch b nai dekha i love lhr team,ny,URD
Jis ny kal ka match ni dekha us ny kuch b nai dekha i love lhr team,kuch,URD
Jis ny kal ka match ni dekha us ny kuch b nai dekha i love lhr team,b,URD
Jis ny kal ka match ni dekha us ny kuch b nai dekha i love lhr team,nai,URD
Jis ny kal ka match ni dekha us ny kuch b nai dekha i love lhr team,dekha,URD
Jis ny kal ka match ni dekha us ny kuch b nai dekha i love lhr team,i,URD
Jis ny kal ka match ni dekha us ny kuch b nai dekha i love lhr team,love,ENG
Jis ny kal ka match ni dekha us ny kuch b nai dekha i love lhr team,lhr,URD
Jis ny kal ka match ni dekha us ny kuch b nai dekha i love lhr team,team,ENG
Hahahaha main is main tumhain tag karnay wali thi.. 😂😂😂😂😂,Hahahaha,URD
Hahahaha main is main tumhain tag karnay wali thi.. 😂😂😂😂😂,main,URD
Hahahaha main is main tumhain tag karnay wali thi.. 😂😂😂😂😂,is,ENG
Hahahaha main is main tumhain tag karnay wali thi.. 😂😂😂😂😂,main,URD
Hahahaha main is main tumhain tag karnay wali thi.. 😂😂😂😂😂,tumhain,URD
Hahahaha main is main tumhain tag karnay wali thi.. 😂😂😂😂😂,tag,URD
Hahahaha main is main tumhain tag karnay wali thi.. 😂😂😂😂😂,karnay,URD
Hahahaha main is main tumhain tag karnay wali thi.. 😂😂😂😂😂,wali,URD
Hahahaha main is main tumhain tag karnay wali thi.. 😂😂😂😂😂,thi..,URD
Hahahaha main is main tumhain tag karnay wali thi.. 😂😂😂😂😂,😂😂😂😂😂,URD
Is bachne ke leye unhon ne qabal iz waqat apne sene ki surgery (mestectomy) karali hai,Is,ENG
Is bachne ke leye unhon ne qabal iz waqat apne sene ki surgery (mestectomy) karali hai,bachne,URD
Is bachne ke leye unhon ne qabal iz waqat apne sene ki surgery (mestectomy) karali hai,ke,URD
Is bachne ke leye unhon ne qabal iz waqat apne sene ki surgery (mestectomy) karali hai,leye,URD
Is bachne ke leye unhon ne qabal iz waqat apne sene ki surgery (mestectomy) karali hai,unhon,URD
Is bachne ke leye unhon ne qabal iz waqat apne sene ki surgery (mestectomy) karali hai,ne,URD
Is bachne ke leye unhon ne qabal iz waqat apne sene ki surgery (mestectomy) karali hai,qabal,URD
Is bachne ke leye unhon ne qabal iz waqat apne sene ki surgery (mestectomy) karali hai,iz,URD
Is bachne ke leye unhon ne qabal iz waqat apne sene ki surgery (mestectomy) karali hai,waqat,URD
Is bachne ke leye unhon ne qabal iz waqat apne sene ki surgery (mestectomy) karali hai,apne,URD
Is bachne ke leye unhon ne qabal iz waqat apne sene ki surgery (mestectomy) karali hai,sene,URD
Is bachne ke leye unhon ne qabal iz waqat apne sene ki surgery (mestectomy) karali hai,ki,URD
Is bachne ke leye unhon ne qabal iz waqat apne sene ki surgery (mestectomy) karali hai,surgery,URD
Is bachne ke leye unhon ne qabal iz waqat apne sene ki surgery (mestectomy) karali hai,(mestectomy),URD
Is bachne ke leye unhon ne qabal iz waqat apne sene ki surgery (mestectomy) karali hai,karali,URD
Is bachne ke leye unhon ne qabal iz waqat apne sene ki surgery (mestectomy) karali hai,hai,URD
dars ko share karain aj ka dars bht khas ul khass hai ummat ka faida karain,dars,URD
dars ko share karain aj ka dars bht khas ul khass hai ummat ka faida karain,ko,URD
dars ko share karain aj ka dars bht khas ul khass hai ummat ka faida karain,share,MIX
dars ko share karain aj ka dars bht khas ul khass hai ummat ka faida karain,karain,URD
dars ko share karain aj ka dars bht khas ul khass hai ummat ka faida karain,aj,URD
dars ko share karain aj ka dars bht khas ul khass hai ummat ka faida karain,ka,URD
dars ko share karain aj ka dars bht khas ul khass hai ummat ka faida karain,dars,URD
dars ko share karain aj ka dars bht khas ul khass hai ummat ka faida karain,bht,URD
dars ko share karain aj ka dars bht khas ul khass hai ummat ka faida karain,khas,URD
dars ko share karain aj ka dars bht khas ul khass hai ummat ka faida karain,ul,URD
dars ko share karain aj ka dars bht khas ul khass hai ummat ka faida karain,khass,URD
dars ko share karain aj ka dars bht khas ul khass hai ummat ka faida karain,hai,URD
dars ko share karain aj ka dars bht khas ul khass hai ummat ka faida karain,ummat,URD
dars ko share karain aj ka dars bht khas ul khass hai ummat ka faida karain,ka,URD
dars ko share karain aj ka dars bht khas ul khass hai ummat ka faida karain,faida,URD
dars ko share karain aj ka dars bht khas ul khass hai ummat ka faida karain,karain,URD
apko to pta mera m bht next level ki post nikalti hu,apko,URD
apko to pta mera m bht next level ki post nikalti hu,to,URD
apko to pta mera m bht next level ki post nikalti hu,pta,URD
apko to pta mera m bht next level ki post nikalti hu,mera,URD
apko to pta mera m bht next level ki post nikalti hu,m,URD
apko to pta mera m bht next level ki post nikalti hu,bht,URD
apko to pta mera m bht next level ki post nikalti hu,next,URD
apko to pta mera m bht next level ki post nikalti hu,level,URD
apko to pta mera m bht next level ki post nikalti hu,ki,URD
apko to pta mera m bht next level ki post nikalti hu,post,MIX
apko to pta mera m bht next level ki post nikalti hu,nikalti,URD
apko to pta mera m bht next level ki post nikalti hu,hu,URD
"Is College mein MA, MSC aur LLM ki taleem bhi de jati hai jin ka zarya e taleem Urdu hai",Is,ENG
"Is College mein MA, MSC aur LLM ki taleem bhi de jati hai jin ka zarya e taleem Urdu hai",College,URD
"Is College mein MA, MSC aur LLM ki taleem bhi de jati hai jin ka zarya e taleem Urdu hai",mein,URD
"Is College mein MA, MSC aur LLM ki taleem bhi de jati hai jin ka zarya e taleem Urdu hai","MA,",URD
"Is College mein MA, MSC aur LLM ki taleem bhi de jati hai jin ka zarya e taleem Urdu hai",MSC,URD
"Is College mein MA, MSC aur LLM ki taleem bhi de jati hai jin ka zarya e taleem Urdu hai",aur,URD
"Is College mein MA, MSC aur LLM ki taleem bhi de jati hai jin ka zarya e taleem Urdu hai",LLM,URD
"Is College mein MA, MSC aur LLM ki taleem bhi de jati hai jin ka zarya e taleem Urdu hai",ki,URD
"Is College mein MA, MSC aur LLM ki taleem bhi de jati hai jin ka zarya e taleem Urdu hai",taleem,URD
"Is College mein MA, MSC aur LLM ki taleem bhi de jati hai jin ka zarya e taleem Urdu hai",bhi,URD
"Is College mein MA, MSC aur LLM ki taleem bhi de jati hai jin ka zarya e taleem Urdu hai",de,URD
"Is College mein MA, MSC aur LLM ki taleem bhi de jati hai jin ka zarya e taleem Urdu hai",jati,URD
"Is College mein MA, MSC aur LLM ki taleem bhi de jati hai jin ka zarya e taleem Urdu hai",hai,URD
"Is College mein MA, MSC aur LLM ki taleem bhi de jati hai jin ka zarya e taleem Urdu hai",jin,URD
"Is College mein MA, MSC aur LLM ki taleem bhi de jati hai jin ka zarya e taleem Urdu hai",ka,URD
"Is College mein MA, MSC aur LLM ki taleem bhi de jati hai jin ka zarya e taleem Urdu hai",zarya,URD
"Is College mein MA, MSC aur LLM ki taleem bhi de jati hai jin ka zarya e taleem Urdu hai",e,URD
"Is College mein MA, MSC aur LLM ki taleem bhi de jati hai jin ka zarya e taleem Urdu hai",taleem,URD
"Is College mein MA, MSC aur LLM ki taleem bhi de jati hai jin ka zarya e taleem Urdu hai",Urdu,URD
"Is College mein MA, MSC aur LLM ki taleem bhi de jati hai jin ka zarya e taleem Urdu hai",hai,URD
Bahi g ap ka what's up number he band ha order kis par karin,Bahi,URD
Bahi g ap ka what's up number he band ha order kis par karin,g,URD
Bahi g ap ka what's up number he band ha order kis par karin,ap,URD
Bahi g ap ka what's up number he band ha order kis par karin,ka,URD
Bahi g ap ka what's up number he band ha order kis par karin,what's,URD
Bahi g ap ka what's up number he band ha order kis par karin,up,URD
Bahi g ap ka what's up number he band ha order kis par karin,number,MIX
Bahi g ap ka what's up number he band ha order kis par karin,he,URD
Bahi g ap ka what's up number he band ha order kis par karin,band,URD
Bahi g ap ka what's up number he band ha order kis par karin,ha,URD
Bahi g ap ka what's up number he band ha order kis par karin,order,MIX
Bahi g ap ka what's up number he band ha order kis par karin,kis,URD
Bahi g ap ka what's up number he band ha order kis par karin,par,URD
Bahi g ap ka what's up number he band ha order kis par karin,karin,URD
"2009 mein ""New York"" ki release ke bad un ki adakarana salahiyaton ko bhi taslem kar liya gaya",2009,URD
"2009 mein ""New York"" ki release ke bad un ki adakarana salahiyaton ko bhi taslem kar liya gaya",mein,URD
"2009 mein ""New York"" ki release ke bad un ki adakarana salahiyaton ko bhi taslem kar liya gaya","""New",URD
"2009 mein ""New York"" ki release ke bad un ki adakarana salahiyaton ko bhi taslem kar liya gaya","York""",URD
"2009 mein ""New York"" ki release ke bad un ki adakarana salahiyaton ko bhi taslem kar liya gaya",ki,URD
"2009 mein ""New York"" ki release ke bad un ki adakarana salahiyaton ko bhi taslem kar liya gaya",release,URD
"2009 mein ""New York"" ki release ke bad un ki adakarana salahiyaton ko bhi taslem kar liya gaya",ke,URD
"2009 mein ""New York"" ki release ke bad un ki adakarana salahiyaton ko bhi taslem kar liya gaya",bad,ENG
"2009 mein ""New York"" ki release ke bad un ki adakarana salahiyaton ko bhi taslem kar liya gaya",un,URD
"2009 mein ""New York"" ki release ke bad un ki adakarana salahiyaton ko bhi taslem kar liya gaya",ki,URD
"2009 mein ""New York"" ki release ke bad un ki adakarana salahiyaton ko bhi taslem kar liya gaya",adakarana,URD
"2009 mein ""New York"" ki release ke bad un ki adakarana salahiyaton ko bhi taslem kar liya gaya",salahiyaton,URD
"2009 mein ""New York"" ki release ke bad un ki adakarana salahiyaton ko bhi taslem kar liya gaya",ko,URD
"2009 mein ""New York"" ki release ke bad un ki adakarana salahiyaton ko bhi taslem kar liya gaya",bhi,URD
"2009 mein ""New York"" ki release ke bad un ki adakarana salahiyaton ko bhi taslem kar liya gaya",taslem,URD
"2009 mein ""New York"" ki release ke bad un ki adakarana salahiyaton ko bhi taslem kar liya gaya",kar,URD
"2009 mein ""New York"" ki release ke bad un ki adakarana salahiyaton ko bhi taslem kar liya gaya",liya,URD
"2009 mein ""New York"" ki release ke bad un ki adakarana salahiyaton ko bhi taslem kar liya gaya",gaya,URD
Mobile py daily date wala aur wazaaef waly bhi nahi mil rahy...plz kuch hal karen masley ka,Mobile,MIX
Mobile py daily date wala aur wazaaef waly bhi nahi mil rahy...plz kuch hal karen masley ka,py,URD
Mobile py daily date wala aur wazaaef waly bhi nahi mil rahy...plz kuch hal karen masley ka,daily,URD
Mobile py daily date wala aur wazaaef waly bhi nahi mil rahy...plz kuch hal karen masley ka,date,URD
Mobile py daily date wala aur wazaaef waly bhi nahi mil rahy...plz kuch hal karen masley ka,wala,URD
Mobile py daily date wala aur wazaaef waly bhi nahi mil rahy...plz kuch hal karen masley ka,aur,URD
Mobile py daily date wala aur wazaaef waly bhi nahi mil rahy...plz kuch hal karen masley ka,wazaaef,URD
Mobile py daily date wala aur wazaaef waly bhi nahi mil rahy...plz kuch hal karen masley ka,waly,URD
Mobile py daily date wala aur wazaaef waly bhi nahi mil rahy...plz kuch hal karen masley ka,bhi,URD
Mobile py daily date wala aur wazaaef waly bhi nahi mil rahy...plz kuch hal karen masley ka,nahi,URD
Mobile py daily date wala aur wazaaef waly bhi nahi mil rahy...plz kuch hal karen masley ka,mil,URD
Mobile py daily date wala aur wazaaef waly bhi nahi mil rahy...plz kuch hal karen masley ka,rahy...plz,URD
Mobile py daily date wala aur wazaaef waly bhi nahi mil rahy...plz kuch hal karen masley ka,kuch,URD
Mobile py daily date wala aur wazaaef waly bhi nahi mil rahy...plz kuch hal karen masley ka,hal,URD
Mobile py daily date wala aur wazaaef waly bhi nahi mil rahy...plz kuch hal karen masley ka,karen,URD
Mobile py daily date wala aur wazaaef waly bhi nahi mil rahy...plz kuch hal karen masley ka,masley,URD
Mobile py daily date wala aur wazaaef waly bhi nahi mil rahy...plz kuch hal karen masley ka,ka,URD
Musalmanan e Sindh ke wahid wakeel ki hesiyat se jodational tribunal ke samne is muqaddamey ki perwi ki adriya muqaddama jeeta,Musalmanan,URD
Musalmanan e Sindh ke wahid wakeel ki hesiyat se jodational tribunal ke samne is muqaddamey ki perwi ki adriya muqaddama jeeta,e,URD
Musalmanan e Sindh ke wahid wakeel ki hesiyat se jodational tribunal ke samne is muqaddamey ki perwi ki adriya muqaddama jeeta,Sindh,URD
Musalmanan e Sindh ke wahid wakeel ki hesiyat se jodational tribunal ke samne is muqaddamey ki perwi ki adriya muqaddama jeeta,ke,URD
Musalmanan e Sindh ke wahid wakeel ki hesiyat se jodational tribunal ke samne is muqaddamey ki perwi ki adriya muqaddama jeeta,wahid,URD
Musalmanan e Sindh ke wahid wakeel ki hesiyat se jodational tribunal ke samne is muqaddamey ki perwi ki adriya muqaddama jeeta,wakeel,URD
Musalmanan e Sindh ke wahid wakeel ki hesiyat se jodational tribunal ke samne is muqaddamey ki perwi ki adriya muqaddama jeeta,ki,URD
Musalmanan e Sindh ke wahid wakeel ki hesiyat se jodational tribunal ke samne is muqaddamey ki perwi ki adriya muqaddama jeeta,hesiyat,URD
Musalmanan e Sindh ke wahid wakeel ki hesiyat se jodational tribunal ke samne is muqaddamey ki perwi ki adriya muqaddama jeeta,se,URD
Musalmanan e Sindh ke wahid wakeel ki hesiyat se jodational tribunal ke samne is muqaddamey ki perwi ki adriya muqaddama jeeta,jodational,URD
Musalmanan e Sindh ke wahid wakeel ki hesiyat se jodational tribunal ke samne is muqaddamey ki perwi ki adriya muqaddama jeeta,tribunal,URD
Musalmanan e Sindh ke wahid wakeel ki hesiyat se jodational tribunal ke samne is muqaddamey ki perwi ki adriya muqaddama jeeta,ke,URD
Musalmanan e Sindh ke wahid wakeel ki hesiyat se jodational tribunal ke samne is muqaddamey ki perwi ki adriya muqaddama jeeta,samne,URD
Musalmanan e Sindh ke wahid wakeel ki hesiyat se jodational tribunal ke samne is muqaddamey ki perwi ki adriya muqaddama jeeta,is,ENG
Musalmanan e Sindh ke wahid wakeel ki hesiyat se jodational tribunal ke samne is muqaddamey ki perwi ki adriya muqaddama jeeta,muqaddamey,URD
Musalmanan e Sindh ke wahid wakeel ki hesiyat se jodational tribunal ke samne is muqaddamey ki perwi ki adriya muqaddama jeeta,ki,URD
Musalmanan e Sindh ke wahid wakeel ki hesiyat se jodational tribunal ke samne is muqaddamey ki perwi ki adriya muqaddama jeeta,perwi,URD
Musalmanan e Sindh ke wahid wakeel ki hesiyat se jodational tribunal ke samne is muqaddamey ki perwi ki adriya muqaddama jeeta,ki,URD
Musalmanan e Sindh ke wahid wakeel ki hesiyat se jodational tribunal ke samne is muqaddamey ki perwi ki adriya muqaddama jeeta,adriya,URD
Musalmanan e Sindh ke wahid wakeel ki hesiyat se jodational tribunal ke samne is muqaddamey ki perwi ki adriya muqaddama jeeta,muqaddama,URD
Musalmanan e Sindh ke wahid wakeel ki hesiyat se jodational tribunal ke samne is muqaddamey ki perwi ki adriya muqaddama jeeta,jeeta,URD
Srilanka Ne Pakistan Ko Doosray Test Match Me 7 Wickets Se Shikast De Ker Series 1 1 Se Barabar Ker Di,Srilanka,URD
Srilanka Ne Pakistan Ko Doosray Test Match Me 7 Wickets Se Shikast De Ker Series 1 1 Se Barabar Ker Di,Ne,URD
Srilanka Ne Pakistan Ko Doosray Test Match Me 7 Wickets Se Shikast De Ker Series 1 1 Se Barabar Ker Di,Pakistan,URD
Srilanka Ne Pakistan Ko Doosray Test Match Me 7 Wickets Se Shikast De Ker Series 1 1 Se Barabar Ker Di,Ko,URD
Srilanka Ne Pakistan Ko Doosray Test Match Me 7 Wickets Se Shikast De Ker Series 1 1 Se Barabar Ker Di,Doosray,URD
Srilanka Ne Pakistan Ko Doosray Test Match Me 7 Wickets Se Shikast De Ker Series 1 1 Se Barabar Ker Di,Test,MIX
Srilanka Ne Pakistan Ko Doosray Test Match Me 7 Wickets Se Shikast De Ker Series 1 1 Se Barabar Ker Di,Match,ENG
Srilanka Ne Pakistan Ko Doosray Test Match Me 7 Wickets Se Shikast De Ker Series 1 1 Se Barabar Ker Di,Me,URD
Srilanka Ne Pakistan Ko Doosray Test Match Me 7 Wickets Se Shikast De Ker Series 1 1 Se Barabar Ker Di,7,URD
Srilanka Ne Pakistan Ko Doosray Test Match Me 7 Wickets Se Shikast De Ker Series 1 1 Se Barabar Ker Di,Wickets,URD
Srilanka Ne Pakistan Ko Doosray Test Match Me 7 Wickets Se Shikast De Ker Series 1 1 Se Barabar Ker Di,Se,URD
Srilanka Ne Pakistan Ko Doosray Test Match Me 7 Wickets Se Shikast De Ker Series 1 1 Se Barabar Ker Di,Shikast,URD
Srilanka Ne Pakistan Ko Doosray Test Match Me 7 Wickets Se Shikast De Ker Series 1 1 Se Barabar Ker Di,De,URD
Srilanka Ne Pakistan Ko Doosray Test Match Me 7 Wickets Se Shikast De Ker Series 1 1 Se Barabar Ker Di,Ker,URD
Srilanka Ne Pakistan Ko Doosray Test Match Me 7 Wickets Se Shikast De Ker Series 1 1 Se Barabar Ker Di,Series,URD
Srilanka Ne Pakistan Ko Doosray Test Match Me 7 Wickets Se Shikast De Ker Series 1 1 Se Barabar Ker Di,1,URD
Srilanka Ne Pakistan Ko Doosray Test Match Me 7 Wickets Se Shikast De Ker Series 1 1 Se Barabar Ker Di,1,URD
Srilanka Ne Pakistan Ko Doosray Test Match Me 7 Wickets Se Shikast De Ker Series 1 1 Se Barabar Ker Di,Se,URD
Srilanka Ne Pakistan Ko Doosray Test Match Me 7 Wickets Se Shikast De Ker Series 1 1 Se Barabar Ker Di,Barabar,URD
Srilanka Ne Pakistan Ko Doosray Test Match Me 7 Wickets Se Shikast De Ker Series 1 1 Se Barabar Ker Di,Ker,URD
Srilanka Ne Pakistan Ko Doosray Test Match Me 7 Wickets Se Shikast De Ker Series 1 1 Se Barabar Ker Di,Di,URD
"Actor, singer, producer, screen writer aur director Jerry Lewis 16th March 1926 ko America ke City New York mein paida hue","Actor,",ENG
"Actor, singer, producer, screen writer aur director Jerry Lewis 16th March 1926 ko America ke City New York mein paida hue","singer,",URD
"Actor, singer, producer, screen writer aur director Jerry Lewis 16th March 1926 ko America ke City New York mein paida hue","producer,",URD
"Actor, singer, producer, screen writer aur director Jerry Lewis 16th March 1926 ko America ke City New York mein paida hue",screen,MIX
"Actor, singer, producer, screen writer aur director Jerry Lewis 16th March 1926 ko America ke City New York mein paida hue",writer,URD
"Actor, singer, producer, screen writer aur director Jerry Lewis 16th March 1926 ko America ke City New York mein paida hue",aur,URD
"Actor, singer, producer, screen writer aur director Jerry Lewis 16th March 1926 ko America ke City New York mein paida hue",director,URD
"Actor, singer, producer, screen writer aur director Jerry Lewis 16th March 1926 ko America ke City New York mein paida hue",Jerry,URD
"Actor, singer, producer, screen writer aur director Jerry Lewis 16th March 1926 ko America ke City New York mein paida hue",Lewis,URD
"Actor, singer, producer, screen writer aur director Jerry Lewis 16th March 1926 ko America ke City New York mein paida hue",16th,URD
"Actor, singer, producer, screen writer aur director Jerry Lewis 16th March 1926 ko America ke City New York mein paida hue",March,URD
"Actor, singer, producer, screen writer aur director Jerry Lewis 16th March 1926 ko America ke City New York mein paida hue",1926,URD
"Actor, singer, producer, screen writer aur director Jerry Lewis 16th March 1926 ko America ke City New York mein paida hue",ko,URD
"Actor, singer, producer, screen writer aur director Jerry Lewis 16th March 1926 ko America ke City New York mein paida hue",America,URD
"Actor, singer, producer, screen writer aur director Jerry Lewis 16th March 1926 ko America ke City New York mein paida hue",ke,URD
"Actor, singer, producer, screen writer aur director Jerry Lewis 16th March 1926 ko America ke City New York mein paida hue",City,URD
"Actor, singer, producer, screen writer aur director Jerry Lewis 16th March 1926 ko America ke City New York mein paida hue",New,URD
"Actor, singer, producer, screen writer aur director Jerry Lewis 16th March 1926 ko America ke City New York mein paida hue",York,URD
"Actor, singer, producer, screen writer aur director Jerry Lewis 16th March 1926 ko America ke City New York mein paida hue",mein,URD
"Actor, singer, producer, screen writer aur director Jerry Lewis 16th March 1926 ko America ke City New York mein paida hue",paida,URD
"Actor, singer, producer, screen writer aur director Jerry Lewis 16th March 1926 ko America ke City New York mein paida hue",hue,URD
Jamat e islami mein shamil hue to is ke fikri halqey ka mumtaz sitara ban gae,Jamat,URD
Jamat e islami mein shamil hue to is ke fikri halqey ka mumtaz sitara ban gae,e,URD
Jamat e islami mein shamil hue to is ke fikri halqey ka mumtaz sitara ban gae,islami,URD
Jamat e islami mein shamil hue to is ke fikri halqey ka mumtaz sitara ban gae,mein,URD
Jamat e islami mein shamil hue to is ke fikri halqey ka mumtaz sitara ban gae,shamil,URD
Jamat e islami mein shamil hue to is ke fikri halqey ka mumtaz sitara ban gae,hue,URD
Jamat e islami mein shamil hue to is ke fikri halqey ka mumtaz sitara ban gae,to,URD
Jamat e islami mein shamil hue to is ke fikri halqey ka mumtaz sitara ban gae,is,ENG
Jamat e islami mein shamil hue to is ke fikri halqey ka mumtaz sitara ban gae,ke,URD
Jamat e islami mein shamil hue to is ke fikri halqey ka mumtaz sitara ban gae,fikri,URD
Jamat e islami mein shamil hue to is ke fikri halqey ka mumtaz sitara ban gae,halqey,URD
Jamat e islami mein shamil hue to is ke fikri halqey ka mumtaz sitara ban gae,ka,URD
Jamat e islami mein shamil hue to is ke fikri halqey ka mumtaz sitara ban gae,mumtaz,URD
Jamat e islami mein shamil hue to is ke fikri halqey ka mumtaz sitara ban gae,sitara,URD
Jamat e islami mein shamil hue to is ke fikri halqey ka mumtaz sitara ban gae,ban,URD
Jamat e islami mein shamil hue to is ke fikri halqey ka mumtaz sitara ban gae,gae,URD
jahan squash ke almi number aik aur do khilariyon se muqable ache aur kante ke howae the,jahan,URD
jahan squash ke almi number aik aur do khilariyon se muqable ache aur kante ke howae the,squash,URD
jahan squash ke almi number aik aur do khilariyon se muqable ache aur kante ke howae the,ke,URD
jahan squash ke almi number aik aur do khilariyon se muqable ache aur kante ke howae the,almi,URD
jahan squash ke almi number aik aur do khilariyon se muqable ache aur kante ke howae the,number,MIX
jahan squash ke almi number aik aur do khilariyon se muqable ache aur kante ke howae the,aik,URD
jahan squash ke almi number aik aur do khilariyon se muqable ache aur kante ke howae the,aur,URD
jahan squash ke almi number aik aur do khilariyon se muqable ache aur kante ke howae the,do,URD
jahan squash ke almi number aik aur do khilariyon se muqable ache aur kante ke howae the,khilariyon,URD
jahan squash ke almi number aik aur do khilariyon se muqable ache aur kante ke howae the,se,URD
jahan squash ke almi number aik aur do khilariyon se muqable ache aur kante ke howae the,muqable,URD
jahan squash ke almi number aik aur do khilariyon se muqable ache aur kante ke howae the,ache,URD
jahan squash ke almi number aik aur do khilariyon se muqable ache aur kante ke howae the,aur,URD
jahan squash ke almi number aik aur do khilariyon se muqable ache aur kante ke howae the,kante,URD
jahan squash ke almi number aik aur do khilariyon se muqable ache aur kante ke howae the,ke,URD
jahan squash ke almi number aik aur do khilariyon se muqable ache aur kante ke howae the,howae,URD
jahan squash ke almi number aik aur do khilariyon se muqable ache aur kante ke howae the,the,ENG
Tahum is andazah lagai gai raqam mein 435 Million Dollor ka ezafah howa jis par zabardast awami rad e amal bhi samne aaya,Tahum,URD
Tahum is andazah lagai gai raqam mein 435 Million Dollor ka ezafah howa jis par zabardast awami rad e amal bhi samne aaya,is,ENG
Tahum is andazah lagai gai raqam mein 435 Million Dollor ka ezafah howa jis par zabardast awami rad e amal bhi samne aaya,andazah,URD
Tahum is andazah lagai gai raqam mein 435 Million Dollor ka ezafah howa jis par zabardast awami rad e amal bhi samne aaya,lagai,URD
Tahum is andazah lagai gai raqam mein 435 Million Dollor ka ezafah howa jis par zabardast awami rad e amal bhi samne aaya,gai,URD
Tahum is andazah lagai gai raqam mein 435 Million Dollor ka ezafah howa jis par zabardast awami rad e amal bhi samne aaya,raqam,URD
Tahum is andazah lagai gai raqam mein 435 Million Dollor ka ezafah howa jis par zabardast awami rad e amal bhi samne aaya,mein,URD
Tahum is andazah lagai gai raqam mein 435 Million Dollor ka ezafah howa jis par zabardast awami rad e amal bhi samne aaya,435,URD
Tahum is andazah lagai gai raqam mein 435 Million Dollor ka ezafah howa jis par zabardast awami rad e amal bhi samne aaya,Million,URD
Tahum is andazah lagai gai raqam mein 435 Million Dollor ka ezafah howa jis par zabardast awami rad e amal bhi samne aaya,Dollor,URD
Tahum is andazah lagai gai raqam mein 435 Million Dollor ka ezafah howa jis par zabardast awami rad e amal bhi samne aaya,ka,URD
Tahum is andazah lagai gai raqam mein 435 Million Dollor ka ezafah howa jis par zabardast awami rad e amal bhi samne aaya,ezafah,URD
Tahum is andazah lagai gai raqam mein 435 Million Dollor ka ezafah howa jis par zabardast awami rad e amal bhi samne aaya,howa,URD
Tahum is andazah lagai gai raqam mein 435 Million Dollor ka ezafah howa jis par zabardast awami rad e amal bhi samne aaya,jis,URD
Tahum is andazah lagai gai raqam mein 435 Million Dollor ka ezafah howa jis par zabardast awami rad e amal bhi samne aaya,par,URD
Tahum is andazah lagai gai raqam mein 435 Million Dollor ka ezafah howa jis par zabardast awami rad e amal bhi samne aaya,zabardast,URD
Tahum is andazah lagai gai raqam mein 435 Million Dollor ka ezafah howa jis par zabardast awami rad e amal bhi samne aaya,awami,URD
Tahum is andazah lagai gai raqam mein 435 Million Dollor ka ezafah howa jis par zabardast awami rad e amal bhi samne aaya,rad,URD
Tahum is andazah lagai gai raqam mein 435 Million Dollor ka ezafah howa jis par zabardast awami rad e amal bhi samne aaya,e,URD
Tahum is andazah lagai gai raqam mein 435 Million Dollor ka ezafah howa jis par zabardast awami rad e amal bhi samne aaya,amal,URD
Tahum is andazah lagai gai raqam mein 435 Million Dollor ka ezafah howa jis par zabardast awami rad e amal bhi samne aaya,bhi,URD
Tahum is andazah lagai gai raqam mein 435 Million Dollor ka ezafah howa jis par zabardast awami rad e amal bhi samne aaya,samne,URD
Tahum is andazah lagai gai raqam mein 435 Million Dollor ka ezafah howa jis par zabardast awami rad e amal bhi samne aaya,aaya,URD
"overall phone is good laikan in market bsck cover aor glass nhi mil raha , ye saath bhejhna chahiye tha",overall,URD
"overall phone is good laikan in market bsck cover aor glass nhi mil raha , ye saath bhejhna chahiye tha",phone,MIX
"overall phone is good laikan in market bsck cover aor glass nhi mil raha , ye saath bhejhna chahiye tha",is,ENG
"overall phone is good laikan in market bsck cover aor glass nhi mil raha , ye saath bhejhna chahiye tha",good,ENG
"overall phone is good laikan in market bsck cover aor glass nhi mil raha , ye saath bhejhna chahiye tha",laikan,URD
"overall phone is good laikan in market bsck cover aor glass nhi mil raha , ye saath bhejhna chahiye tha",in,URD
"overall phone is good laikan in market bsck cover aor glass nhi mil raha , ye saath bhejhna chahiye tha",market,URD
"overall phone is good laikan in market bsck cover aor glass nhi mil raha , ye saath bhejhna chahiye tha",bsck,URD
"overall phone is good laikan in market bsck cover aor glass nhi mil raha , ye saath bhejhna chahiye tha",cover,URD
"overall phone is good laikan in market bsck cover aor glass nhi mil raha , ye saath bhejhna chahiye tha",aor,URD
"overall phone is good laikan in market bsck cover aor glass nhi mil raha , ye saath bhejhna chahiye tha",glass,URD
"overall phone is good laikan in market bsck cover aor glass nhi mil raha , ye saath bhejhna chahiye tha",nhi,URD
"overall phone is good laikan in market bsck cover aor glass nhi mil raha , ye saath bhejhna chahiye tha",mil,URD
"overall phone is good laikan in market bsck cover aor glass nhi mil raha , ye saath bhejhna chahiye tha",raha,URD
"overall phone is good laikan in market bsck cover aor glass nhi mil raha , ye saath bhejhna chahiye tha",",",URD
"overall phone is good laikan in market bsck cover aor glass nhi mil raha , ye saath bhejhna chahiye tha",ye,URD
"overall phone is good laikan in market bsck cover aor glass nhi mil raha , ye saath bhejhna chahiye tha",saath,URD
"overall phone is good laikan in market bsck cover aor glass nhi mil raha , ye saath bhejhna chahiye tha",bhejhna,URD
"overall phone is good laikan in market bsck cover aor glass nhi mil raha , ye saath bhejhna chahiye tha",chahiye,URD
"overall phone is good laikan in market bsck cover aor glass nhi mil raha , ye saath bhejhna chahiye tha",tha,URD
Wazir e Azam house ke ehelkar un ki talash mein the,Wazir,URD
Wazir e Azam house ke ehelkar un ki talash mein the,e,URD
Wazir e Azam house ke ehelkar un ki talash mein the,Azam,URD
Wazir e Azam house ke ehelkar un ki talash mein the,house,URD
Wazir e Azam house ke ehelkar un ki talash mein the,ke,URD
Wazir e Azam house ke ehelkar un ki talash mein the,ehelkar,URD
Wazir e Azam house ke ehelkar un ki talash mein the,un,URD
Wazir e Azam house ke ehelkar un ki talash mein the,ki,URD
Wazir e Azam house ke ehelkar un ki talash mein the,talash,URD
Wazir e Azam house ke ehelkar un ki talash mein the,mein,URD
Wazir e Azam house ke ehelkar un ki talash mein the,the,ENG
tum to bohat badi fan lag rahi ho tair e lahooti ki,tum,URD
tum to bohat badi fan lag rahi ho tair e lahooti ki,to,URD
tum to bohat badi fan lag rahi ho tair e lahooti ki,bohat,URD
tum to bohat badi fan lag rahi ho tair e lahooti ki,badi,URD
tum to bohat badi fan lag rahi ho tair e lahooti ki,fan,MIX
tum to bohat badi fan lag rahi ho tair e lahooti ki,lag,URD
tum to bohat badi fan lag rahi ho tair e lahooti ki,rahi,URD
tum to bohat badi fan lag rahi ho tair e lahooti ki,ho,URD
tum to bohat badi fan lag rahi ho tair e lahooti ki,tair,URD
tum to bohat badi fan lag rahi ho tair e lahooti ki,e,URD
tum to bohat badi fan lag rahi ho tair e lahooti ki,lahooti,URD
tum to bohat badi fan lag rahi ho tair e lahooti ki,ki,URD
Is conference ki sadarat Quaid e Azam Mohammed Ali Jinnah ne ki,Is,ENG
Is conference ki sadarat Quaid e Azam Mohammed Ali Jinnah ne ki,conference,URD
Is conference ki sadarat Quaid e Azam Mohammed Ali Jinnah ne ki,ki,URD
Is conference ki sadarat Quaid e Azam Mohammed Ali Jinnah ne ki,sadarat,URD
Is conference ki sadarat Quaid e Azam Mohammed Ali Jinnah ne ki,Quaid,URD
Is conference ki sadarat Quaid e Azam Mohammed Ali Jinnah ne ki,e,URD
Is conference ki sadarat Quaid e Azam Mohammed Ali Jinnah ne ki,Azam,URD
Is conference ki sadarat Quaid e Azam Mohammed Ali Jinnah ne ki,Mohammed,URD
Is conference ki sadarat Quaid e Azam Mohammed Ali Jinnah ne ki,Ali,URD
Is conference ki sadarat Quaid e Azam Mohammed Ali Jinnah ne ki,Jinnah,URD
Is conference ki sadarat Quaid e Azam Mohammed Ali Jinnah ne ki,ne,URD
Is conference ki sadarat Quaid e Azam Mohammed Ali Jinnah ne ki,ki,URD
Net mein jab unhon ne Pakistani team ko bowlimg karai to Kardar mutasir howe,Net,MIX
Net mein jab unhon ne Pakistani team ko bowlimg karai to Kardar mutasir howe,mein,URD
Net mein jab unhon ne Pakistani team ko bowlimg karai to Kardar mutasir howe,jab,URD
Net mein jab unhon ne Pakistani team ko bowlimg karai to Kardar mutasir howe,unhon,URD
Net mein jab unhon ne Pakistani team ko bowlimg karai to Kardar mutasir howe,ne,URD
Net mein jab unhon ne Pakistani team ko bowlimg karai to Kardar mutasir howe,Pakistani,URD
Net mein jab unhon ne Pakistani team ko bowlimg karai to Kardar mutasir howe,team,ENG
Net mein jab unhon ne Pakistani team ko bowlimg karai to Kardar mutasir howe,ko,URD
Net mein jab unhon ne Pakistani team ko bowlimg karai to Kardar mutasir howe,bowlimg,URD
Net mein jab unhon ne Pakistani team ko bowlimg karai to Kardar mutasir howe,karai,URD
Net mein jab unhon ne Pakistani team ko bowlimg karai to Kardar mutasir howe,to,URD
Net mein jab unhon ne Pakistani team ko bowlimg karai to Kardar mutasir howe,Kardar,URD
Net mein jab unhon ne Pakistani team ko bowlimg karai to Kardar mutasir howe,mutasir,URD
Net mein jab unhon ne Pakistani team ko bowlimg karai to Kardar mutasir howe,howe,URD
Delhi ke senate Columba School mein taleem ke dauran wo aik laiq aur mumtaz talib e ilm the,Delhi,URD
Delhi ke senate Columba School mein taleem ke dauran wo aik laiq aur mumtaz talib e ilm the,ke,URD
Delhi ke senate Columba School mein taleem ke dauran wo aik laiq aur mumtaz talib e ilm the,senate,URD
Delhi ke senate Columba School mein taleem ke dauran wo aik laiq aur mumtaz talib e ilm the,Columba,URD
Delhi ke senate Columba School mein taleem ke dauran wo aik laiq aur mumtaz talib e ilm the,School,URD
Delhi ke senate Columba School mein taleem ke dauran wo aik laiq aur mumtaz talib e ilm the,mein,URD
Delhi ke senate Columba School mein taleem ke dauran wo aik laiq aur mumtaz talib e ilm the,taleem,URD
Delhi ke senate Columba School mein taleem ke dauran wo aik laiq aur mumtaz talib e ilm the,ke,URD
Delhi ke senate Columba School mein taleem ke dauran wo aik laiq aur mumtaz talib e ilm the,dauran,URD
Delhi ke senate Columba School mein taleem ke dauran wo aik laiq aur mumtaz talib e ilm the,wo,URD
Delhi ke senate Columba School mein taleem ke dauran wo aik laiq aur mumtaz talib e ilm the,aik,URD
Delhi ke senate Columba School mein taleem ke dauran wo aik laiq aur mumtaz talib e ilm the,laiq,URD
Delhi ke senate Columba School mein taleem ke dauran wo aik laiq aur mumtaz talib e ilm the,aur,URD
Delhi ke senate Columba School mein taleem ke dauran wo aik laiq aur mumtaz talib e ilm the,mumtaz,URD
Delhi ke senate Columba School mein taleem ke dauran wo aik laiq aur mumtaz talib e ilm the,talib,URD
Delhi ke senate Columba School mein taleem ke dauran wo aik laiq aur mumtaz talib e ilm the,e,URD
Delhi ke senate Columba School mein taleem ke dauran wo aik laiq aur mumtaz talib e ilm the,ilm,URD
Delhi ke senate Columba School mein taleem ke dauran wo aik laiq aur mumtaz talib e ilm the,the,ENG
Papers ka liya Dua kar day kuch din ka bad board ka result ha.Plz Dua for my result and my family....,Papers,URD
Papers ka liya Dua kar day kuch din ka bad board ka result ha.Plz Dua for my result and my family....,ka,URD
Papers ka liya Dua kar day kuch din ka bad board ka result ha.Plz Dua for my result and my family....,liya,URD
Papers ka liya Dua kar day kuch din ka bad board ka result ha.Plz Dua for my result and my family....,Dua,URD
Papers ka liya Dua kar day kuch din ka bad board ka result ha.Plz Dua for my result and my family....,kar,URD
Papers ka liya Dua kar day kuch din ka bad board ka result ha.Plz Dua for my result and my family....,day,URD
Papers ka liya Dua kar day kuch din ka bad board ka result ha.Plz Dua for my result and my family....,kuch,URD
Papers ka liya Dua kar day kuch din ka bad board ka result ha.Plz Dua for my result and my family....,din,URD
Papers ka liya Dua kar day kuch din ka bad board ka result ha.Plz Dua for my result and my family....,ka,URD
Papers ka liya Dua kar day kuch din ka bad board ka result ha.Plz Dua for my result and my family....,bad,ENG
Papers ka liya Dua kar day kuch din ka bad board ka result ha.Plz Dua for my result and my family....,board,URD
Papers ka liya Dua kar day kuch din ka bad board ka result ha.Plz Dua for my result and my family....,ka,URD
Papers ka liya Dua kar day kuch din ka bad board ka result ha.Plz Dua for my result and my family....,result,MIX
Papers ka liya Dua kar day kuch din ka bad board ka result ha.Plz Dua for my result and my family....,ha.Plz,URD
Papers ka liya Dua kar day kuch din ka bad board ka result ha.Plz Dua for my result and my family....,Dua,URD
Papers ka liya Dua kar day kuch din ka bad board ka result ha.Plz Dua for my result and my family....,for,URD
Papers ka liya Dua kar day kuch din ka bad board ka result ha.Plz Dua for my result and my family....,my,URD
Papers ka liya Dua kar day kuch din ka bad board ka result ha.Plz Dua for my result and my family....,result,MIX
Papers ka liya Dua kar day kuch din ka bad board ka result ha.Plz Dua for my result and my family....,and,ENG
Papers ka liya Dua kar day kuch din ka bad board ka result ha.Plz Dua for my result and my family....,my,URD
Papers ka liya Dua kar day kuch din ka bad board ka result ha.Plz Dua for my result and my family....,family....,URD
Rang baz team me rakhy hue Hy match Jeet Jaye bari baat Hy trophy to buhat door hy,Rang,URD
Rang baz team me rakhy hue Hy match Jeet Jaye bari baat Hy trophy to buhat door hy,baz,URD
Rang baz team me rakhy hue Hy match Jeet Jaye bari baat Hy trophy to buhat door hy,team,ENG
Rang baz team me rakhy hue Hy match Jeet Jaye bari baat Hy trophy to buhat door hy,me,URD
Rang baz team me rakhy hue Hy match Jeet Jaye bari baat Hy trophy to buhat door hy,rakhy,URD
Rang baz team me rakhy hue Hy match Jeet Jaye bari baat Hy trophy to buhat door hy,hue,URD
Rang baz team me rakhy hue Hy match Jeet Jaye bari baat Hy trophy to buhat door hy,Hy,URD
Rang baz team me rakhy hue Hy match Jeet Jaye bari baat Hy trophy to buhat door hy,match,ENG
Rang baz team me rakhy hue Hy match Jeet Jaye bari baat Hy trophy to buhat door hy,Jeet,URD
Rang baz team me rakhy hue Hy match Jeet Jaye bari baat Hy trophy to buhat door hy,Jaye,URD
Rang baz team me rakhy hue Hy match Jeet Jaye bari baat Hy trophy to buhat door hy,bari,URD
Rang baz team me rakhy hue Hy match Jeet Jaye bari baat Hy trophy to buhat door hy,baat,URD
Rang baz team me rakhy hue Hy match Jeet Jaye bari baat Hy trophy to buhat door hy,Hy,URD
Rang baz team me rakhy hue Hy match Jeet Jaye bari baat Hy trophy to buhat door hy,trophy,URD
Rang baz team me rakhy hue Hy match Jeet Jaye bari baat Hy trophy to buhat door hy,to,URD
Rang baz team me rakhy hue Hy match Jeet Jaye bari baat Hy trophy to buhat door hy,buhat,URD
Rang baz team me rakhy hue Hy match Jeet Jaye bari baat Hy trophy to buhat door hy,door,URD
Rang baz team me rakhy hue Hy match Jeet Jaye bari baat Hy trophy to buhat door hy,hy,URD
eid mubarik hakeem sahab or ubqari team jazak allah apne ramzan me hame bht sy anmol moti die,eid,URD
eid mubarik hakeem sahab or ubqari team jazak allah apne ramzan me hame bht sy anmol moti die,mubarik,URD
eid mubarik hakeem sahab or ubqari team jazak allah apne ramzan me hame bht sy anmol moti die,hakeem,URD
eid mubarik hakeem sahab or ubqari team jazak allah apne ramzan me hame bht sy anmol moti die,sahab,URD
eid mubarik hakeem sahab or ubqari team jazak allah apne ramzan me hame bht sy anmol moti die,or,URD
eid mubarik hakeem sahab or ubqari team jazak allah apne ramzan me hame bht sy anmol moti die,ubqari,URD
eid mubarik hakeem sahab or ubqari team jazak allah apne ramzan me hame bht sy anmol moti die,team,ENG
eid mubarik hakeem sahab or ubqari team jazak allah apne ramzan me hame bht sy anmol moti die,jazak,URD
eid mubarik hakeem sahab or ubqari team jazak allah apne ramzan me hame bht sy anmol moti die,allah,URD
eid mubarik hakeem sahab or ubqari team jazak allah apne ramzan me hame bht sy anmol moti die,apne,URD
eid mubarik hakeem sahab or ubqari team jazak allah apne ramzan me hame bht sy anmol moti die,ramzan,URD
eid mubarik hakeem sahab or ubqari team jazak allah apne ramzan me hame bht sy anmol moti die,me,URD
eid mubarik hakeem sahab or ubqari team jazak allah apne ramzan me hame bht sy anmol moti die,hame,URD
eid mubarik hakeem sahab or ubqari team jazak allah apne ramzan me hame bht sy anmol moti die,bht,URD
eid mubarik hakeem sahab or ubqari team jazak allah apne ramzan me hame bht sy anmol moti die,sy,URD
eid mubarik hakeem sahab or ubqari team jazak allah apne ramzan me hame bht sy anmol moti die,anmol,URD
eid mubarik hakeem sahab or ubqari team jazak allah apne ramzan me hame bht sy anmol moti die,moti,URD
eid mubarik hakeem sahab or ubqari team jazak allah apne ramzan me hame bht sy anmol moti die,die,URD
"so much for your hassi to phassi.

(The text says ""hassti hun, par phassti nahi"")",so,ENG
"so much for your hassi to phassi.

(The text says ""hassti hun, par phassti nahi"")",much,URD
"so much for your hassi to phassi.

(The text says ""hassti hun, par phassti nahi"")",for,URD
"so much for your hassi to phassi.

(The text says ""hassti hun, par phassti nahi"")",your,URD
"so much for your hassi to phassi.

(The text says ""hassti hun, par phassti nahi"")",hassi,URD
"so much for your hassi to phassi.

(The text says ""hassti hun, par phassti nahi"")",to,URD
"so much for your hassi to phassi.

(The text says ""hassti hun, par phassti nahi"")",phassi.,URD
"so much for your hassi to phassi.

(The text says ""hassti hun, par phassti nahi"")",(The,ENG
"so much for your hassi to phassi.

(The text says ""hassti hun, par phassti nahi"")",text,MIX
"so much for your hassi to phassi.

(The text says ""hassti hun, par phassti nahi"")",says,URD
"so much for your hassi to phassi.

(The text says ""hassti hun, par phassti nahi"")","""hassti",URD
"so much for your hassi to phassi.

(The text says ""hassti hun, par phassti nahi"")","hun,",URD
"so much for your hassi to phassi.

(The text says ""hassti hun, par phassti nahi"")",par,URD
"so much for your hassi to phassi.

(The text says ""hassti hun, par phassti nahi"")",phassti,URD
"so much for your hassi to phassi.

(The text says ""hassti hun, par phassti nahi"")","nahi"")",URD
1992 kay world cup ko jitney kay bad app cricket say retirement ho gaye aur samaji kamon mein hissa lena shuro kardiya,1992,URD
1992 kay world cup ko jitney kay bad app cricket say retirement ho gaye aur samaji kamon mein hissa lena shuro kardiya,kay,URD
1992 kay world cup ko jitney kay bad app cricket say retirement ho gaye aur samaji kamon mein hissa lena shuro kardiya,world,ENG
1992 kay world cup ko jitney kay bad app cricket say retirement ho gaye aur samaji kamon mein hissa lena shuro kardiya,cup,URD
1992 kay world cup ko jitney kay bad app cricket say retirement ho gaye aur samaji kamon mein hissa lena shuro kardiya,ko,URD
1992 kay world cup ko jitney kay bad app cricket say retirement ho gaye aur samaji kamon mein hissa lena shuro kardiya,jitney,URD
1992 kay world cup ko jitney kay bad app cricket say retirement ho gaye aur samaji kamon mein hissa lena shuro kardiya,kay,URD
1992 kay world cup ko jitney kay bad app cricket say retirement ho gaye aur samaji kamon mein hissa lena shuro kardiya,bad,ENG
1992 kay world cup ko jitney kay bad app cricket say retirement ho gaye aur samaji kamon mein hissa lena shuro kardiya,app,MIX
1992 kay world cup ko jitney kay bad app cricket say retirement ho gaye aur samaji kamon mein hissa lena shuro kardiya,cricket,URD
1992 kay world cup ko jitney kay bad app cricket say retirement ho gaye aur samaji kamon mein hissa lena shuro kardiya,say,URD
1992 kay world cup ko jitney kay bad app cricket say retirement ho gaye aur samaji kamon mein hissa lena shuro kardiya,retirement,URD
1992 kay world cup ko jitney kay bad app cricket say retirement ho gaye aur samaji kamon mein hissa lena shuro kardiya,ho,URD
1992 kay world cup ko jitney kay bad app cricket say retirement ho gaye aur samaji kamon mein hissa lena shuro kardiya,gaye,URD
1992 kay world cup ko jitney kay bad app cricket say retirement ho gaye aur samaji kamon mein hissa lena shuro kardiya,aur,URD
1992 kay world cup ko jitney kay bad app cricket say retirement ho gaye aur samaji kamon mein hissa lena shuro kardiya,samaji,URD
1992 kay world cup ko jitney kay bad app cricket say retirement ho gaye aur samaji kamon mein hissa lena shuro kardiya,kamon,URD
1992 kay world cup ko jitney kay bad app cricket say retirement ho gaye aur samaji kamon mein hissa lena shuro kardiya,mein,URD
1992 kay world cup ko jitney kay bad app cricket say retirement ho gaye aur samaji kamon mein hissa lena shuro kardiya,hissa,URD
1992 kay world cup ko jitney kay bad app cricket say retirement ho gaye aur samaji kamon mein hissa lena shuro kardiya,lena,URD
1992 kay world cup ko jitney kay bad app cricket say retirement ho gaye aur samaji kamon mein hissa lena shuro kardiya,shuro,URD
1992 kay world cup ko jitney kay bad app cricket say retirement ho gaye aur samaji kamon mein hissa lena shuro kardiya,kardiya,URD
Bhai time pass k liye acha drama hai rozay k bad,Bhai,URD
Bhai time pass k liye acha drama hai rozay k bad,time,MIX
Bhai time pass k liye acha drama hai rozay k bad,pass,URD
Bhai time pass k liye acha drama hai rozay k bad,k,URD
Bhai time pass k liye acha drama hai rozay k bad,liye,URD
Bhai time pass k liye acha drama hai rozay k bad,acha,URD
Bhai time pass k liye acha drama hai rozay k bad,drama,URD
Bhai time pass k liye acha drama hai rozay k bad,hai,URD
Bhai time pass k liye acha drama hai rozay k bad,rozay,URD
Bhai time pass k liye acha drama hai rozay k bad,k,URD
Bhai time pass k liye acha drama hai rozay k bad,bad,ENG
bhai ye check kero. Hmari bhabhi manager kaisa train krwati hai in logon ko 😂,bhai,URD
bhai ye check kero. Hmari bhabhi manager kaisa train krwati hai in logon ko 😂,ye,URD
bhai ye check kero. Hmari bhabhi manager kaisa train krwati hai in logon ko 😂,check,MIX
bhai ye check kero. Hmari bhabhi manager kaisa train krwati hai in logon ko 😂,kero.,URD
bhai ye check kero. Hmari bhabhi manager kaisa train krwati hai in logon ko 😂,Hmari,URD
bhai ye check kero. Hmari bhabhi manager kaisa train krwati hai in logon ko 😂,bhabhi,URD
bhai ye check kero. Hmari bhabhi manager kaisa train krwati hai in logon ko 😂,manager,MIX
bhai ye check kero. Hmari bhabhi manager kaisa train krwati hai in logon ko 😂,kaisa,URD
bhai ye check kero. Hmari bhabhi manager kaisa train krwati hai in logon ko 😂,train,URD
bhai ye check kero. Hmari bhabhi manager kaisa train krwati hai in logon ko 😂,krwati,URD
bhai ye check kero. Hmari bhabhi manager kaisa train krwati hai in logon ko 😂,hai,URD
bhai ye check kero. Hmari bhabhi manager kaisa train krwati hai in logon ko 😂,in,URD
bhai ye check kero. Hmari bhabhi manager kaisa train krwati hai in logon ko 😂,logon,URD
bhai ye check kero. Hmari bhabhi manager kaisa train krwati hai in logon ko 😂,ko,URD
bhai ye check kero. Hmari bhabhi manager kaisa train krwati hai in logon ko 😂,😂,URD
Acting skills zero hain meray phir bhi video tou send karoon ga :D,Acting,URD
Acting skills zero hain meray phir bhi video tou send karoon ga :D,skills,URD
Acting skills zero hain meray phir bhi video tou send karoon ga :D,zero,URD
Acting skills zero hain meray phir bhi video tou send karoon ga :D,hain,URD
Acting skills zero hain meray phir bhi video tou send karoon ga :D,meray,URD
Acting skills zero hain meray phir bhi video tou send karoon ga :D,phir,URD
Acting skills zero hain meray phir bhi video tou send karoon ga :D,bhi,URD
Acting skills zero hain meray phir bhi video tou send karoon ga :D,video,MIX
Acting skills zero hain meray phir bhi video tou send karoon ga :D,tou,URD
Acting skills zero hain meray phir bhi video tou send karoon ga :D,send,URD
Acting skills zero hain meray phir bhi video tou send karoon ga :D,karoon,URD
Acting skills zero hain meray phir bhi video tou send karoon ga :D,ga,URD
Acting skills zero hain meray phir bhi video tou send karoon ga :D,:D,URD
Spray to acha hai but saari bottles half se bhi kam hain,Spray,URD
Spray to acha hai but saari bottles half se bhi kam hain,to,URD
Spray to acha hai but saari bottles half se bhi kam hain,acha,URD
Spray to acha hai but saari bottles half se bhi kam hain,hai,URD
Spray to acha hai but saari bottles half se bhi kam hain,but,ENG
Spray to acha hai but saari bottles half se bhi kam hain,saari,URD
Spray to acha hai but saari bottles half se bhi kam hain,bottles,URD
Spray to acha hai but saari bottles half se bhi kam hain,half,URD
Spray to acha hai but saari bottles half se bhi kam hain,se,URD
Spray to acha hai but saari bottles half se bhi kam hain,bhi,URD
Spray to acha hai but saari bottles half se bhi kam hain,kam,URD
Spray to acha hai but saari bottles half se bhi kam hain,hain,URD
aunty k umer nhi hain warna imran ko saport karti sory aunty ab pakistan jaga hai choro k time end hai,aunty,URD
aunty k umer nhi hain warna imran ko saport karti sory aunty ab pakistan jaga hai choro k time end hai,k,URD
aunty k umer nhi hain warna imran ko saport karti sory aunty ab pakistan jaga hai choro k time end hai,umer,URD
aunty k umer nhi hain warna imran ko saport karti sory aunty ab pakistan jaga hai choro k time end hai,nhi,URD
aunty k umer nhi hain warna imran ko saport karti sory aunty ab pakistan jaga hai choro k time end hai,hain,URD
aunty k umer nhi hain warna imran ko saport karti sory aunty ab pakistan jaga hai choro k time end hai,warna,URD
aunty k umer nhi hain warna imran ko saport karti sory aunty ab pakistan jaga hai choro k time end hai,imran,URD
aunty k umer nhi hain warna imran ko saport karti sory aunty ab pakistan jaga hai choro k time end hai,ko,URD
aunty k umer nhi hain warna imran ko saport karti sory aunty ab pakistan jaga hai choro k time end hai,saport,URD
aunty k umer nhi hain warna imran ko saport karti sory aunty ab pakistan jaga hai choro k time end hai,karti,URD
aunty k umer nhi hain warna imran ko saport karti sory aunty ab pakistan jaga hai choro k time end hai,sory,URD
aunty k umer nhi hain warna imran ko saport karti sory aunty ab pakistan jaga hai choro k time end hai,aunty,URD
aunty k umer nhi hain warna imran ko saport karti sory aunty ab pakistan jaga hai choro k time end hai,ab,URD
aunty k umer nhi hain warna imran ko saport karti sory aunty ab pakistan jaga hai choro k time end hai,pakistan,URD
aunty k umer nhi hain warna imran ko saport karti sory aunty ab pakistan jaga hai choro k time end hai,jaga,URD
aunty k umer nhi hain warna imran ko saport karti sory aunty ab pakistan jaga hai choro k time end hai,hai,URD
aunty k umer nhi hain warna imran ko saport karti sory aunty ab pakistan jaga hai choro k time end hai,choro,URD
aunty k umer nhi hain warna imran ko saport karti sory aunty ab pakistan jaga hai choro k time end hai,k,URD
aunty k umer nhi hain warna imran ko saport karti sory aunty ab pakistan jaga hai choro k time end hai,time,MIX
aunty k umer nhi hain warna imran ko saport karti sory aunty ab pakistan jaga hai choro k time end hai,end,URD
aunty k umer nhi hain warna imran ko saport karti sory aunty ab pakistan jaga hai choro k time end hai,hai,URD
Iss tarah Hashim Khan satween mertaba(7-time) British open jeetne mein kamyab huye jo aik naya record tha,Iss,URD
Iss tarah Hashim Khan satween mertaba(7-time) British open jeetne mein kamyab huye jo aik naya record tha,tarah,URD
Iss tarah Hashim Khan satween mertaba(7-time) British open jeetne mein kamyab huye jo aik naya record tha,Hashim,URD
Iss tarah Hashim Khan satween mertaba(7-time) British open jeetne mein kamyab huye jo aik naya record tha,Khan,URD
Iss tarah Hashim Khan satween mertaba(7-time) British open jeetne mein kamyab huye jo aik naya record tha,satween,URD
Iss tarah Hashim Khan satween mertaba(7-time) British open jeetne mein kamyab huye jo aik naya record tha,mertaba(7-time),URD
Iss tarah Hashim Khan satween mertaba(7-time) British open jeetne mein kamyab huye jo aik naya record tha,British,URD
Iss tarah Hashim Khan satween mertaba(7-time) British open jeetne mein kamyab huye jo aik naya record tha,open,URD
Iss tarah Hashim Khan satween mertaba(7-time) British open jeetne mein kamyab huye jo aik naya record tha,jeetne,URD
Iss tarah Hashim Khan satween mertaba(7-time) British open jeetne mein kamyab huye jo aik naya record tha,mein,URD
Iss tarah Hashim Khan satween mertaba(7-time) British open jeetne mein kamyab huye jo aik naya record tha,kamyab,URD
Iss tarah Hashim Khan satween mertaba(7-time) British open jeetne mein kamyab huye jo aik naya record tha,huye,URD
Iss tarah Hashim Khan satween mertaba(7-time) British open jeetne mein kamyab huye jo aik naya record tha,jo,URD
Iss tarah Hashim Khan satween mertaba(7-time) British open jeetne mein kamyab huye jo aik naya record tha,aik,URD
Iss tarah Hashim Khan satween mertaba(7-time) British open jeetne mein kamyab huye jo aik naya record tha,naya,URD
Iss tarah Hashim Khan satween mertaba(7-time) British open jeetne mein kamyab huye jo aik naya record tha,record,URD
Iss tarah Hashim Khan satween mertaba(7-time) British open jeetne mein kamyab huye jo aik naya record tha,tha,URD
Is video se ap logo ki corruption nhi chup sakti.. Sorry no chance this time,Is,ENG
Is video se ap logo ki corruption nhi chup sakti.. Sorry no chance this time,video,MIX
Is video se ap logo ki corruption nhi chup sakti.. Sorry no chance this time,se,URD
Is video se ap logo ki corruption nhi chup sakti.. Sorry no chance this time,ap,URD
Is video se ap logo ki corruption nhi chup sakti.. Sorry no chance this time,logo,URD
Is video se ap logo ki corruption nhi chup sakti.. Sorry no chance this time,ki,URD
Is video se ap logo ki corruption nhi chup sakti.. Sorry no chance this time,corruption,URD
Is video se ap logo ki corruption nhi chup sakti.. Sorry no chance this time,nhi,URD
Is video se ap logo ki corruption nhi chup sakti.. Sorry no chance this time,chup,URD
Is video se ap logo ki corruption nhi chup sakti.. Sorry no chance this time,sakti..,URD
Is video se ap logo ki corruption nhi chup sakti.. Sorry no chance this time,Sorry,ENG
Is video se ap logo ki corruption nhi chup sakti.. Sorry no chance this time,no,URD
Is video se ap logo ki corruption nhi chup sakti.. Sorry no chance this time,chance,URD
Is video se ap logo ki corruption nhi chup sakti.. Sorry no chance this time,this,URD
Is video se ap logo ki corruption nhi chup sakti.. Sorry no chance this time,time,MIX
Jis ka aik song is qadar maqbool hua tha ke is ke bolon ki bazagisht aaj bhi suni ja sakti hai,Jis,URD
Jis ka aik song is qadar maqbool hua tha ke is ke bolon ki bazagisht aaj bhi suni ja sakti hai,ka,URD
Jis ka aik song is qadar maqbool hua tha ke is ke bolon ki bazagisht aaj bhi suni ja sakti hai,aik,URD
Jis ka aik song is qadar maqbool hua tha ke is ke bolon ki bazagisht aaj bhi suni ja sakti hai,song,ENG
Jis ka aik song is qadar maqbool hua tha ke is ke bolon ki bazagisht aaj bhi suni ja sakti hai,is,ENG
Jis ka aik song is qadar maqbool hua tha ke is ke bolon ki bazagisht aaj bhi suni ja sakti hai,qadar,URD
Jis ka aik song is qadar maqbool hua tha ke is ke bolon ki bazagisht aaj bhi suni ja sakti hai,maqbool,URD
Jis ka aik song is qadar maqbool hua tha ke is ke bolon ki bazagisht aaj bhi suni ja sakti hai,hua,URD
Jis ka aik song is qadar maqbool hua tha ke is ke bolon ki bazagisht aaj bhi suni ja sakti hai,tha,URD
Jis ka aik song is qadar maqbool hua tha ke is ke bolon ki bazagisht aaj bhi suni ja sakti hai,ke,URD
Jis ka aik song is qadar maqbool hua tha ke is ke bolon ki bazagisht aaj bhi suni ja sakti hai,is,ENG
Jis ka aik song is qadar maqbool hua tha ke is ke bolon ki bazagisht aaj bhi suni ja sakti hai,ke,URD
Jis ka aik song is qadar maqbool hua tha ke is ke bolon ki bazagisht aaj bhi suni ja sakti hai,bolon,URD
Jis ka aik song is qadar maqbool hua tha ke is ke bolon ki bazagisht aaj bhi suni ja sakti hai,ki,URD
Jis ka aik song is qadar maqbool hua tha ke is ke bolon ki bazagisht aaj bhi suni ja sakti hai,bazagisht,URD
Jis ka aik song is qadar maqbool hua tha ke is ke bolon ki bazagisht aaj bhi suni ja sakti hai,aaj,URD
Jis ka aik song is qadar maqbool hua tha ke is ke bolon ki bazagisht aaj bhi suni ja sakti hai,bhi,URD
Jis ka aik song is qadar maqbool hua tha ke is ke bolon ki bazagisht aaj bhi suni ja sakti hai,suni,URD
Jis ka aik song is qadar maqbool hua tha ke is ke bolon ki bazagisht aaj bhi suni ja sakti hai,ja,URD
Jis ka aik song is qadar maqbool hua tha ke is ke bolon ki bazagisht aaj bhi suni ja sakti hai,sakti,URD
Jis ka aik song is qadar maqbool hua tha ke is ke bolon ki bazagisht aaj bhi suni ja sakti hai,hai,URD
Bilkul Meri Trahha M m he Usy Bhi Log Moj Masti K Bad Tanha Chor Jaty Hain,Bilkul,URD
Bilkul Meri Trahha M m he Usy Bhi Log Moj Masti K Bad Tanha Chor Jaty Hain,Meri,URD
Bilkul Meri Trahha M m he Usy Bhi Log Moj Masti K Bad Tanha Chor Jaty Hain,Trahha,URD
Bilkul Meri Trahha M m he Usy Bhi Log Moj Masti K Bad Tanha Chor Jaty Hain,M,URD
Bilkul Meri Trahha M m he Usy Bhi Log Moj Masti K Bad Tanha Chor Jaty Hain,m,URD
Bilkul Meri Trahha M m he Usy Bhi Log Moj Masti K Bad Tanha Chor Jaty Hain,he,URD
Bilkul Meri Trahha M m he Usy Bhi Log Moj Masti K Bad Tanha Chor Jaty Hain,Usy,URD
Bilkul Meri Trahha M m he Usy Bhi Log Moj Masti K Bad Tanha Chor Jaty Hain,Bhi,URD
Bilkul Meri Trahha M m he Usy Bhi Log Moj Masti K Bad Tanha Chor Jaty Hain,Log,URD
Bilkul Meri Trahha M m he Usy Bhi Log Moj Masti K Bad Tanha Chor Jaty Hain,Moj,URD
Bilkul Meri Trahha M m he Usy Bhi Log Moj Masti K Bad Tanha Chor Jaty Hain,Masti,URD
Bilkul Meri Trahha M m he Usy Bhi Log Moj Masti K Bad Tanha Chor Jaty Hain,K,URD
Bilkul Meri Trahha M m he Usy Bhi Log Moj Masti K Bad Tanha Chor Jaty Hain,Bad,ENG
Bilkul Meri Trahha M m he Usy Bhi Log Moj Masti K Bad Tanha Chor Jaty Hain,Tanha,URD
Bilkul Meri Trahha M m he Usy Bhi Log Moj Masti K Bad Tanha Chor Jaty Hain,Chor,URD
Bilkul Meri Trahha M m he Usy Bhi Log Moj Masti K Bad Tanha Chor Jaty Hain,Jaty,URD
Bilkul Meri Trahha M m he Usy Bhi Log Moj Masti K Bad Tanha Chor Jaty Hain,Hain,URD
Filmy actors Television ka rukh nahi karte the,Filmy,URD
Filmy actors Television ka rukh nahi karte the,actors,URD
Filmy actors Television ka rukh nahi karte the,Television,URD
Filmy actors Television ka rukh nahi karte the,ka,URD
Filmy actors Television ka rukh nahi karte the,rukh,URD
Filmy actors Television ka rukh nahi karte the,nahi,URD
Filmy actors Television ka rukh nahi karte the,karte,URD
Filmy actors Television ka rukh nahi karte the,the,ENG
1983 mein inhe film fare best Telugu actress ka award aur 2007 mein film fare life time achievement award se nawaza gaya,1983,URD
1983 mein inhe film fare best Telugu actress ka award aur 2007 mein film fare life time achievement award se nawaza gaya,mein,URD
1983 mein inhe film fare best Telugu actress ka award aur 2007 mein film fare life time achievement award se nawaza gaya,inhe,URD
1983 mein inhe film fare best Telugu actress ka award aur 2007 mein film fare life time achievement award se nawaza gaya,film,URD
1983 mein inhe film fare best Telugu actress ka award aur 2007 mein film fare life time achievement award se nawaza gaya,fare,URD
1983 mein inhe film fare best Telugu actress ka award aur 2007 mein film fare life time achievement award se nawaza gaya,best,ENG
1983 mein inhe film fare best Telugu actress ka award aur 2007 mein film fare life time achievement award se nawaza gaya,Telugu,URD
1983 mein inhe film fare best Telugu actress ka award aur 2007 mein film fare life time achievement award se nawaza gaya,actress,ENG
1983 mein inhe film fare best Telugu actress ka award aur 2007 mein film fare life time achievement award se nawaza gaya,ka,URD
1983 mein inhe film fare best Telugu actress ka award aur 2007 mein film fare life time achievement award se nawaza gaya,award,URD
1983 mein inhe film fare best Telugu actress ka award aur 2007 mein film fare life time achievement award se nawaza gaya,aur,URD
1983 mein inhe film fare best Telugu actress ka award aur 2007 mein film fare life time achievement award se nawaza gaya,2007,URD
1983 mein inhe film fare best Telugu actress ka award aur 2007 mein film fare life time achievement award se nawaza gaya,mein,URD
1983 mein inhe film fare best Telugu actress ka award aur 2007 mein film fare life time achievement award se nawaza gaya,film,URD
1983 mein inhe film fare best Telugu actress ka award aur 2007 mein film fare life time achievement award se nawaza gaya,fare,URD
1983 mein inhe film fare best Telugu actress ka award aur 2007 mein film fare life time achievement award se nawaza gaya,life,ENG
1983 mein inhe film fare best Telugu actress ka award aur 2007 mein film fare life time achievement award se nawaza gaya,time,MIX
1983 mein inhe film fare best Telugu actress ka award aur 2007 mein film fare life time achievement award se nawaza gaya,achievement,URD
1983 mein inhe film fare best Telugu actress ka award aur 2007 mein film fare life time achievement award se nawaza gaya,award,URD
1983 mein inhe film fare best Telugu actress ka award aur 2007 mein film fare life time achievement award se nawaza gaya,se,URD
1983 mein inhe film fare best Telugu actress ka award aur 2007 mein film fare life time achievement award se nawaza gaya,nawaza,URD
1983 mein inhe film fare best Telugu actress ka award aur 2007 mein film fare life time achievement award se nawaza gaya,gaya,URD
"Malala Yousafzai ko tashweshnak halat mein Pishawar hospital laya gaya, kuch dinon bad behtar ilaj ke leye Rawalpindi laya gaya",Malala,URD
"Malala Yousafzai ko tashweshnak halat mein Pishawar hospital laya gaya, kuch dinon bad behtar ilaj ke leye Rawalpindi laya gaya",Yousafzai,URD
"Malala Yousafzai ko tashweshnak halat mein Pishawar hospital laya gaya, kuch dinon bad behtar ilaj ke leye Rawalpindi laya gaya",ko,URD
"Malala Yousafzai ko tashweshnak halat mein Pishawar hospital laya gaya, kuch dinon bad behtar ilaj ke leye Rawalpindi laya gaya",tashweshnak,URD
"Malala Yousafzai ko tashweshnak halat mein Pishawar hospital laya gaya, kuch dinon bad behtar ilaj ke leye Rawalpindi laya gaya",halat,URD
"Malala Yousafzai ko tashweshnak halat mein Pishawar hospital laya gaya, kuch dinon bad behtar ilaj ke leye Rawalpindi laya gaya",mein,URD
"Malala Yousafzai ko tashweshnak halat mein Pishawar hospital laya gaya, kuch dinon bad behtar ilaj ke leye Rawalpindi laya gaya",Pishawar,URD
"Malala Yousafzai ko tashweshnak halat mein Pishawar hospital laya gaya, kuch dinon bad behtar ilaj ke leye Rawalpindi laya gaya",hospital,MIX
"Malala Yousafzai ko tashweshnak halat mein Pishawar hospital laya gaya, kuch dinon bad behtar ilaj ke leye Rawalpindi laya gaya",laya,URD
"Malala Yousafzai ko tashweshnak halat mein Pishawar hospital laya gaya, kuch dinon bad behtar ilaj ke leye Rawalpindi laya gaya","gaya,",URD
"Malala Yousafzai ko tashweshnak halat mein Pishawar hospital laya gaya, kuch dinon bad behtar ilaj ke leye Rawalpindi laya gaya",kuch,URD
"Malala Yousafzai ko tashweshnak halat mein Pishawar hospital laya gaya, kuch dinon bad behtar ilaj ke leye Rawalpindi laya gaya",dinon,URD
"Malala Yousafzai ko tashweshnak halat mein Pishawar hospital laya gaya, kuch dinon bad behtar ilaj ke leye Rawalpindi laya gaya",bad,ENG
"Malala Yousafzai ko tashweshnak halat mein Pishawar hospital laya gaya, kuch dinon bad behtar ilaj ke leye Rawalpindi laya gaya",behtar,URD
"Malala Yousafzai ko tashweshnak halat mein Pishawar hospital laya gaya, kuch dinon bad behtar ilaj ke leye Rawalpindi laya gaya",ilaj,URD
"Malala Yousafzai ko tashweshnak halat mein Pishawar hospital laya gaya, kuch dinon bad behtar ilaj ke leye Rawalpindi laya gaya",ke,URD
"Malala Yousafzai ko tashweshnak halat mein Pishawar hospital laya gaya, kuch dinon bad behtar ilaj ke leye Rawalpindi laya gaya",leye,URD
"Malala Yousafzai ko tashweshnak halat mein Pishawar hospital laya gaya, kuch dinon bad behtar ilaj ke leye Rawalpindi laya gaya",Rawalpindi,URD
"Malala Yousafzai ko tashweshnak halat mein Pishawar hospital laya gaya, kuch dinon bad behtar ilaj ke leye Rawalpindi laya gaya",laya,URD
"Malala Yousafzai ko tashweshnak halat mein Pishawar hospital laya gaya, kuch dinon bad behtar ilaj ke leye Rawalpindi laya gaya",gaya,URD
Lollywood star Meera press conference mein matanaza video scandal se mutaliq sawalaat tal gayein,Lollywood,URD
Lollywood star Meera press conference mein matanaza video scandal se mutaliq sawalaat tal gayein,star,URD
Lollywood star Meera press conference mein matanaza video scandal se mutaliq sawalaat tal gayein,Meera,URD
Lollywood star Meera press conference mein matanaza video scandal se mutaliq sawalaat tal gayein,press,URD
Lollywood star Meera press conference mein matanaza video scandal se mutaliq sawalaat tal gayein,conference,URD
Lollywood star Meera press conference mein matanaza video scandal se mutaliq sawalaat tal gayein,mein,URD
Lollywood star Meera press conference mein matanaza video scandal se mutaliq sawalaat tal gayein,matanaza,URD
Lollywood star Meera press conference mein matanaza video scandal se mutaliq sawalaat tal gayein,video,MIX
Lollywood star Meera press conference mein matanaza video scandal se mutaliq sawalaat tal gayein,scandal,URD
Lollywood star Meera press conference mein matanaza video scandal se mutaliq sawalaat tal gayein,se,URD
Lollywood star Meera press conference mein matanaza video scandal se mutaliq sawalaat tal gayein,mutaliq,URD
Lollywood star Meera press conference mein matanaza video scandal se mutaliq sawalaat tal gayein,sawalaat,URD
Lollywood star Meera press conference mein matanaza video scandal se mutaliq sawalaat tal gayein,tal,URD
Lollywood star Meera press conference mein matanaza video scandal se mutaliq sawalaat tal gayein,gayein,URD
o bhai tumhri post par gandi link dt hai kisi ny ude delete kro,o,URD
o bhai tumhri post par gandi link dt hai kisi ny ude delete kro,bhai,URD
o bhai tumhri post par gandi link dt hai kisi ny ude delete kro,tumhri,URD
o bhai tumhri post par gandi link dt hai kisi ny ude delete kro,post,MIX
o bhai tumhri post par gandi link dt hai kisi ny ude delete kro,par,URD
o bhai tumhri post par gandi link dt hai kisi ny ude delete kro,gandi,URD
o bhai tumhri post par gandi link dt hai kisi ny ude delete kro,link,MIX
o bhai tumhri post par gandi link dt hai kisi ny ude delete kro,dt,URD
o bhai tumhri post par gandi link dt hai kisi ny ude delete kro,hai,URD
o bhai tumhri post par gandi link dt hai kisi ny ude delete kro,kisi,URD
o bhai tumhri post par gandi link dt hai kisi ny ude delete kro,ny,URD
o bhai tumhri post par gandi link dt hai kisi ny ude delete kro,ude,URD
o bhai tumhri post par gandi link dt hai kisi ny ude delete kro,delete,URD
o bhai tumhri post par gandi link dt hai kisi ny ude delete kro,kro,URD
aur ho saky tu dp b laga ly election tk k liye,aur,URD
aur ho saky tu dp b laga ly election tk k liye,ho,URD
aur ho saky tu dp b laga ly election tk k liye,saky,URD
aur ho saky tu dp b laga ly election tk k liye,tu,URD
aur ho saky tu dp b laga ly election tk k liye,dp,URD
aur ho saky tu dp b laga ly election tk k liye,b,URD
aur ho saky tu dp b laga ly election tk k liye,laga,URD
aur ho saky tu dp b laga ly election tk k liye,ly,URD
aur ho saky tu dp b laga ly election tk k liye,election,ENG
aur ho saky tu dp b laga ly election tk k liye,tk,URD
aur ho saky tu dp b laga ly election tk k liye,k,URD
aur ho saky tu dp b laga ly election tk k liye,liye,URD
Is episode mein koi bhi hot nai hai,Is,ENG
Is episode mein koi bhi hot nai hai,episode,URD
Is episode mein koi bhi hot nai hai,mein,URD
Is episode mein koi bhi hot nai hai,koi,URD
Is episode mein koi bhi hot nai hai,bhi,URD
Is episode mein koi bhi hot nai hai,hot,URD
Is episode mein koi bhi hot nai hai,nai,URD
Is episode mein koi bhi hot nai hai,hai,URD
Waseem Bhai or iqrar Bhai ary PR live aai the kia??,Waseem,URD
Waseem Bhai or iqrar Bhai ary PR live aai the kia??,Bhai,URD
Waseem Bhai or iqrar Bhai ary PR live aai the kia??,or,URD
Waseem Bhai or iqrar Bhai ary PR live aai the kia??,iqrar,URD
Waseem Bhai or iqrar Bhai ary PR live aai the kia??,Bhai,URD
Waseem Bhai or iqrar Bhai ary PR live aai the kia??,ary,URD
Waseem Bhai or iqrar Bhai ary PR live aai the kia??,PR,URD
Waseem Bhai or iqrar Bhai ary PR live aai the kia??,live,URD
Waseem Bhai or iqrar Bhai ary PR live aai the kia??,aai,URD
Waseem Bhai or iqrar Bhai ary PR live aai the kia??,the,ENG
Waseem Bhai or iqrar Bhai ary PR live aai the kia??,kia??,URD
Is tarah Europe aur Mashriq Wastee mein bhi wo Pakistan ki aik manoos aur maqbool awaaz ban gae,Is,ENG
Is tarah Europe aur Mashriq Wastee mein bhi wo Pakistan ki aik manoos aur maqbool awaaz ban gae,tarah,URD
Is tarah Europe aur Mashriq Wastee mein bhi wo Pakistan ki aik manoos aur maqbool awaaz ban gae,Europe,URD
Is tarah Europe aur Mashriq Wastee mein bhi wo Pakistan ki aik manoos aur maqbool awaaz ban gae,aur,URD
Is tarah Europe aur Mashriq Wastee mein bhi wo Pakistan ki aik manoos aur maqbool awaaz ban gae,Mashriq,URD
Is tarah Europe aur Mashriq Wastee mein bhi wo Pakistan ki aik manoos aur maqbool awaaz ban gae,Wastee,URD
Is tarah Europe aur Mashriq Wastee mein bhi wo Pakistan ki aik manoos aur maqbool awaaz ban gae,mein,URD
Is tarah Europe aur Mashriq Wastee mein bhi wo Pakistan ki aik manoos aur maqbool awaaz ban gae,bhi,URD
Is tarah Europe aur Mashriq Wastee mein bhi wo Pakistan ki aik manoos aur maqbool awaaz ban gae,wo,URD
Is tarah Europe aur Mashriq Wastee mein bhi wo Pakistan ki aik manoos aur maqbool awaaz ban gae,Pakistan,URD
Is tarah Europe aur Mashriq Wastee mein bhi wo Pakistan ki aik manoos aur maqbool awaaz ban gae,ki,URD
Is tarah Europe aur Mashriq Wastee mein bhi wo Pakistan ki aik manoos aur maqbool awaaz ban gae,aik,URD
Is tarah Europe aur Mashriq Wastee mein bhi wo Pakistan ki aik manoos aur maqbool awaaz ban gae,manoos,URD
Is tarah Europe aur Mashriq Wastee mein bhi wo Pakistan ki aik manoos aur maqbool awaaz ban gae,aur,URD
Is tarah Europe aur Mashriq Wastee mein bhi wo Pakistan ki aik manoos aur maqbool awaaz ban gae,maqbool,URD
Is tarah Europe aur Mashriq Wastee mein bhi wo Pakistan ki aik manoos aur maqbool awaaz ban gae,awaaz,URD
Is tarah Europe aur Mashriq Wastee mein bhi wo Pakistan ki aik manoos aur maqbool awaaz ban gae,ban,URD
Is tarah Europe aur Mashriq Wastee mein bhi wo Pakistan ki aik manoos aur maqbool awaaz ban gae,gae,URD
Is song par Jaya Prada ne bohat kamal ka raqs kiya,Is,ENG
Is song par Jaya Prada ne bohat kamal ka raqs kiya,song,ENG
Is song par Jaya Prada ne bohat kamal ka raqs kiya,par,URD
Is song par Jaya Prada ne bohat kamal ka raqs kiya,Jaya,URD
Is song par Jaya Prada ne bohat kamal ka raqs kiya,Prada,URD
Is song par Jaya Prada ne bohat kamal ka raqs kiya,ne,URD
Is song par Jaya Prada ne bohat kamal ka raqs kiya,bohat,URD
Is song par Jaya Prada ne bohat kamal ka raqs kiya,kamal,URD
Is song par Jaya Prada ne bohat kamal ka raqs kiya,ka,URD
Is song par Jaya Prada ne bohat kamal ka raqs kiya,raqs,URD
Is song par Jaya Prada ne bohat kamal ka raqs kiya,kiya,URD
Inho ne kaha ke main janti hon ke music aik mushkil kaam hai aur is ke liye music ki samajh bojh hona bohat zarori hai,Inho,URD
Inho ne kaha ke main janti hon ke music aik mushkil kaam hai aur is ke liye music ki samajh bojh hona bohat zarori hai,ne,URD
Inho ne kaha ke main janti hon ke music aik mushkil kaam hai aur is ke liye music ki samajh bojh hona bohat zarori hai,kaha,URD
Inho ne kaha ke main janti hon ke music aik mushkil kaam hai aur is ke liye music ki samajh bojh hona bohat zarori hai,ke,URD
Inho ne kaha ke main janti hon ke music aik mushkil kaam hai aur is ke liye music ki samajh bojh hona bohat zarori hai,main,URD
Inho ne kaha ke main janti hon ke music aik mushkil kaam hai aur is ke liye music ki samajh bojh hona bohat zarori hai,janti,URD
Inho ne kaha ke main janti hon ke music aik mushkil kaam hai aur is ke liye music ki samajh bojh hona bohat zarori hai,hon,URD
Inho ne kaha ke main janti hon ke music aik mushkil kaam hai aur is ke liye music ki samajh bojh hona bohat zarori hai,ke,URD
Inho ne kaha ke main janti hon ke music aik mushkil kaam hai aur is ke liye music ki samajh bojh hona bohat zarori hai,music,ENG
Inho ne kaha ke main janti hon ke music aik mushkil kaam hai aur is ke liye music ki samajh bojh hona bohat zarori hai,aik,URD
Inho ne kaha ke main janti hon ke music aik mushkil kaam hai aur is ke liye music ki samajh bojh hona bohat zarori hai,mushkil,URD
Inho ne kaha ke main janti hon ke music aik mushkil kaam hai aur is ke liye music ki samajh bojh hona bohat zarori hai,kaam,URD
Inho ne kaha ke main janti hon ke music aik mushkil kaam hai aur is ke liye music ki samajh bojh hona bohat zarori hai,hai,URD
Inho ne kaha ke main janti hon ke music aik mushkil kaam hai aur is ke liye music ki samajh bojh hona bohat zarori hai,aur,URD
Inho ne kaha ke main janti hon ke music aik mushkil kaam hai aur is ke liye music ki samajh bojh hona bohat zarori hai,is,ENG
Inho ne kaha ke main janti hon ke music aik mushkil kaam hai aur is ke liye music ki samajh bojh hona bohat zarori hai,ke,URD
Inho ne kaha ke main janti hon ke music aik mushkil kaam hai aur is ke liye music ki samajh bojh hona bohat zarori hai,liye,URD
Inho ne kaha ke main janti hon ke music aik mushkil kaam hai aur is ke liye music ki samajh bojh hona bohat zarori hai,music,ENG
Inho ne kaha ke main janti hon ke music aik mushkil kaam hai aur is ke liye music ki samajh bojh hona bohat zarori hai,ki,URD
Inho ne kaha ke main janti hon ke music aik mushkil kaam hai aur is ke liye music ki samajh bojh hona bohat zarori hai,samajh,URD
Inho ne kaha ke main janti hon ke music aik mushkil kaam hai aur is ke liye music ki samajh bojh hona bohat zarori hai,bojh,URD
Inho ne kaha ke main janti hon ke music aik mushkil kaam hai aur is ke liye music ki samajh bojh hona bohat zarori hai,hona,URD
Inho ne kaha ke main janti hon ke music aik mushkil kaam hai aur is ke liye music ki samajh bojh hona bohat zarori hai,bohat,URD
Inho ne kaha ke main janti hon ke music aik mushkil kaam hai aur is ke liye music ki samajh bojh hona bohat zarori hai,zarori,URD
Inho ne kaha ke main janti hon ke music aik mushkil kaam hai aur is ke liye music ki samajh bojh hona bohat zarori hai,hai,URD
Iss ka bad Melbrane test mein Pakistan ne aik inning mein 500 runs banaye aur match jeet liya,Iss,URD
Iss ka bad Melbrane test mein Pakistan ne aik inning mein 500 runs banaye aur match jeet liya,ka,URD
Iss ka bad Melbrane test mein Pakistan ne aik inning mein 500 runs banaye aur match jeet liya,bad,ENG
Iss ka bad Melbrane test mein Pakistan ne aik inning mein 500 runs banaye aur match jeet liya,Melbrane,URD
Iss ka bad Melbrane test mein Pakistan ne aik inning mein 500 runs banaye aur match jeet liya,test,MIX
Iss ka bad Melbrane test mein Pakistan ne aik inning mein 500 runs banaye aur match jeet liya,mein,URD
Iss ka bad Melbrane test mein Pakistan ne aik inning mein 500 runs banaye aur match jeet liya,Pakistan,URD
Iss ka bad Melbrane test mein Pakistan ne aik inning mein 500 runs banaye aur match jeet liya,ne,URD
Iss ka bad Melbrane test mein Pakistan ne aik inning mein 500 runs banaye aur match jeet liya,aik,URD
Iss ka bad Melbrane test mein Pakistan ne aik inning mein 500 runs banaye aur match jeet liya,inning,URD
Iss ka bad Melbrane test mein Pakistan ne aik inning mein 500 runs banaye aur match jeet liya,mein,URD
Iss ka bad Melbrane test mein Pakistan ne aik inning mein 500 runs banaye aur match jeet liya,500,URD
Iss ka bad Melbrane test mein Pakistan ne aik inning mein 500 runs banaye aur match jeet liya,runs,URD
Iss ka bad Melbrane test mein Pakistan ne aik inning mein 500 runs banaye aur match jeet liya,banaye,URD
Iss ka bad Melbrane test mein Pakistan ne aik inning mein 500 runs banaye aur match jeet liya,aur,URD
Iss ka bad Melbrane test mein Pakistan ne aik inning mein 500 runs banaye aur match jeet liya,match,ENG
Iss ka bad Melbrane test mein Pakistan ne aik inning mein 500 runs banaye aur match jeet liya,jeet,URD
Iss ka bad Melbrane test mein Pakistan ne aik inning mein 500 runs banaye aur match jeet liya,liya,URD
MashAllah beautiful Allah pak baba ka saya ap par salaamt rakhay,MashAllah,URD
MashAllah beautiful Allah pak baba ka saya ap par salaamt rakhay,beautiful,ENG
MashAllah beautiful Allah pak baba ka saya ap par salaamt rakhay,Allah,URD
MashAllah beautiful Allah pak baba ka saya ap par salaamt rakhay,pak,URD
MashAllah beautiful Allah pak baba ka saya ap par salaamt rakhay,baba,URD
MashAllah beautiful Allah pak baba ka saya ap par salaamt rakhay,ka,URD
MashAllah beautiful Allah pak baba ka saya ap par salaamt rakhay,saya,URD
MashAllah beautiful Allah pak baba ka saya ap par salaamt rakhay,ap,URD
MashAllah beautiful Allah pak baba ka saya ap par salaamt rakhay,par,URD
MashAllah beautiful Allah pak baba ka saya ap par salaamt rakhay,salaamt,URD
MashAllah beautiful Allah pak baba ka saya ap par salaamt rakhay,rakhay,URD
Bss ehsay hi kisi ko support karnay nahi lag jaya karo bajaye usko jannay ke .,Bss,URD
Bss ehsay hi kisi ko support karnay nahi lag jaya karo bajaye usko jannay ke .,ehsay,URD
Bss ehsay hi kisi ko support karnay nahi lag jaya karo bajaye usko jannay ke .,hi,URD
Bss ehsay hi kisi ko support karnay nahi lag jaya karo bajaye usko jannay ke .,kisi,URD
Bss ehsay hi kisi ko support karnay nahi lag jaya karo bajaye usko jannay ke .,ko,URD
Bss ehsay hi kisi ko support karnay nahi lag jaya karo bajaye usko jannay ke .,support,ENG
Bss ehsay hi kisi ko support karnay nahi lag jaya karo bajaye usko jannay ke .,karnay,URD
Bss ehsay hi kisi ko support karnay nahi lag jaya karo bajaye usko jannay ke .,nahi,URD
Bss ehsay hi kisi ko support karnay nahi lag jaya karo bajaye usko jannay ke .,lag,URD
Bss ehsay hi kisi ko support karnay nahi lag jaya karo bajaye usko jannay ke .,jaya,URD
Bss ehsay hi kisi ko support karnay nahi lag jaya karo bajaye usko jannay ke .,karo,URD
Bss ehsay hi kisi ko support karnay nahi lag jaya karo bajaye usko jannay ke .,bajaye,URD
Bss ehsay hi kisi ko support karnay nahi lag jaya karo bajaye usko jannay ke .,usko,URD
Bss ehsay hi kisi ko support karnay nahi lag jaya karo bajaye usko jannay ke .,jannay,URD
Bss ehsay hi kisi ko support karnay nahi lag jaya karo bajaye usko jannay ke .,ke,URD
Bss ehsay hi kisi ko support karnay nahi lag jaya karo bajaye usko jannay ke .,.,URD
"Jani, I'm brown. I'm light brown sardiyoun mein and dark brown garmiyoun mein. Also, broke 24/7 so yeah.","Jani,",URD
"Jani, I'm brown. I'm light brown sardiyoun mein and dark brown garmiyoun mein. Also, broke 24/7 so yeah.",I'm,URD
"Jani, I'm brown. I'm light brown sardiyoun mein and dark brown garmiyoun mein. Also, broke 24/7 so yeah.",brown.,URD
"Jani, I'm brown. I'm light brown sardiyoun mein and dark brown garmiyoun mein. Also, broke 24/7 so yeah.",I'm,URD
"Jani, I'm brown. I'm light brown sardiyoun mein and dark brown garmiyoun mein. Also, broke 24/7 so yeah.",light,MIX
"Jani, I'm brown. I'm light brown sardiyoun mein and dark brown garmiyoun mein. Also, broke 24/7 so yeah.",brown,URD
"Jani, I'm brown. I'm light brown sardiyoun mein and dark brown garmiyoun mein. Also, broke 24/7 so yeah.",sardiyoun,URD
"Jani, I'm brown. I'm light brown sardiyoun mein and dark brown garmiyoun mein. Also, broke 24/7 so yeah.",mein,URD
"Jani, I'm brown. I'm light brown sardiyoun mein and dark brown garmiyoun mein. Also, broke 24/7 so yeah.",and,ENG
"Jani, I'm brown. I'm light brown sardiyoun mein and dark brown garmiyoun mein. Also, broke 24/7 so yeah.",dark,URD
"Jani, I'm brown. I'm light brown sardiyoun mein and dark brown garmiyoun mein. Also, broke 24/7 so yeah.",brown,URD
"Jani, I'm brown. I'm light brown sardiyoun mein and dark brown garmiyoun mein. Also, broke 24/7 so yeah.",garmiyoun,URD
"Jani, I'm brown. I'm light brown sardiyoun mein and dark brown garmiyoun mein. Also, broke 24/7 so yeah.",mein.,URD
"Jani, I'm brown. I'm light brown sardiyoun mein and dark brown garmiyoun mein. Also, broke 24/7 so yeah.","Also,",URD
"Jani, I'm brown. I'm light brown sardiyoun mein and dark brown garmiyoun mein. Also, broke 24/7 so yeah.",broke,URD
"Jani, I'm brown. I'm light brown sardiyoun mein and dark brown garmiyoun mein. Also, broke 24/7 so yeah.",24/7,URD
"Jani, I'm brown. I'm light brown sardiyoun mein and dark brown garmiyoun mein. Also, broke 24/7 so yeah.",so,ENG
"Jani, I'm brown. I'm light brown sardiyoun mein and dark brown garmiyoun mein. Also, broke 24/7 so yeah.",yeah.,URD
"Kabhi inhe ibtedai numbers par khilaya jata hai, to kabhi middle order main muntaqil kar diya jata hai",Kabhi,URD
"Kabhi inhe ibtedai numbers par khilaya jata hai, to kabhi middle order main muntaqil kar diya jata hai",inhe,URD
"Kabhi inhe ibtedai numbers par khilaya jata hai, to kabhi middle order main muntaqil kar diya jata hai",ibtedai,URD
"Kabhi inhe ibtedai numbers par khilaya jata hai, to kabhi middle order main muntaqil kar diya jata hai",numbers,URD
"Kabhi inhe ibtedai numbers par khilaya jata hai, to kabhi middle order main muntaqil kar diya jata hai",par,URD
"Kabhi inhe ibtedai numbers par khilaya jata hai, to kabhi middle order main muntaqil kar diya jata hai",khilaya,URD
"Kabhi inhe ibtedai numbers par khilaya jata hai, to kabhi middle order main muntaqil kar diya jata hai",jata,URD
"Kabhi inhe ibtedai numbers par khilaya jata hai, to kabhi middle order main muntaqil kar diya jata hai","hai,",URD
"Kabhi inhe ibtedai numbers par khilaya jata hai, to kabhi middle order main muntaqil kar diya jata hai",to,URD
"Kabhi inhe ibtedai numbers par khilaya jata hai, to kabhi middle order main muntaqil kar diya jata hai",kabhi,URD
"Kabhi inhe ibtedai numbers par khilaya jata hai, to kabhi middle order main muntaqil kar diya jata hai",middle,URD
"Kabhi inhe ibtedai numbers par khilaya jata hai, to kabhi middle order main muntaqil kar diya jata hai",order,MIX
"Kabhi inhe ibtedai numbers par khilaya jata hai, to kabhi middle order main muntaqil kar diya jata hai",main,URD
"Kabhi inhe ibtedai numbers par khilaya jata hai, to kabhi middle order main muntaqil kar diya jata hai",muntaqil,URD
"Kabhi inhe ibtedai numbers par khilaya jata hai, to kabhi middle order main muntaqil kar diya jata hai",kar,URD
"Kabhi inhe ibtedai numbers par khilaya jata hai, to kabhi middle order main muntaqil kar diya jata hai",diya,URD
"Kabhi inhe ibtedai numbers par khilaya jata hai, to kabhi middle order main muntaqil kar diya jata hai",jata,URD
"Kabhi inhe ibtedai numbers par khilaya jata hai, to kabhi middle order main muntaqil kar diya jata hai",hai,URD
Jinnah International Airport Par Customs Ki Karrewai Dubai Se Anay Walay 3 Pakistani Musafiron Say 209 Mobile Phone Baramad,Jinnah,URD
Jinnah International Airport Par Customs Ki Karrewai Dubai Se Anay Walay 3 Pakistani Musafiron Say 209 Mobile Phone Baramad,International,URD
Jinnah International Airport Par Customs Ki Karrewai Dubai Se Anay Walay 3 Pakistani Musafiron Say 209 Mobile Phone Baramad,Airport,URD
Jinnah International Airport Par Customs Ki Karrewai Dubai Se Anay Walay 3 Pakistani Musafiron Say 209 Mobile Phone Baramad,Par,URD
Jinnah International Airport Par Customs Ki Karrewai Dubai Se Anay Walay 3 Pakistani Musafiron Say 209 Mobile Phone Baramad,Customs,URD
Jinnah International Airport Par Customs Ki Karrewai Dubai Se Anay Walay 3 Pakistani Musafiron Say 209 Mobile Phone Baramad,Ki,URD
Jinnah International Airport Par Customs Ki Karrewai Dubai Se Anay Walay 3 Pakistani Musafiron Say 209 Mobile Phone Baramad,Karrewai,URD
Jinnah International Airport Par Customs Ki Karrewai Dubai Se Anay Walay 3 Pakistani Musafiron Say 209 Mobile Phone Baramad,Dubai,URD
Jinnah International Airport Par Customs Ki Karrewai Dubai Se Anay Walay 3 Pakistani Musafiron Say 209 Mobile Phone Baramad,Se,URD
Jinnah International Airport Par Customs Ki Karrewai Dubai Se Anay Walay 3 Pakistani Musafiron Say 209 Mobile Phone Baramad,Anay,URD
Jinnah International Airport Par Customs Ki Karrewai Dubai Se Anay Walay 3 Pakistani Musafiron Say 209 Mobile Phone Baramad,Walay,URD
Jinnah International Airport Par Customs Ki Karrewai Dubai Se Anay Walay 3 Pakistani Musafiron Say 209 Mobile Phone Baramad,3,URD
Jinnah International Airport Par Customs Ki Karrewai Dubai Se Anay Walay 3 Pakistani Musafiron Say 209 Mobile Phone Baramad,Pakistani,URD
Jinnah International Airport Par Customs Ki Karrewai Dubai Se Anay Walay 3 Pakistani Musafiron Say 209 Mobile Phone Baramad,Musafiron,URD
Jinnah International Airport Par Customs Ki Karrewai Dubai Se Anay Walay 3 Pakistani Musafiron Say 209 Mobile Phone Baramad,Say,URD
Jinnah International Airport Par Customs Ki Karrewai Dubai Se Anay Walay 3 Pakistani Musafiron Say 209 Mobile Phone Baramad,209,URD
Jinnah International Airport Par Customs Ki Karrewai Dubai Se Anay Walay 3 Pakistani Musafiron Say 209 Mobile Phone Baramad,Mobile,MIX
Jinnah International Airport Par Customs Ki Karrewai Dubai Se Anay Walay 3 Pakistani Musafiron Say 209 Mobile Phone Baramad,Phone,MIX
Jinnah International Airport Par Customs Ki Karrewai Dubai Se Anay Walay 3 Pakistani Musafiron Say 209 Mobile Phone Baramad,Baramad,URD
Aankh sy aansoo aa gy Allah Pak is bachy ko kisi cheez ki kmi na hony dena Aameen,Aankh,URD
Aankh sy aansoo aa gy Allah Pak is bachy ko kisi cheez ki kmi na hony dena Aameen,sy,URD
Aankh sy aansoo aa gy Allah Pak is bachy ko kisi cheez ki kmi na hony dena Aameen,aansoo,URD
Aankh sy aansoo aa gy Allah Pak is bachy ko kisi cheez ki kmi na hony dena Aameen,aa,URD
Aankh sy aansoo aa gy Allah Pak is bachy ko kisi cheez ki kmi na hony dena Aameen,gy,URD
Aankh sy aansoo aa gy Allah Pak is bachy ko kisi cheez ki kmi na hony dena Aameen,Allah,URD
Aankh sy aansoo aa gy Allah Pak is bachy ko kisi cheez ki kmi na hony dena Aameen,Pak,URD
Aankh sy aansoo aa gy Allah Pak is bachy ko kisi cheez ki kmi na hony dena Aameen,is,ENG
Aankh sy aansoo aa gy Allah Pak is bachy ko kisi cheez ki kmi na hony dena Aameen,bachy,URD
Aankh sy aansoo aa gy Allah Pak is bachy ko kisi cheez ki kmi na hony dena Aameen,ko,URD
Aankh sy aansoo aa gy Allah Pak is bachy ko kisi cheez ki kmi na hony dena Aameen,kisi,URD
Aankh sy aansoo aa gy Allah Pak is bachy ko kisi cheez ki kmi na hony dena Aameen,cheez,URD
Aankh sy aansoo aa gy Allah Pak is bachy ko kisi cheez ki kmi na hony dena Aameen,ki,URD
Aankh sy aansoo aa gy Allah Pak is bachy ko kisi cheez ki kmi na hony dena Aameen,kmi,URD
Aankh sy aansoo aa gy Allah Pak is bachy ko kisi cheez ki kmi na hony dena Aameen,na,URD
Aankh sy aansoo aa gy Allah Pak is bachy ko kisi cheez ki kmi na hony dena Aameen,hony,URD
Aankh sy aansoo aa gy Allah Pak is bachy ko kisi cheez ki kmi na hony dena Aameen,dena,URD
Aankh sy aansoo aa gy Allah Pak is bachy ko kisi cheez ki kmi na hony dena Aameen,Aameen,URD
India Nay 1st Test Match Mein South Africa Ko 108 Runs Say Shikst Diye Kar 4 MatchO n Ki Sereis Mein 1 0 Ki Bartari Hasil Karli,India,URD
India Nay 1st Test Match Mein South Africa Ko 108 Runs Say Shikst Diye Kar 4 MatchO n Ki Sereis Mein 1 0 Ki Bartari Hasil Karli,Nay,URD
India Nay 1st Test Match Mein South Africa Ko 108 Runs Say Shikst Diye Kar 4 MatchO n Ki Sereis Mein 1 0 Ki Bartari Hasil Karli,1st,URD
India Nay 1st Test Match Mein South Africa Ko 108 Runs Say Shikst Diye Kar 4 MatchO n Ki Sereis Mein 1 0 Ki Bartari Hasil Karli,Test,MIX
India Nay 1st Test Match Mein South Africa Ko 108 Runs Say Shikst Diye Kar 4 MatchO n Ki Sereis Mein 1 0 Ki Bartari Hasil Karli,Match,ENG
India Nay 1st Test Match Mein South Africa Ko 108 Runs Say Shikst Diye Kar 4 MatchO n Ki Sereis Mein 1 0 Ki Bartari Hasil Karli,Mein,URD
India Nay 1st Test Match Mein South Africa Ko 108 Runs Say Shikst Diye Kar 4 MatchO n Ki Sereis Mein 1 0 Ki Bartari Hasil Karli,South,URD
India Nay 1st Test Match Mein South Africa Ko 108 Runs Say Shikst Diye Kar 4 MatchO n Ki Sereis Mein 1 0 Ki Bartari Hasil Karli,Africa,URD
India Nay 1st Test Match Mein South Africa Ko 108 Runs Say Shikst Diye Kar 4 MatchO n Ki Sereis Mein 1 0 Ki Bartari Hasil Karli,Ko,URD
India Nay 1st Test Match Mein South Africa Ko 108 Runs Say Shikst Diye Kar 4 MatchO n Ki Sereis Mein 1 0 Ki Bartari Hasil Karli,108,URD
India Nay 1st Test Match Mein South Africa Ko 108 Runs Say Shikst Diye Kar 4 MatchO n Ki Sereis Mein 1 0 Ki Bartari Hasil Karli,Runs,URD
India Nay 1st Test Match Mein South Africa Ko 108 Runs Say Shikst Diye Kar 4 MatchO n Ki Sereis Mein 1 0 Ki Bartari Hasil Karli,Say,URD
India Nay 1st Test Match Mein South Africa Ko 108 Runs Say Shikst Diye Kar 4 MatchO n Ki Sereis Mein 1 0 Ki Bartari Hasil Karli,Shikst,URD
India Nay 1st Test Match Mein South Africa Ko 108 Runs Say Shikst Diye Kar 4 MatchO n Ki Sereis Mein 1 0 Ki Bartari Hasil Karli,Diye,URD
India Nay 1st Test Match Mein South Africa Ko 108 Runs Say Shikst Diye Kar 4 MatchO n Ki Sereis Mein 1 0 Ki Bartari Hasil Karli,Kar,URD
India Nay 1st Test Match Mein South Africa Ko 108 Runs Say Shikst Diye Kar 4 MatchO n Ki Sereis Mein 1 0 Ki Bartari Hasil Karli,4,URD
India Nay 1st Test Match Mein South Africa Ko 108 Runs Say Shikst Diye Kar 4 MatchO n Ki Sereis Mein 1 0 Ki Bartari Hasil Karli,MatchO,URD
India Nay 1st Test Match Mein South Africa Ko 108 Runs Say Shikst Diye Kar 4 MatchO n Ki Sereis Mein 1 0 Ki Bartari Hasil Karli,n,URD
India Nay 1st Test Match Mein South Africa Ko 108 Runs Say Shikst Diye Kar 4 MatchO n Ki Sereis Mein 1 0 Ki Bartari Hasil Karli,Ki,URD
India Nay 1st Test Match Mein South Africa Ko 108 Runs Say Shikst Diye Kar 4 MatchO n Ki Sereis Mein 1 0 Ki Bartari Hasil Karli,Sereis,URD
India Nay 1st Test Match Mein South Africa Ko 108 Runs Say Shikst Diye Kar 4 MatchO n Ki Sereis Mein 1 0 Ki Bartari Hasil Karli,Mein,URD
India Nay 1st Test Match Mein South Africa Ko 108 Runs Say Shikst Diye Kar 4 MatchO n Ki Sereis Mein 1 0 Ki Bartari Hasil Karli,1,URD
India Nay 1st Test Match Mein South Africa Ko 108 Runs Say Shikst Diye Kar 4 MatchO n Ki Sereis Mein 1 0 Ki Bartari Hasil Karli,0,URD
India Nay 1st Test Match Mein South Africa Ko 108 Runs Say Shikst Diye Kar 4 MatchO n Ki Sereis Mein 1 0 Ki Bartari Hasil Karli,Ki,URD
India Nay 1st Test Match Mein South Africa Ko 108 Runs Say Shikst Diye Kar 4 MatchO n Ki Sereis Mein 1 0 Ki Bartari Hasil Karli,Bartari,URD
India Nay 1st Test Match Mein South Africa Ko 108 Runs Say Shikst Diye Kar 4 MatchO n Ki Sereis Mein 1 0 Ki Bartari Hasil Karli,Hasil,URD
India Nay 1st Test Match Mein South Africa Ko 108 Runs Say Shikst Diye Kar 4 MatchO n Ki Sereis Mein 1 0 Ki Bartari Hasil Karli,Karli,URD
Jab light agai to phone kar k KESC waloon ka shukria adaa kiya.,Jab,URD
Jab light agai to phone kar k KESC waloon ka shukria adaa kiya.,light,MIX
Jab light agai to phone kar k KESC waloon ka shukria adaa kiya.,agai,URD
Jab light agai to phone kar k KESC waloon ka shukria adaa kiya.,to,URD
Jab light agai to phone kar k KESC waloon ka shukria adaa kiya.,phone,MIX
Jab light agai to phone kar k KESC waloon ka shukria adaa kiya.,kar,URD
Jab light agai to phone kar k KESC waloon ka shukria adaa kiya.,k,URD
Jab light agai to phone kar k KESC waloon ka shukria adaa kiya.,KESC,URD
Jab light agai to phone kar k KESC waloon ka shukria adaa kiya.,waloon,URD
Jab light agai to phone kar k KESC waloon ka shukria adaa kiya.,ka,URD
Jab light agai to phone kar k KESC waloon ka shukria adaa kiya.,shukria,URD
Jab light agai to phone kar k KESC waloon ka shukria adaa kiya.,adaa,URD
Jab light agai to phone kar k KESC waloon ka shukria adaa kiya.,kiya.,URD
Allah apny bandy ko 70 Maaaon sy zada pyaar krta hy is liye hmaari taqdeer kbhii buri ni hoskti,Allah,URD
Allah apny bandy ko 70 Maaaon sy zada pyaar krta hy is liye hmaari taqdeer kbhii buri ni hoskti,apny,URD
Allah apny bandy ko 70 Maaaon sy zada pyaar krta hy is liye hmaari taqdeer kbhii buri ni hoskti,bandy,URD
Allah apny bandy ko 70 Maaaon sy zada pyaar krta hy is liye hmaari taqdeer kbhii buri ni hoskti,ko,URD
Allah apny bandy ko 70 Maaaon sy zada pyaar krta hy is liye hmaari taqdeer kbhii buri ni hoskti,70,URD
Allah apny bandy ko 70 Maaaon sy zada pyaar krta hy is liye hmaari taqdeer kbhii buri ni hoskti,Maaaon,URD
Allah apny bandy ko 70 Maaaon sy zada pyaar krta hy is liye hmaari taqdeer kbhii buri ni hoskti,sy,URD
Allah apny bandy ko 70 Maaaon sy zada pyaar krta hy is liye hmaari taqdeer kbhii buri ni hoskti,zada,URD
Allah apny bandy ko 70 Maaaon sy zada pyaar krta hy is liye hmaari taqdeer kbhii buri ni hoskti,pyaar,URD
Allah apny bandy ko 70 Maaaon sy zada pyaar krta hy is liye hmaari taqdeer kbhii buri ni hoskti,krta,URD
Allah apny bandy ko 70 Maaaon sy zada pyaar krta hy is liye hmaari taqdeer kbhii buri ni hoskti,hy,URD
Allah apny bandy ko 70 Maaaon sy zada pyaar krta hy is liye hmaari taqdeer kbhii buri ni hoskti,is,ENG
Allah apny bandy ko 70 Maaaon sy zada pyaar krta hy is liye hmaari taqdeer kbhii buri ni hoskti,liye,URD
Allah apny bandy ko 70 Maaaon sy zada pyaar krta hy is liye hmaari taqdeer kbhii buri ni hoskti,hmaari,URD
Allah apny bandy ko 70 Maaaon sy zada pyaar krta hy is liye hmaari taqdeer kbhii buri ni hoskti,taqdeer,URD
Allah apny bandy ko 70 Maaaon sy zada pyaar krta hy is liye hmaari taqdeer kbhii buri ni hoskti,kbhii,URD
Allah apny bandy ko 70 Maaaon sy zada pyaar krta hy is liye hmaari taqdeer kbhii buri ni hoskti,buri,URD
Allah apny bandy ko 70 Maaaon sy zada pyaar krta hy is liye hmaari taqdeer kbhii buri ni hoskti,ni,URD
Allah apny bandy ko 70 Maaaon sy zada pyaar krta hy is liye hmaari taqdeer kbhii buri ni hoskti,hoskti,URD
Karachi Ki Prime Location Per Mobile ka Karobar Kerne ka Nadir Moqa,Karachi,URD
Karachi Ki Prime Location Per Mobile ka Karobar Kerne ka Nadir Moqa,Ki,URD
Karachi Ki Prime Location Per Mobile ka Karobar Kerne ka Nadir Moqa,Prime,URD
Karachi Ki Prime Location Per Mobile ka Karobar Kerne ka Nadir Moqa,Location,URD
Karachi Ki Prime Location Per Mobile ka Karobar Kerne ka Nadir Moqa,Per,URD
Karachi Ki Prime Location Per Mobile ka Karobar Kerne ka Nadir Moqa,Mobile,MIX
Karachi Ki Prime Location Per Mobile ka Karobar Kerne ka Nadir Moqa,ka,URD
Karachi Ki Prime Location Per Mobile ka Karobar Kerne ka Nadir Moqa,Karobar,URD
Karachi Ki Prime Location Per Mobile ka Karobar Kerne ka Nadir Moqa,Kerne,URD
Karachi Ki Prime Location Per Mobile ka Karobar Kerne ka Nadir Moqa,ka,URD
Karachi Ki Prime Location Per Mobile ka Karobar Kerne ka Nadir Moqa,Nadir,URD
Karachi Ki Prime Location Per Mobile ka Karobar Kerne ka Nadir Moqa,Moqa,URD
Really true  waqai kahen bhi Nazar nhi ayaaa,Really,URD
Really true  waqai kahen bhi Nazar nhi ayaaa,true,ENG
Really true  waqai kahen bhi Nazar nhi ayaaa,waqai,URD
Really true  waqai kahen bhi Nazar nhi ayaaa,kahen,URD
Really true  waqai kahen bhi Nazar nhi ayaaa,bhi,URD
Really true  waqai kahen bhi Nazar nhi ayaaa,Nazar,URD
Really true  waqai kahen bhi Nazar nhi ayaaa,nhi,URD
Really true  waqai kahen bhi Nazar nhi ayaaa,ayaaa,URD
"Agarcha in ki kuch films ko nakami ka bhi saamna karna parha hai, lekin is se Sylvester Stallone ke career par negative asar nahi parha",Agarcha,URD
"Agarcha in ki kuch films ko nakami ka bhi saamna karna parha hai, lekin is se Sylvester Stallone ke career par negative asar nahi parha",in,URD
"Agarcha in ki kuch films ko nakami ka bhi saamna karna parha hai, lekin is se Sylvester Stallone ke career par negative asar nahi parha",ki,URD
"Agarcha in ki kuch films ko nakami ka bhi saamna karna parha hai, lekin is se Sylvester Stallone ke career par negative asar nahi parha",kuch,URD
"Agarcha in ki kuch films ko nakami ka bhi saamna karna parha hai, lekin is se Sylvester Stallone ke career par negative asar nahi parha",films,URD
"Agarcha in ki kuch films ko nakami ka bhi saamna karna parha hai, lekin is se Sylvester Stallone ke career par negative asar nahi parha",ko,URD
"Agarcha in ki kuch films ko nakami ka bhi saamna karna parha hai, lekin is se Sylvester Stallone ke career par negative asar nahi parha",nakami,URD
"Agarcha in ki kuch films ko nakami ka bhi saamna karna parha hai, lekin is se Sylvester Stallone ke career par negative asar nahi parha",ka,URD
"Agarcha in ki kuch films ko nakami ka bhi saamna karna parha hai, lekin is se Sylvester Stallone ke career par negative asar nahi parha",bhi,URD
"Agarcha in ki kuch films ko nakami ka bhi saamna karna parha hai, lekin is se Sylvester Stallone ke career par negative asar nahi parha",saamna,URD
"Agarcha in ki kuch films ko nakami ka bhi saamna karna parha hai, lekin is se Sylvester Stallone ke career par negative asar nahi parha",karna,URD
"Agarcha in ki kuch films ko nakami ka bhi saamna karna parha hai, lekin is se Sylvester Stallone ke career par negative asar nahi parha",parha,URD
"Agarcha in ki kuch films ko nakami ka bhi saamna karna parha hai, lekin is se Sylvester Stallone ke career par negative asar nahi parha","hai,",URD
"Agarcha in ki kuch films ko nakami ka bhi saamna karna parha hai, lekin is se Sylvester Stallone ke career par negative asar nahi parha",lekin,URD
"Agarcha in ki kuch films ko nakami ka bhi saamna karna parha hai, lekin is se Sylvester Stallone ke career par negative asar nahi parha",is,ENG
"Agarcha in ki kuch films ko nakami ka bhi saamna karna parha hai, lekin is se Sylvester Stallone ke career par negative asar nahi parha",se,URD
"Agarcha in ki kuch films ko nakami ka bhi saamna karna parha hai, lekin is se Sylvester Stallone ke career par negative asar nahi parha",Sylvester,URD
"Agarcha in ki kuch films ko nakami ka bhi saamna karna parha hai, lekin is se Sylvester Stallone ke career par negative asar nahi parha",Stallone,URD
"Agarcha in ki kuch films ko nakami ka bhi saamna karna parha hai, lekin is se Sylvester Stallone ke career par negative asar nahi parha",ke,URD
"Agarcha in ki kuch films ko nakami ka bhi saamna karna parha hai, lekin is se Sylvester Stallone ke career par negative asar nahi parha",career,URD
"Agarcha in ki kuch films ko nakami ka bhi saamna karna parha hai, lekin is se Sylvester Stallone ke career par negative asar nahi parha",par,URD
"Agarcha in ki kuch films ko nakami ka bhi saamna karna parha hai, lekin is se Sylvester Stallone ke career par negative asar nahi parha",negative,URD
"Agarcha in ki kuch films ko nakami ka bhi saamna karna parha hai, lekin is se Sylvester Stallone ke career par negative asar nahi parha",asar,URD
"Agarcha in ki kuch films ko nakami ka bhi saamna karna parha hai, lekin is se Sylvester Stallone ke career par negative asar nahi parha",nahi,URD
"Agarcha in ki kuch films ko nakami ka bhi saamna karna parha hai, lekin is se Sylvester Stallone ke career par negative asar nahi parha",parha,URD
1961 mein Philippine ka aala tareen shehri aezaaz “ Order of Sakartona ” ataa kiya,1961,URD
1961 mein Philippine ka aala tareen shehri aezaaz “ Order of Sakartona ” ataa kiya,mein,URD
1961 mein Philippine ka aala tareen shehri aezaaz “ Order of Sakartona ” ataa kiya,Philippine,URD
1961 mein Philippine ka aala tareen shehri aezaaz “ Order of Sakartona ” ataa kiya,ka,URD
1961 mein Philippine ka aala tareen shehri aezaaz “ Order of Sakartona ” ataa kiya,aala,URD
1961 mein Philippine ka aala tareen shehri aezaaz “ Order of Sakartona ” ataa kiya,tareen,URD
1961 mein Philippine ka aala tareen shehri aezaaz “ Order of Sakartona ” ataa kiya,shehri,URD
1961 mein Philippine ka aala tareen shehri aezaaz “ Order of Sakartona ” ataa kiya,aezaaz,URD
1961 mein Philippine ka aala tareen shehri aezaaz “ Order of Sakartona ” ataa kiya,“,URD
1961 mein Philippine ka aala tareen shehri aezaaz “ Order of Sakartona ” ataa kiya,Order,MIX
1961 mein Philippine ka aala tareen shehri aezaaz “ Order of Sakartona ” ataa kiya,of,URD
1961 mein Philippine ka aala tareen shehri aezaaz “ Order of Sakartona ” ataa kiya,Sakartona,URD
1961 mein Philippine ka aala tareen shehri aezaaz “ Order of Sakartona ” ataa kiya,”,URD
1961 mein Philippine ka aala tareen shehri aezaaz “ Order of Sakartona ” ataa kiya,ataa,URD
1961 mein Philippine ka aala tareen shehri aezaaz “ Order of Sakartona ” ataa kiya,kiya,URD
Kuch new post karo yaar wahi ghisa pita sher,Kuch,URD
Kuch new post karo yaar wahi ghisa pita sher,new,URD
Kuch new post karo yaar wahi ghisa pita sher,post,MIX
Kuch new post karo yaar wahi ghisa pita sher,karo,URD
Kuch new post karo yaar wahi ghisa pita sher,yaar,URD
Kuch new post karo yaar wahi ghisa pita sher,wahi,URD
Kuch new post karo yaar wahi ghisa pita sher,ghisa,URD
Kuch new post karo yaar wahi ghisa pita sher,pita,URD
Kuch new post karo yaar wahi ghisa pita sher,sher,URD
"Apne dilkash, khadokhal aur husun e bemisaal se zamane bhar ko aseer karne wali is sahira ka bachpan aur larakpan kae yateem khano mein guzra",Apne,URD
"Apne dilkash, khadokhal aur husun e bemisaal se zamane bhar ko aseer karne wali is sahira ka bachpan aur larakpan kae yateem khano mein guzra","dilkash,",URD
"Apne dilkash, khadokhal aur husun e bemisaal se zamane bhar ko aseer karne wali is sahira ka bachpan aur larakpan kae yateem khano mein guzra",khadokhal,URD
"Apne dilkash, khadokhal aur husun e bemisaal se zamane bhar ko aseer karne wali is sahira ka bachpan aur larakpan kae yateem khano mein guzra",aur,URD
"Apne dilkash, khadokhal aur husun e bemisaal se zamane bhar ko aseer karne wali is sahira ka bachpan aur larakpan kae yateem khano mein guzra",husun,URD
"Apne dilkash, khadokhal aur husun e bemisaal se zamane bhar ko aseer karne wali is sahira ka bachpan aur larakpan kae yateem khano mein guzra",e,URD
"Apne dilkash, khadokhal aur husun e bemisaal se zamane bhar ko aseer karne wali is sahira ka bachpan aur larakpan kae yateem khano mein guzra",bemisaal,URD
"Apne dilkash, khadokhal aur husun e bemisaal se zamane bhar ko aseer karne wali is sahira ka bachpan aur larakpan kae yateem khano mein guzra",se,URD
"Apne dilkash, khadokhal aur husun e bemisaal se zamane bhar ko aseer karne wali is sahira ka bachpan aur larakpan kae yateem khano mein guzra",zamane,URD
"Apne dilkash, khadokhal aur husun e bemisaal se zamane bhar ko aseer karne wali is sahira ka bachpan aur larakpan kae yateem khano mein guzra",bhar,URD
"Apne dilkash, khadokhal aur husun e bemisaal se zamane bhar ko aseer karne wali is sahira ka bachpan aur larakpan kae yateem khano mein guzra",ko,URD
"Apne dilkash, khadokhal aur husun e bemisaal se zamane bhar ko aseer karne wali is sahira ka bachpan aur larakpan kae yateem khano mein guzra",aseer,URD
"Apne dilkash, khadokhal aur husun e bemisaal se zamane bhar ko aseer karne wali is sahira ka bachpan aur larakpan kae yateem khano mein guzra",karne,URD
"Apne dilkash, khadokhal aur husun e bemisaal se zamane bhar ko aseer karne wali is sahira ka bachpan aur larakpan kae yateem khano mein guzra",wali,URD
"Apne dilkash, khadokhal aur husun e bemisaal se zamane bhar ko aseer karne wali is sahira ka bachpan aur larakpan kae yateem khano mein guzra",is,ENG
"Apne dilkash, khadokhal aur husun e bemisaal se zamane bhar ko aseer karne wali is sahira ka bachpan aur larakpan kae yateem khano mein guzra",sahira,URD
"Apne dilkash, khadokhal aur husun e bemisaal se zamane bhar ko aseer karne wali is sahira ka bachpan aur larakpan kae yateem khano mein guzra",ka,URD
"Apne dilkash, khadokhal aur husun e bemisaal se zamane bhar ko aseer karne wali is sahira ka bachpan aur larakpan kae yateem khano mein guzra",bachpan,URD
"Apne dilkash, khadokhal aur husun e bemisaal se zamane bhar ko aseer karne wali is sahira ka bachpan aur larakpan kae yateem khano mein guzra",aur,URD
"Apne dilkash, khadokhal aur husun e bemisaal se zamane bhar ko aseer karne wali is sahira ka bachpan aur larakpan kae yateem khano mein guzra",larakpan,URD
"Apne dilkash, khadokhal aur husun e bemisaal se zamane bhar ko aseer karne wali is sahira ka bachpan aur larakpan kae yateem khano mein guzra",kae,URD
"Apne dilkash, khadokhal aur husun e bemisaal se zamane bhar ko aseer karne wali is sahira ka bachpan aur larakpan kae yateem khano mein guzra",yateem,URD
"Apne dilkash, khadokhal aur husun e bemisaal se zamane bhar ko aseer karne wali is sahira ka bachpan aur larakpan kae yateem khano mein guzra",khano,URD
"Apne dilkash, khadokhal aur husun e bemisaal se zamane bhar ko aseer karne wali is sahira ka bachpan aur larakpan kae yateem khano mein guzra",mein,URD
"Apne dilkash, khadokhal aur husun e bemisaal se zamane bhar ko aseer karne wali is sahira ka bachpan aur larakpan kae yateem khano mein guzra",guzra,URD
next time koi bahir ka acha fast bowler ko khelana jese k michel starc,next,URD
next time koi bahir ka acha fast bowler ko khelana jese k michel starc,time,MIX
next time koi bahir ka acha fast bowler ko khelana jese k michel starc,koi,URD
next time koi bahir ka acha fast bowler ko khelana jese k michel starc,bahir,URD
next time koi bahir ka acha fast bowler ko khelana jese k michel starc,ka,URD
next time koi bahir ka acha fast bowler ko khelana jese k michel starc,acha,URD
next time koi bahir ka acha fast bowler ko khelana jese k michel starc,fast,URD
next time koi bahir ka acha fast bowler ko khelana jese k michel starc,bowler,URD
next time koi bahir ka acha fast bowler ko khelana jese k michel starc,ko,URD
next time koi bahir ka acha fast bowler ko khelana jese k michel starc,khelana,URD
next time koi bahir ka acha fast bowler ko khelana jese k michel starc,jese,URD
next time koi bahir ka acha fast bowler ko khelana jese k michel starc,k,URD
next time koi bahir ka acha fast bowler ko khelana jese k michel starc,michel,URD
next time koi bahir ka acha fast bowler ko khelana jese k michel starc,starc,URD
Magar Bouht Dukh Huwa  3rd Time PSL Mein Qualify Nahi Kar Sakhe Hain,Magar,URD
Magar Bouht Dukh Huwa  3rd Time PSL Mein Qualify Nahi Kar Sakhe Hain,Bouht,URD
Magar Bouht Dukh Huwa  3rd Time PSL Mein Qualify Nahi Kar Sakhe Hain,Dukh,URD
Magar Bouht Dukh Huwa  3rd Time PSL Mein Qualify Nahi Kar Sakhe Hain,Huwa,URD
Magar Bouht Dukh Huwa  3rd Time PSL Mein Qualify Nahi Kar Sakhe Hain,3rd,URD
Magar Bouht Dukh Huwa  3rd Time PSL Mein Qualify Nahi Kar Sakhe Hain,Time,MIX
Magar Bouht Dukh Huwa  3rd Time PSL Mein Qualify Nahi Kar Sakhe Hain,PSL,URD
Magar Bouht Dukh Huwa  3rd Time PSL Mein Qualify Nahi Kar Sakhe Hain,Mein,URD
Magar Bouht Dukh Huwa  3rd Time PSL Mein Qualify Nahi Kar Sakhe Hain,Qualify,URD
Magar Bouht Dukh Huwa  3rd Time PSL Mein Qualify Nahi Kar Sakhe Hain,Nahi,URD
Magar Bouht Dukh Huwa  3rd Time PSL Mein Qualify Nahi Kar Sakhe Hain,Kar,URD
Magar Bouht Dukh Huwa  3rd Time PSL Mein Qualify Nahi Kar Sakhe Hain,Sakhe,URD
Magar Bouht Dukh Huwa  3rd Time PSL Mein Qualify Nahi Kar Sakhe Hain,Hain,URD
Phone kr meri ami ko,Phone,MIX
Phone kr meri ami ko,kr,URD
Phone kr meri ami ko,meri,URD
Phone kr meri ami ko,ami,URD
Phone kr meri ami ko,ko,URD
Is bar Angelina  ne adakari ke medan mein qadam rakhne ka fasla kiya,Is,ENG
Is bar Angelina  ne adakari ke medan mein qadam rakhne ka fasla kiya,bar,URD
Is bar Angelina  ne adakari ke medan mein qadam rakhne ka fasla kiya,Angelina,URD
Is bar Angelina  ne adakari ke medan mein qadam rakhne ka fasla kiya,ne,URD
Is bar Angelina  ne adakari ke medan mein qadam rakhne ka fasla kiya,adakari,URD
Is bar Angelina  ne adakari ke medan mein qadam rakhne ka fasla kiya,ke,URD
Is bar Angelina  ne adakari ke medan mein qadam rakhne ka fasla kiya,medan,URD
Is bar Angelina  ne adakari ke medan mein qadam rakhne ka fasla kiya,mein,URD
Is bar Angelina  ne adakari ke medan mein qadam rakhne ka fasla kiya,qadam,URD
Is bar Angelina  ne adakari ke medan mein qadam rakhne ka fasla kiya,rakhne,URD
Is bar Angelina  ne adakari ke medan mein qadam rakhne ka fasla kiya,ka,URD
Is bar Angelina  ne adakari ke medan mein qadam rakhne ka fasla kiya,fasla,URD
Is bar Angelina  ne adakari ke medan mein qadam rakhne ka fasla kiya,kiya,URD
Main samajhti honk e kuch log ache waldain banne ka rujhaan rakhte hain aur kuch log is se mehroom hote hain.,Main,URD
Main samajhti honk e kuch log ache waldain banne ka rujhaan rakhte hain aur kuch log is se mehroom hote hain.,samajhti,URD
Main samajhti honk e kuch log ache waldain banne ka rujhaan rakhte hain aur kuch log is se mehroom hote hain.,honk,URD
Main samajhti honk e kuch log ache waldain banne ka rujhaan rakhte hain aur kuch log is se mehroom hote hain.,e,URD
Main samajhti honk e kuch log ache waldain banne ka rujhaan rakhte hain aur kuch log is se mehroom hote hain.,kuch,URD
Main samajhti honk e kuch log ache waldain banne ka rujhaan rakhte hain aur kuch log is se mehroom hote hain.,log,URD
Main samajhti honk e kuch log ache waldain banne ka rujhaan rakhte hain aur kuch log is se mehroom hote hain.,ache,URD
Main samajhti honk e kuch log ache waldain banne ka rujhaan rakhte hain aur kuch log is se mehroom hote hain.,waldain,URD
Main samajhti honk e kuch log ache waldain banne ka rujhaan rakhte hain aur kuch log is se mehroom hote hain.,banne,URD
Main samajhti honk e kuch log ache waldain banne ka rujhaan rakhte hain aur kuch log is se mehroom hote hain.,ka,URD
Main samajhti honk e kuch log ache waldain banne ka rujhaan rakhte hain aur kuch log is se mehroom hote hain.,rujhaan,URD
Main samajhti honk e kuch log ache waldain banne ka rujhaan rakhte hain aur kuch log is se mehroom hote hain.,rakhte,URD
Main samajhti honk e kuch log ache waldain banne ka rujhaan rakhte hain aur kuch log is se mehroom hote hain.,hain,URD
Main samajhti honk e kuch log ache waldain banne ka rujhaan rakhte hain aur kuch log is se mehroom hote hain.,aur,URD
Main samajhti honk e kuch log ache waldain banne ka rujhaan rakhte hain aur kuch log is se mehroom hote hain.,kuch,URD
Main samajhti honk e kuch log ache waldain banne ka rujhaan rakhte hain aur kuch log is se mehroom hote hain.,log,URD
Main samajhti honk e kuch log ache waldain banne ka rujhaan rakhte hain aur kuch log is se mehroom hote hain.,is,ENG
Main samajhti honk e kuch log ache waldain banne ka rujhaan rakhte hain aur kuch log is se mehroom hote hain.,se,URD
Main samajhti honk e kuch log ache waldain banne ka rujhaan rakhte hain aur kuch log is se mehroom hote hain.,mehroom,URD
Main samajhti honk e kuch log ache waldain banne ka rujhaan rakhte hain aur kuch log is se mehroom hote hain.,hote,URD
Main samajhti honk e kuch log ache waldain banne ka rujhaan rakhte hain aur kuch log is se mehroom hote hain.,hain.,URD
Baba Ahstgi Sy Bola Phr Pta Ni Mery Bchon Ki Call Q Nhi Ati,Baba,URD
Baba Ahstgi Sy Bola Phr Pta Ni Mery Bchon Ki Call Q Nhi Ati,Ahstgi,URD
Baba Ahstgi Sy Bola Phr Pta Ni Mery Bchon Ki Call Q Nhi Ati,Sy,URD
Baba Ahstgi Sy Bola Phr Pta Ni Mery Bchon Ki Call Q Nhi Ati,Bola,URD
Baba Ahstgi Sy Bola Phr Pta Ni Mery Bchon Ki Call Q Nhi Ati,Phr,URD
Baba Ahstgi Sy Bola Phr Pta Ni Mery Bchon Ki Call Q Nhi Ati,Pta,URD
Baba Ahstgi Sy Bola Phr Pta Ni Mery Bchon Ki Call Q Nhi Ati,Ni,URD
Baba Ahstgi Sy Bola Phr Pta Ni Mery Bchon Ki Call Q Nhi Ati,Mery,URD
Baba Ahstgi Sy Bola Phr Pta Ni Mery Bchon Ki Call Q Nhi Ati,Bchon,URD
Baba Ahstgi Sy Bola Phr Pta Ni Mery Bchon Ki Call Q Nhi Ati,Ki,URD
Baba Ahstgi Sy Bola Phr Pta Ni Mery Bchon Ki Call Q Nhi Ati,Call,MIX
Baba Ahstgi Sy Bola Phr Pta Ni Mery Bchon Ki Call Q Nhi Ati,Q,URD
Baba Ahstgi Sy Bola Phr Pta Ni Mery Bchon Ki Call Q Nhi Ati,Nhi,URD
Baba Ahstgi Sy Bola Phr Pta Ni Mery Bchon Ki Call Q Nhi Ati,Ati,URD
movie ka name kya hay,movie,ENG
movie ka name kya hay,ka,URD
movie ka name kya hay,name,URD
movie ka name kya hay,kya,URD
movie ka name kya hay,hay,URD
Inho ne west indies ki nakaam hoti hui team ko sambhala aur is ki kamiyabi ke liye sara bojh apne kandhon par utha liya,Inho,URD
Inho ne west indies ki nakaam hoti hui team ko sambhala aur is ki kamiyabi ke liye sara bojh apne kandhon par utha liya,ne,URD
Inho ne west indies ki nakaam hoti hui team ko sambhala aur is ki kamiyabi ke liye sara bojh apne kandhon par utha liya,west,URD
Inho ne west indies ki nakaam hoti hui team ko sambhala aur is ki kamiyabi ke liye sara bojh apne kandhon par utha liya,indies,URD
Inho ne west indies ki nakaam hoti hui team ko sambhala aur is ki kamiyabi ke liye sara bojh apne kandhon par utha liya,ki,URD
Inho ne west indies ki nakaam hoti hui team ko sambhala aur is ki kamiyabi ke liye sara bojh apne kandhon par utha liya,nakaam,URD
Inho ne west indies ki nakaam hoti hui team ko sambhala aur is ki kamiyabi ke liye sara bojh apne kandhon par utha liya,hoti,URD
Inho ne west indies ki nakaam hoti hui team ko sambhala aur is ki kamiyabi ke liye sara bojh apne kandhon par utha liya,hui,URD
Inho ne west indies ki nakaam hoti hui team ko sambhala aur is ki kamiyabi ke liye sara bojh apne kandhon par utha liya,team,ENG
Inho ne west indies ki nakaam hoti hui team ko sambhala aur is ki kamiyabi ke liye sara bojh apne kandhon par utha liya,ko,URD
Inho ne west indies ki nakaam hoti hui team ko sambhala aur is ki kamiyabi ke liye sara bojh apne kandhon par utha liya,sambhala,URD
Inho ne west indies ki nakaam hoti hui team ko sambhala aur is ki kamiyabi ke liye sara bojh apne kandhon par utha liya,aur,URD
Inho ne west indies ki nakaam hoti hui team ko sambhala aur is ki kamiyabi ke liye sara bojh apne kandhon par utha liya,is,ENG
Inho ne west indies ki nakaam hoti hui team ko sambhala aur is ki kamiyabi ke liye sara bojh apne kandhon par utha liya,ki,URD
Inho ne west indies ki nakaam hoti hui team ko sambhala aur is ki kamiyabi ke liye sara bojh apne kandhon par utha liya,kamiyabi,URD
Inho ne west indies ki nakaam hoti hui team ko sambhala aur is ki kamiyabi ke liye sara bojh apne kandhon par utha liya,ke,URD
Inho ne west indies ki nakaam hoti hui team ko sambhala aur is ki kamiyabi ke liye sara bojh apne kandhon par utha liya,liye,URD
Inho ne west indies ki nakaam hoti hui team ko sambhala aur is ki kamiyabi ke liye sara bojh apne kandhon par utha liya,sara,URD
Inho ne west indies ki nakaam hoti hui team ko sambhala aur is ki kamiyabi ke liye sara bojh apne kandhon par utha liya,bojh,URD
Inho ne west indies ki nakaam hoti hui team ko sambhala aur is ki kamiyabi ke liye sara bojh apne kandhon par utha liya,apne,URD
Inho ne west indies ki nakaam hoti hui team ko sambhala aur is ki kamiyabi ke liye sara bojh apne kandhon par utha liya,kandhon,URD
Inho ne west indies ki nakaam hoti hui team ko sambhala aur is ki kamiyabi ke liye sara bojh apne kandhon par utha liya,par,URD
Inho ne west indies ki nakaam hoti hui team ko sambhala aur is ki kamiyabi ke liye sara bojh apne kandhon par utha liya,utha,URD
Inho ne west indies ki nakaam hoti hui team ko sambhala aur is ki kamiyabi ke liye sara bojh apne kandhon par utha liya,liya,URD
Is ke elawa Angelina  Jolie ne duniya bhar ke qehat zadgan aftad ke leye bhi bohat kaam kiya,Is,ENG
Is ke elawa Angelina  Jolie ne duniya bhar ke qehat zadgan aftad ke leye bhi bohat kaam kiya,ke,URD
Is ke elawa Angelina  Jolie ne duniya bhar ke qehat zadgan aftad ke leye bhi bohat kaam kiya,elawa,URD
Is ke elawa Angelina  Jolie ne duniya bhar ke qehat zadgan aftad ke leye bhi bohat kaam kiya,Angelina,URD
Is ke elawa Angelina  Jolie ne duniya bhar ke qehat zadgan aftad ke leye bhi bohat kaam kiya,Jolie,URD
Is ke elawa Angelina  Jolie ne duniya bhar ke qehat zadgan aftad ke leye bhi bohat kaam kiya,ne,URD
Is ke elawa Angelina  Jolie ne duniya bhar ke qehat zadgan aftad ke leye bhi bohat kaam kiya,duniya,URD
Is ke elawa Angelina  Jolie ne duniya bhar ke qehat zadgan aftad ke leye bhi bohat kaam kiya,bhar,URD
Is ke elawa Angelina  Jolie ne duniya bhar ke qehat zadgan aftad ke leye bhi bohat kaam kiya,ke,URD
Is ke elawa Angelina  Jolie ne duniya bhar ke qehat zadgan aftad ke leye bhi bohat kaam kiya,qehat,URD
Is ke elawa Angelina  Jolie ne duniya bhar ke qehat zadgan aftad ke leye bhi bohat kaam kiya,zadgan,URD
Is ke elawa Angelina  Jolie ne duniya bhar ke qehat zadgan aftad ke leye bhi bohat kaam kiya,aftad,URD
Is ke elawa Angelina  Jolie ne duniya bhar ke qehat zadgan aftad ke leye bhi bohat kaam kiya,ke,URD
Is ke elawa Angelina  Jolie ne duniya bhar ke qehat zadgan aftad ke leye bhi bohat kaam kiya,leye,URD
Is ke elawa Angelina  Jolie ne duniya bhar ke qehat zadgan aftad ke leye bhi bohat kaam kiya,bhi,URD
Is ke elawa Angelina  Jolie ne duniya bhar ke qehat zadgan aftad ke leye bhi bohat kaam kiya,bohat,URD
Is ke elawa Angelina  Jolie ne duniya bhar ke qehat zadgan aftad ke leye bhi bohat kaam kiya,kaam,URD
Is ke elawa Angelina  Jolie ne duniya bhar ke qehat zadgan aftad ke leye bhi bohat kaam kiya,kiya,URD
is liey wo jab bhi bulayengy to main pehli fursat mein un ka hi project kerna chahungi,is,ENG
is liey wo jab bhi bulayengy to main pehli fursat mein un ka hi project kerna chahungi,liey,URD
is liey wo jab bhi bulayengy to main pehli fursat mein un ka hi project kerna chahungi,wo,URD
is liey wo jab bhi bulayengy to main pehli fursat mein un ka hi project kerna chahungi,jab,URD
is liey wo jab bhi bulayengy to main pehli fursat mein un ka hi project kerna chahungi,bhi,URD
is liey wo jab bhi bulayengy to main pehli fursat mein un ka hi project kerna chahungi,bulayengy,URD
is liey wo jab bhi bulayengy to main pehli fursat mein un ka hi project kerna chahungi,to,URD
is liey wo jab bhi bulayengy to main pehli fursat mein un ka hi project kerna chahungi,main,URD
is liey wo jab bhi bulayengy to main pehli fursat mein un ka hi project kerna chahungi,pehli,URD
is liey wo jab bhi bulayengy to main pehli fursat mein un ka hi project kerna chahungi,fursat,URD
is liey wo jab bhi bulayengy to main pehli fursat mein un ka hi project kerna chahungi,mein,URD
is liey wo jab bhi bulayengy to main pehli fursat mein un ka hi project kerna chahungi,un,URD
is liey wo jab bhi bulayengy to main pehli fursat mein un ka hi project kerna chahungi,ka,URD
is liey wo jab bhi bulayengy to main pehli fursat mein un ka hi project kerna chahungi,hi,URD
is liey wo jab bhi bulayengy to main pehli fursat mein un ka hi project kerna chahungi,project,URD
is liey wo jab bhi bulayengy to main pehli fursat mein un ka hi project kerna chahungi,kerna,URD
is liey wo jab bhi bulayengy to main pehli fursat mein un ka hi project kerna chahungi,chahungi,URD
1947 mein Molvi Abdul Haq ne is anjuman ka sadar daftar Karachi mein muntaqil kiya,1947,URD
1947 mein Molvi Abdul Haq ne is anjuman ka sadar daftar Karachi mein muntaqil kiya,mein,URD
1947 mein Molvi Abdul Haq ne is anjuman ka sadar daftar Karachi mein muntaqil kiya,Molvi,URD
1947 mein Molvi Abdul Haq ne is anjuman ka sadar daftar Karachi mein muntaqil kiya,Abdul,URD
1947 mein Molvi Abdul Haq ne is anjuman ka sadar daftar Karachi mein muntaqil kiya,Haq,URD
1947 mein Molvi Abdul Haq ne is anjuman ka sadar daftar Karachi mein muntaqil kiya,ne,URD
1947 mein Molvi Abdul Haq ne is anjuman ka sadar daftar Karachi mein muntaqil kiya,is,ENG
1947 mein Molvi Abdul Haq ne is anjuman ka sadar daftar Karachi mein muntaqil kiya,anjuman,URD
1947 mein Molvi Abdul Haq ne is anjuman ka sadar daftar Karachi mein muntaqil kiya,ka,URD
1947 mein Molvi Abdul Haq ne is anjuman ka sadar daftar Karachi mein muntaqil kiya,sadar,URD
1947 mein Molvi Abdul Haq ne is anjuman ka sadar daftar Karachi mein muntaqil kiya,daftar,URD
1947 mein Molvi Abdul Haq ne is anjuman ka sadar daftar Karachi mein muntaqil kiya,Karachi,URD
1947 mein Molvi Abdul Haq ne is anjuman ka sadar daftar Karachi mein muntaqil kiya,mein,URD
1947 mein Molvi Abdul Haq ne is anjuman ka sadar daftar Karachi mein muntaqil kiya,muntaqil,URD
1947 mein Molvi Abdul Haq ne is anjuman ka sadar daftar Karachi mein muntaqil kiya,kiya,URD
Aur Dosra Bakheel K Liye Bad Dua Karta Hai,Aur,URD
Aur Dosra Bakheel K Liye Bad Dua Karta Hai,Dosra,URD
Aur Dosra Bakheel K Liye Bad Dua Karta Hai,Bakheel,URD
Aur Dosra Bakheel K Liye Bad Dua Karta Hai,K,URD
Aur Dosra Bakheel K Liye Bad Dua Karta Hai,Liye,URD
Aur Dosra Bakheel K Liye Bad Dua Karta Hai,Bad,ENG
Aur Dosra Bakheel K Liye Bad Dua Karta Hai,Dua,URD
Aur Dosra Bakheel K Liye Bad Dua Karta Hai,Karta,URD
Aur Dosra Bakheel K Liye Bad Dua Karta Hai,Hai,URD
Delivery fast hy magar lipstick low qulity the or demige toti hui i the color b aisa ni hy,Delivery,URD
Delivery fast hy magar lipstick low qulity the or demige toti hui i the color b aisa ni hy,fast,URD
Delivery fast hy magar lipstick low qulity the or demige toti hui i the color b aisa ni hy,hy,URD
Delivery fast hy magar lipstick low qulity the or demige toti hui i the color b aisa ni hy,magar,URD
Delivery fast hy magar lipstick low qulity the or demige toti hui i the color b aisa ni hy,lipstick,URD
Delivery fast hy magar lipstick low qulity the or demige toti hui i the color b aisa ni hy,low,URD
Delivery fast hy magar lipstick low qulity the or demige toti hui i the color b aisa ni hy,qulity,URD
Delivery fast hy magar lipstick low qulity the or demige toti hui i the color b aisa ni hy,the,ENG
Delivery fast hy magar lipstick low qulity the or demige toti hui i the color b aisa ni hy,or,URD
Delivery fast hy magar lipstick low qulity the or demige toti hui i the color b aisa ni hy,demige,URD
Delivery fast hy magar lipstick low qulity the or demige toti hui i the color b aisa ni hy,toti,URD
Delivery fast hy magar lipstick low qulity the or demige toti hui i the color b aisa ni hy,hui,URD
Delivery fast hy magar lipstick low qulity the or demige toti hui i the color b aisa ni hy,i,URD
Delivery fast hy magar lipstick low qulity the or demige toti hui i the color b aisa ni hy,the,ENG
Delivery fast hy magar lipstick low qulity the or demige toti hui i the color b aisa ni hy,color,URD
Delivery fast hy magar lipstick low qulity the or demige toti hui i the color b aisa ni hy,b,URD
Delivery fast hy magar lipstick low qulity the or demige toti hui i the color b aisa ni hy,aisa,URD
Delivery fast hy magar lipstick low qulity the or demige toti hui i the color b aisa ni hy,ni,URD
Delivery fast hy magar lipstick low qulity the or demige toti hui i the color b aisa ni hy,hy,URD
2009 mein Forbes Magazine ne sab se ziyada qabil e qadar kam umer artists ki top of the list  mein Emma Watson ko 6 number par rakha,2009,URD
2009 mein Forbes Magazine ne sab se ziyada qabil e qadar kam umer artists ki top of the list  mein Emma Watson ko 6 number par rakha,mein,URD
2009 mein Forbes Magazine ne sab se ziyada qabil e qadar kam umer artists ki top of the list  mein Emma Watson ko 6 number par rakha,Forbes,URD
2009 mein Forbes Magazine ne sab se ziyada qabil e qadar kam umer artists ki top of the list  mein Emma Watson ko 6 number par rakha,Magazine,URD
2009 mein Forbes Magazine ne sab se ziyada qabil e qadar kam umer artists ki top of the list  mein Emma Watson ko 6 number par rakha,ne,URD
2009 mein Forbes Magazine ne sab se ziyada qabil e qadar kam umer artists ki top of the list  mein Emma Watson ko 6 number par rakha,sab,URD
2009 mein Forbes Magazine ne sab se ziyada qabil e qadar kam umer artists ki top of the list  mein Emma Watson ko 6 number par rakha,se,URD
2009 mein Forbes Magazine ne sab se ziyada qabil e qadar kam umer artists ki top of the list  mein Emma Watson ko 6 number par rakha,ziyada,URD
2009 mein Forbes Magazine ne sab se ziyada qabil e qadar kam umer artists ki top of the list  mein Emma Watson ko 6 number par rakha,qabil,URD
2009 mein Forbes Magazine ne sab se ziyada qabil e qadar kam umer artists ki top of the list  mein Emma Watson ko 6 number par rakha,e,URD
2009 mein Forbes Magazine ne sab se ziyada qabil e qadar kam umer artists ki top of the list  mein Emma Watson ko 6 number par rakha,qadar,URD
2009 mein Forbes Magazine ne sab se ziyada qabil e qadar kam umer artists ki top of the list  mein Emma Watson ko 6 number par rakha,kam,URD
2009 mein Forbes Magazine ne sab se ziyada qabil e qadar kam umer artists ki top of the list  mein Emma Watson ko 6 number par rakha,umer,URD
2009 mein Forbes Magazine ne sab se ziyada qabil e qadar kam umer artists ki top of the list  mein Emma Watson ko 6 number par rakha,artists,URD
2009 mein Forbes Magazine ne sab se ziyada qabil e qadar kam umer artists ki top of the list  mein Emma Watson ko 6 number par rakha,ki,URD
2009 mein Forbes Magazine ne sab se ziyada qabil e qadar kam umer artists ki top of the list  mein Emma Watson ko 6 number par rakha,top,URD
2009 mein Forbes Magazine ne sab se ziyada qabil e qadar kam umer artists ki top of the list  mein Emma Watson ko 6 number par rakha,of,URD
2009 mein Forbes Magazine ne sab se ziyada qabil e qadar kam umer artists ki top of the list  mein Emma Watson ko 6 number par rakha,the,ENG
2009 mein Forbes Magazine ne sab se ziyada qabil e qadar kam umer artists ki top of the list  mein Emma Watson ko 6 number par rakha,list,URD
2009 mein Forbes Magazine ne sab se ziyada qabil e qadar kam umer artists ki top of the list  mein Emma Watson ko 6 number par rakha,mein,URD
2009 mein Forbes Magazine ne sab se ziyada qabil e qadar kam umer artists ki top of the list  mein Emma Watson ko 6 number par rakha,Emma,URD
2009 mein Forbes Magazine ne sab se ziyada qabil e qadar kam umer artists ki top of the list  mein Emma Watson ko 6 number par rakha,Watson,URD
2009 mein Forbes Magazine ne sab se ziyada qabil e qadar kam umer artists ki top of the list  mein Emma Watson ko 6 number par rakha,ko,URD
2009 mein Forbes Magazine ne sab se ziyada qabil e qadar kam umer artists ki top of the list  mein Emma Watson ko 6 number par rakha,6,URD
2009 mein Forbes Magazine ne sab se ziyada qabil e qadar kam umer artists ki top of the list  mein Emma Watson ko 6 number par rakha,number,MIX
2009 mein Forbes Magazine ne sab se ziyada qabil e qadar kam umer artists ki top of the list  mein Emma Watson ko 6 number par rakha,par,URD
2009 mein Forbes Magazine ne sab se ziyada qabil e qadar kam umer artists ki top of the list  mein Emma Watson ko 6 number par rakha,rakha,URD
aaj ye game khailain gy...,aaj,URD
aaj ye game khailain gy...,ye,URD
aaj ye game khailain gy...,game,MIX
aaj ye game khailain gy...,khailain,URD
aaj ye game khailain gy...,gy...,URD
1974 ki series mein hum na koi test match hare or na koi first class match,1974,URD
1974 ki series mein hum na koi test match hare or na koi first class match,ki,URD
1974 ki series mein hum na koi test match hare or na koi first class match,series,URD
1974 ki series mein hum na koi test match hare or na koi first class match,mein,URD
1974 ki series mein hum na koi test match hare or na koi first class match,hum,URD
1974 ki series mein hum na koi test match hare or na koi first class match,na,URD
1974 ki series mein hum na koi test match hare or na koi first class match,koi,URD
1974 ki series mein hum na koi test match hare or na koi first class match,test,MIX
1974 ki series mein hum na koi test match hare or na koi first class match,match,ENG
1974 ki series mein hum na koi test match hare or na koi first class match,hare,URD
1974 ki series mein hum na koi test match hare or na koi first class match,or,URD
1974 ki series mein hum na koi test match hare or na koi first class match,na,URD
1974 ki series mein hum na koi test match hare or na koi first class match,koi,URD
1974 ki series mein hum na koi test match hare or na koi first class match,first,URD
1974 ki series mein hum na koi test match hare or na koi first class match,class,URD
1974 ki series mein hum na koi test match hare or na koi first class match,match,ENG
Ye galt kam koi ap ke tafri ki waja se mazor bi ho skta hai plz is tarahan ke kam na kare,Ye,URD
Ye galt kam koi ap ke tafri ki waja se mazor bi ho skta hai plz is tarahan ke kam na kare,galt,URD
Ye galt kam koi ap ke tafri ki waja se mazor bi ho skta hai plz is tarahan ke kam na kare,kam,URD
Ye galt kam koi ap ke tafri ki waja se mazor bi ho skta hai plz is tarahan ke kam na kare,koi,URD
Ye galt kam koi ap ke tafri ki waja se mazor bi ho skta hai plz is tarahan ke kam na kare,ap,URD
Ye galt kam koi ap ke tafri ki waja se mazor bi ho skta hai plz is tarahan ke kam na kare,ke,URD
Ye galt kam koi ap ke tafri ki waja se mazor bi ho skta hai plz is tarahan ke kam na kare,tafri,URD
Ye galt kam koi ap ke tafri ki waja se mazor bi ho skta hai plz is tarahan ke kam na kare,ki,URD
Ye galt kam koi ap ke tafri ki waja se mazor bi ho skta hai plz is tarahan ke kam na kare,waja,URD
Ye galt kam koi ap ke tafri ki waja se mazor bi ho skta hai plz is tarahan ke kam na kare,se,URD
Ye galt kam koi ap ke tafri ki waja se mazor bi ho skta hai plz is tarahan ke kam na kare,mazor,URD
Ye galt kam koi ap ke tafri ki waja se mazor bi ho skta hai plz is tarahan ke kam na kare,bi,URD
Ye galt kam koi ap ke tafri ki waja se mazor bi ho skta hai plz is tarahan ke kam na kare,ho,URD
Ye galt kam koi ap ke tafri ki waja se mazor bi ho skta hai plz is tarahan ke kam na kare,skta,URD
Ye galt kam koi ap ke tafri ki waja se mazor bi ho skta hai plz is tarahan ke kam na kare,hai,URD
Ye galt kam koi ap ke tafri ki waja se mazor bi ho skta hai plz is tarahan ke kam na kare,plz,URD
Ye galt kam koi ap ke tafri ki waja se mazor bi ho skta hai plz is tarahan ke kam na kare,is,ENG
Ye galt kam koi ap ke tafri ki waja se mazor bi ho skta hai plz is tarahan ke kam na kare,tarahan,URD
Ye galt kam koi ap ke tafri ki waja se mazor bi ho skta hai plz is tarahan ke kam na kare,ke,URD
Ye galt kam koi ap ke tafri ki waja se mazor bi ho skta hai plz is tarahan ke kam na kare,kam,URD
Ye galt kam koi ap ke tafri ki waja se mazor bi ho skta hai plz is tarahan ke kam na kare,na,URD
Ye galt kam koi ap ke tafri ki waja se mazor bi ho skta hai plz is tarahan ke kam na kare,kare,URD
plzz is dramay ko is dafa bhi chalaiyey ga,plzz,URD
plzz is dramay ko is dafa bhi chalaiyey ga,is,ENG
plzz is dramay ko is dafa bhi chalaiyey ga,dramay,URD
plzz is dramay ko is dafa bhi chalaiyey ga,ko,URD
plzz is dramay ko is dafa bhi chalaiyey ga,is,ENG
plzz is dramay ko is dafa bhi chalaiyey ga,dafa,URD
plzz is dramay ko is dafa bhi chalaiyey ga,bhi,URD
plzz is dramay ko is dafa bhi chalaiyey ga,chalaiyey,URD
plzz is dramay ko is dafa bhi chalaiyey ga,ga,URD
Akhri 26 over mein Pakistan ko 164 runs ki zarorat thi aur sorat e hall one day match ki thi,Akhri,URD
Akhri 26 over mein Pakistan ko 164 runs ki zarorat thi aur sorat e hall one day match ki thi,26,URD
Akhri 26 over mein Pakistan ko 164 runs ki zarorat thi aur sorat e hall one day match ki thi,over,URD
Akhri 26 over mein Pakistan ko 164 runs ki zarorat thi aur sorat e hall one day match ki thi,mein,URD
Akhri 26 over mein Pakistan ko 164 runs ki zarorat thi aur sorat e hall one day match ki thi,Pakistan,URD
Akhri 26 over mein Pakistan ko 164 runs ki zarorat thi aur sorat e hall one day match ki thi,ko,URD
Akhri 26 over mein Pakistan ko 164 runs ki zarorat thi aur sorat e hall one day match ki thi,164,URD
Akhri 26 over mein Pakistan ko 164 runs ki zarorat thi aur sorat e hall one day match ki thi,runs,URD
Akhri 26 over mein Pakistan ko 164 runs ki zarorat thi aur sorat e hall one day match ki thi,ki,URD
Akhri 26 over mein Pakistan ko 164 runs ki zarorat thi aur sorat e hall one day match ki thi,zarorat,URD
Akhri 26 over mein Pakistan ko 164 runs ki zarorat thi aur sorat e hall one day match ki thi,thi,URD
Akhri 26 over mein Pakistan ko 164 runs ki zarorat thi aur sorat e hall one day match ki thi,aur,URD
Akhri 26 over mein Pakistan ko 164 runs ki zarorat thi aur sorat e hall one day match ki thi,sorat,URD
Akhri 26 over mein Pakistan ko 164 runs ki zarorat thi aur sorat e hall one day match ki thi,e,URD
Akhri 26 over mein Pakistan ko 164 runs ki zarorat thi aur sorat e hall one day match ki thi,hall,URD
Akhri 26 over mein Pakistan ko 164 runs ki zarorat thi aur sorat e hall one day match ki thi,one,URD
Akhri 26 over mein Pakistan ko 164 runs ki zarorat thi aur sorat e hall one day match ki thi,day,URD
Akhri 26 over mein Pakistan ko 164 runs ki zarorat thi aur sorat e hall one day match ki thi,match,ENG
Akhri 26 over mein Pakistan ko 164 runs ki zarorat thi aur sorat e hall one day match ki thi,ki,URD
Akhri 26 over mein Pakistan ko 164 runs ki zarorat thi aur sorat e hall one day match ki thi,thi,URD
15 December 1997 ki sham thi jab Juhar Town Lahore mein Justice (r) Rafiq Tarar ki rehaish ghah par bar bar phone ki ghanti bajne lagi,15,URD
15 December 1997 ki sham thi jab Juhar Town Lahore mein Justice (r) Rafiq Tarar ki rehaish ghah par bar bar phone ki ghanti bajne lagi,December,URD
15 December 1997 ki sham thi jab Juhar Town Lahore mein Justice (r) Rafiq Tarar ki rehaish ghah par bar bar phone ki ghanti bajne lagi,1997,URD
15 December 1997 ki sham thi jab Juhar Town Lahore mein Justice (r) Rafiq Tarar ki rehaish ghah par bar bar phone ki ghanti bajne lagi,ki,URD
15 December 1997 ki sham thi jab Juhar Town Lahore mein Justice (r) Rafiq Tarar ki rehaish ghah par bar bar phone ki ghanti bajne lagi,sham,URD
15 December 1997 ki sham thi jab Juhar Town Lahore mein Justice (r) Rafiq Tarar ki rehaish ghah par bar bar phone ki ghanti bajne lagi,thi,URD
15 December 1997 ki sham thi jab Juhar Town Lahore mein Justice (r) Rafiq Tarar ki rehaish ghah par bar bar phone ki ghanti bajne lagi,jab,URD
15 December 1997 ki sham thi jab Juhar Town Lahore mein Justice (r) Rafiq Tarar ki rehaish ghah par bar bar phone ki ghanti bajne lagi,Juhar,URD
15 December 1997 ki sham thi jab Juhar Town Lahore mein Justice (r) Rafiq Tarar ki rehaish ghah par bar bar phone ki ghanti bajne lagi,Town,URD
15 December 1997 ki sham thi jab Juhar Town Lahore mein Justice (r) Rafiq Tarar ki rehaish ghah par bar bar phone ki ghanti bajne lagi,Lahore,URD
15 December 1997 ki sham thi jab Juhar Town Lahore mein Justice (r) Rafiq Tarar ki rehaish ghah par bar bar phone ki ghanti bajne lagi,mein,URD
15 December 1997 ki sham thi jab Juhar Town Lahore mein Justice (r) Rafiq Tarar ki rehaish ghah par bar bar phone ki ghanti bajne lagi,Justice,URD
15 December 1997 ki sham thi jab Juhar Town Lahore mein Justice (r) Rafiq Tarar ki rehaish ghah par bar bar phone ki ghanti bajne lagi,(r),URD
15 December 1997 ki sham thi jab Juhar Town Lahore mein Justice (r) Rafiq Tarar ki rehaish ghah par bar bar phone ki ghanti bajne lagi,Rafiq,URD
15 December 1997 ki sham thi jab Juhar Town Lahore mein Justice (r) Rafiq Tarar ki rehaish ghah par bar bar phone ki ghanti bajne lagi,Tarar,URD
15 December 1997 ki sham thi jab Juhar Town Lahore mein Justice (r) Rafiq Tarar ki rehaish ghah par bar bar phone ki ghanti bajne lagi,ki,URD
15 December 1997 ki sham thi jab Juhar Town Lahore mein Justice (r) Rafiq Tarar ki rehaish ghah par bar bar phone ki ghanti bajne lagi,rehaish,URD
15 December 1997 ki sham thi jab Juhar Town Lahore mein Justice (r) Rafiq Tarar ki rehaish ghah par bar bar phone ki ghanti bajne lagi,ghah,URD
15 December 1997 ki sham thi jab Juhar Town Lahore mein Justice (r) Rafiq Tarar ki rehaish ghah par bar bar phone ki ghanti bajne lagi,par,URD
15 December 1997 ki sham thi jab Juhar Town Lahore mein Justice (r) Rafiq Tarar ki rehaish ghah par bar bar phone ki ghanti bajne lagi,bar,URD
15 December 1997 ki sham thi jab Juhar Town Lahore mein Justice (r) Rafiq Tarar ki rehaish ghah par bar bar phone ki ghanti bajne lagi,bar,URD
15 December 1997 ki sham thi jab Juhar Town Lahore mein Justice (r) Rafiq Tarar ki rehaish ghah par bar bar phone ki ghanti bajne lagi,phone,MIX
15 December 1997 ki sham thi jab Juhar Town Lahore mein Justice (r) Rafiq Tarar ki rehaish ghah par bar bar phone ki ghanti bajne lagi,ki,URD
15 December 1997 ki sham thi jab Juhar Town Lahore mein Justice (r) Rafiq Tarar ki rehaish ghah par bar bar phone ki ghanti bajne lagi,ghanti,URD
15 December 1997 ki sham thi jab Juhar Town Lahore mein Justice (r) Rafiq Tarar ki rehaish ghah par bar bar phone ki ghanti bajne lagi,bajne,URD
15 December 1997 ki sham thi jab Juhar Town Lahore mein Justice (r) Rafiq Tarar ki rehaish ghah par bar bar phone ki ghanti bajne lagi,lagi,URD
Is ke bachay Phir is ko lanat dain gy,Is,ENG
Is ke bachay Phir is ko lanat dain gy,ke,URD
Is ke bachay Phir is ko lanat dain gy,bachay,URD
Is ke bachay Phir is ko lanat dain gy,Phir,URD
Is ke bachay Phir is ko lanat dain gy,is,ENG
Is ke bachay Phir is ko lanat dain gy,ko,URD
Is ke bachay Phir is ko lanat dain gy,lanat,URD
Is ke bachay Phir is ko lanat dain gy,dain,URD
Is ke bachay Phir is ko lanat dain gy,gy,URD
Is ke niteje mein un ka dil Lahore ki filmi siyasat se uchat hone laga aur 1981 mein wo Karachi shift ho gaye,Is,ENG
Is ke niteje mein un ka dil Lahore ki filmi siyasat se uchat hone laga aur 1981 mein wo Karachi shift ho gaye,ke,URD
Is ke niteje mein un ka dil Lahore ki filmi siyasat se uchat hone laga aur 1981 mein wo Karachi shift ho gaye,niteje,URD
Is ke niteje mein un ka dil Lahore ki filmi siyasat se uchat hone laga aur 1981 mein wo Karachi shift ho gaye,mein,URD
Is ke niteje mein un ka dil Lahore ki filmi siyasat se uchat hone laga aur 1981 mein wo Karachi shift ho gaye,un,URD
Is ke niteje mein un ka dil Lahore ki filmi siyasat se uchat hone laga aur 1981 mein wo Karachi shift ho gaye,ka,URD
Is ke niteje mein un ka dil Lahore ki filmi siyasat se uchat hone laga aur 1981 mein wo Karachi shift ho gaye,dil,URD
Is ke niteje mein un ka dil Lahore ki filmi siyasat se uchat hone laga aur 1981 mein wo Karachi shift ho gaye,Lahore,URD
Is ke niteje mein un ka dil Lahore ki filmi siyasat se uchat hone laga aur 1981 mein wo Karachi shift ho gaye,ki,URD
Is ke niteje mein un ka dil Lahore ki filmi siyasat se uchat hone laga aur 1981 mein wo Karachi shift ho gaye,filmi,URD
Is ke niteje mein un ka dil Lahore ki filmi siyasat se uchat hone laga aur 1981 mein wo Karachi shift ho gaye,siyasat,URD
Is ke niteje mein un ka dil Lahore ki filmi siyasat se uchat hone laga aur 1981 mein wo Karachi shift ho gaye,se,URD
Is ke niteje mein un ka dil Lahore ki filmi siyasat se uchat hone laga aur 1981 mein wo Karachi shift ho gaye,uchat,URD
Is ke niteje mein un ka dil Lahore ki filmi siyasat se uchat hone laga aur 1981 mein wo Karachi shift ho gaye,hone,URD
Is ke niteje mein un ka dil Lahore ki filmi siyasat se uchat hone laga aur 1981 mein wo Karachi shift ho gaye,laga,URD
Is ke niteje mein un ka dil Lahore ki filmi siyasat se uchat hone laga aur 1981 mein wo Karachi shift ho gaye,aur,URD
Is ke niteje mein un ka dil Lahore ki filmi siyasat se uchat hone laga aur 1981 mein wo Karachi shift ho gaye,1981,URD
Is ke niteje mein un ka dil Lahore ki filmi siyasat se uchat hone laga aur 1981 mein wo Karachi shift ho gaye,mein,URD
Is ke niteje mein un ka dil Lahore ki filmi siyasat se uchat hone laga aur 1981 mein wo Karachi shift ho gaye,wo,URD
Is ke niteje mein un ka dil Lahore ki filmi siyasat se uchat hone laga aur 1981 mein wo Karachi shift ho gaye,Karachi,URD
Is ke niteje mein un ka dil Lahore ki filmi siyasat se uchat hone laga aur 1981 mein wo Karachi shift ho gaye,shift,MIX
Is ke niteje mein un ka dil Lahore ki filmi siyasat se uchat hone laga aur 1981 mein wo Karachi shift ho gaye,ho,URD
Is ke niteje mein un ka dil Lahore ki filmi siyasat se uchat hone laga aur 1981 mein wo Karachi shift ho gaye,gaye,URD
"Wasim Akram un dino Zaheer Abbas, Asif Iqbal aur Mushtaq Mohammad ko dekha karte the",Wasim,URD
"Wasim Akram un dino Zaheer Abbas, Asif Iqbal aur Mushtaq Mohammad ko dekha karte the",Akram,URD
"Wasim Akram un dino Zaheer Abbas, Asif Iqbal aur Mushtaq Mohammad ko dekha karte the",un,URD
"Wasim Akram un dino Zaheer Abbas, Asif Iqbal aur Mushtaq Mohammad ko dekha karte the",dino,URD
"Wasim Akram un dino Zaheer Abbas, Asif Iqbal aur Mushtaq Mohammad ko dekha karte the",Zaheer,URD
"Wasim Akram un dino Zaheer Abbas, Asif Iqbal aur Mushtaq Mohammad ko dekha karte the","Abbas,",URD
"Wasim Akram un dino Zaheer Abbas, Asif Iqbal aur Mushtaq Mohammad ko dekha karte the",Asif,URD
"Wasim Akram un dino Zaheer Abbas, Asif Iqbal aur Mushtaq Mohammad ko dekha karte the",Iqbal,URD
"Wasim Akram un dino Zaheer Abbas, Asif Iqbal aur Mushtaq Mohammad ko dekha karte the",aur,URD
"Wasim Akram un dino Zaheer Abbas, Asif Iqbal aur Mushtaq Mohammad ko dekha karte the",Mushtaq,URD
"Wasim Akram un dino Zaheer Abbas, Asif Iqbal aur Mushtaq Mohammad ko dekha karte the",Mohammad,URD
"Wasim Akram un dino Zaheer Abbas, Asif Iqbal aur Mushtaq Mohammad ko dekha karte the",ko,URD
"Wasim Akram un dino Zaheer Abbas, Asif Iqbal aur Mushtaq Mohammad ko dekha karte the",dekha,URD
"Wasim Akram un dino Zaheer Abbas, Asif Iqbal aur Mushtaq Mohammad ko dekha karte the",karte,URD
"Wasim Akram un dino Zaheer Abbas, Asif Iqbal aur Mushtaq Mohammad ko dekha karte the",the,ENG
Lekin is se in ki karkardegi mein koi farq nahi aaya,Lekin,URD
Lekin is se in ki karkardegi mein koi farq nahi aaya,is,ENG
Lekin is se in ki karkardegi mein koi farq nahi aaya,se,URD
Lekin is se in ki karkardegi mein koi farq nahi aaya,in,URD
Lekin is se in ki karkardegi mein koi farq nahi aaya,ki,URD
Lekin is se in ki karkardegi mein koi farq nahi aaya,karkardegi,URD
Lekin is se in ki karkardegi mein koi farq nahi aaya,mein,URD
Lekin is se in ki karkardegi mein koi farq nahi aaya,koi,URD
Lekin is se in ki karkardegi mein koi farq nahi aaya,farq,URD
Lekin is se in ki karkardegi mein koi farq nahi aaya,nahi,URD
Lekin is se in ki karkardegi mein koi farq nahi aaya,aaya,URD
Or hn  us se bolna ma'am Aliya ko be tag Kare but after result,Or,URD
Or hn  us se bolna ma'am Aliya ko be tag Kare but after result,hn,URD
Or hn  us se bolna ma'am Aliya ko be tag Kare but after result,us,URD
Or hn  us se bolna ma'am Aliya ko be tag Kare but after result,se,URD
Or hn  us se bolna ma'am Aliya ko be tag Kare but after result,bolna,URD
Or hn  us se bolna ma'am Aliya ko be tag Kare but after result,ma'am,URD
Or hn  us se bolna ma'am Aliya ko be tag Kare but after result,Aliya,URD
Or hn  us se bolna ma'am Aliya ko be tag Kare but after result,ko,URD
Or hn  us se bolna ma'am Aliya ko be tag Kare but after result,be,URD
Or hn  us se bolna ma'am Aliya ko be tag Kare but after result,tag,URD
Or hn  us se bolna ma'am Aliya ko be tag Kare but after result,Kare,URD
Or hn  us se bolna ma'am Aliya ko be tag Kare but after result,but,ENG
Or hn  us se bolna ma'am Aliya ko be tag Kare but after result,after,URD
Or hn  us se bolna ma'am Aliya ko be tag Kare but after result,result,MIX
Is ke ilawa inhe Australia ki bouncy wickets ko baratne ka saliqa bhi ab tak nahi aaya,Is,ENG
Is ke ilawa inhe Australia ki bouncy wickets ko baratne ka saliqa bhi ab tak nahi aaya,ke,URD
Is ke ilawa inhe Australia ki bouncy wickets ko baratne ka saliqa bhi ab tak nahi aaya,ilawa,URD
Is ke ilawa inhe Australia ki bouncy wickets ko baratne ka saliqa bhi ab tak nahi aaya,inhe,URD
Is ke ilawa inhe Australia ki bouncy wickets ko baratne ka saliqa bhi ab tak nahi aaya,Australia,URD
Is ke ilawa inhe Australia ki bouncy wickets ko baratne ka saliqa bhi ab tak nahi aaya,ki,URD
Is ke ilawa inhe Australia ki bouncy wickets ko baratne ka saliqa bhi ab tak nahi aaya,bouncy,URD
Is ke ilawa inhe Australia ki bouncy wickets ko baratne ka saliqa bhi ab tak nahi aaya,wickets,URD
Is ke ilawa inhe Australia ki bouncy wickets ko baratne ka saliqa bhi ab tak nahi aaya,ko,URD
Is ke ilawa inhe Australia ki bouncy wickets ko baratne ka saliqa bhi ab tak nahi aaya,baratne,URD
Is ke ilawa inhe Australia ki bouncy wickets ko baratne ka saliqa bhi ab tak nahi aaya,ka,URD
Is ke ilawa inhe Australia ki bouncy wickets ko baratne ka saliqa bhi ab tak nahi aaya,saliqa,URD
Is ke ilawa inhe Australia ki bouncy wickets ko baratne ka saliqa bhi ab tak nahi aaya,bhi,URD
Is ke ilawa inhe Australia ki bouncy wickets ko baratne ka saliqa bhi ab tak nahi aaya,ab,URD
Is ke ilawa inhe Australia ki bouncy wickets ko baratne ka saliqa bhi ab tak nahi aaya,tak,URD
Is ke ilawa inhe Australia ki bouncy wickets ko baratne ka saliqa bhi ab tak nahi aaya,nahi,URD
Is ke ilawa inhe Australia ki bouncy wickets ko baratne ka saliqa bhi ab tak nahi aaya,aaya,URD
Edhi Free cancer hospital Tariq road mein cancer ke 918 mareezon ka ilaaj kiya gaya.,Edhi,URD
Edhi Free cancer hospital Tariq road mein cancer ke 918 mareezon ka ilaaj kiya gaya.,Free,ENG
Edhi Free cancer hospital Tariq road mein cancer ke 918 mareezon ka ilaaj kiya gaya.,cancer,URD
Edhi Free cancer hospital Tariq road mein cancer ke 918 mareezon ka ilaaj kiya gaya.,hospital,MIX
Edhi Free cancer hospital Tariq road mein cancer ke 918 mareezon ka ilaaj kiya gaya.,Tariq,URD
Edhi Free cancer hospital Tariq road mein cancer ke 918 mareezon ka ilaaj kiya gaya.,road,MIX
Edhi Free cancer hospital Tariq road mein cancer ke 918 mareezon ka ilaaj kiya gaya.,mein,URD
Edhi Free cancer hospital Tariq road mein cancer ke 918 mareezon ka ilaaj kiya gaya.,cancer,URD
Edhi Free cancer hospital Tariq road mein cancer ke 918 mareezon ka ilaaj kiya gaya.,ke,URD
Edhi Free cancer hospital Tariq road mein cancer ke 918 mareezon ka ilaaj kiya gaya.,918,URD
Edhi Free cancer hospital Tariq road mein cancer ke 918 mareezon ka ilaaj kiya gaya.,mareezon,URD
Edhi Free cancer hospital Tariq road mein cancer ke 918 mareezon ka ilaaj kiya gaya.,ka,URD
Edhi Free cancer hospital Tariq road mein cancer ke 918 mareezon ka ilaaj kiya gaya.,ilaaj,URD
Edhi Free cancer hospital Tariq road mein cancer ke 918 mareezon ka ilaaj kiya gaya.,kiya,URD
Edhi Free cancer hospital Tariq road mein cancer ke 918 mareezon ka ilaaj kiya gaya.,gaya.,URD
q k me b is qhom ka ek fard un am sab ka zimadari k apni behn ki rehai k le ar foram me koshish...,q,URD
q k me b is qhom ka ek fard un am sab ka zimadari k apni behn ki rehai k le ar foram me koshish...,k,URD
q k me b is qhom ka ek fard un am sab ka zimadari k apni behn ki rehai k le ar foram me koshish...,me,URD
q k me b is qhom ka ek fard un am sab ka zimadari k apni behn ki rehai k le ar foram me koshish...,b,URD
q k me b is qhom ka ek fard un am sab ka zimadari k apni behn ki rehai k le ar foram me koshish...,is,ENG
q k me b is qhom ka ek fard un am sab ka zimadari k apni behn ki rehai k le ar foram me koshish...,qhom,URD
q k me b is qhom ka ek fard un am sab ka zimadari k apni behn ki rehai k le ar foram me koshish...,ka,URD
q k me b is qhom ka ek fard un am sab ka zimadari k apni behn ki rehai k le ar foram me koshish...,ek,URD
q k me b is qhom ka ek fard un am sab ka zimadari k apni behn ki rehai k le ar foram me koshish...,fard,URD
q k me b is qhom ka ek fard un am sab ka zimadari k apni behn ki rehai k le ar foram me koshish...,un,URD
q k me b is qhom ka ek fard un am sab ka zimadari k apni behn ki rehai k le ar foram me koshish...,am,URD
q k me b is qhom ka ek fard un am sab ka zimadari k apni behn ki rehai k le ar foram me koshish...,sab,URD
q k me b is qhom ka ek fard un am sab ka zimadari k apni behn ki rehai k le ar foram me koshish...,ka,URD
q k me b is qhom ka ek fard un am sab ka zimadari k apni behn ki rehai k le ar foram me koshish...,zimadari,URD
q k me b is qhom ka ek fard un am sab ka zimadari k apni behn ki rehai k le ar foram me koshish...,k,URD
q k me b is qhom ka ek fard un am sab ka zimadari k apni behn ki rehai k le ar foram me koshish...,apni,URD
q k me b is qhom ka ek fard un am sab ka zimadari k apni behn ki rehai k le ar foram me koshish...,behn,URD
q k me b is qhom ka ek fard un am sab ka zimadari k apni behn ki rehai k le ar foram me koshish...,ki,URD
q k me b is qhom ka ek fard un am sab ka zimadari k apni behn ki rehai k le ar foram me koshish...,rehai,URD
q k me b is qhom ka ek fard un am sab ka zimadari k apni behn ki rehai k le ar foram me koshish...,k,URD
q k me b is qhom ka ek fard un am sab ka zimadari k apni behn ki rehai k le ar foram me koshish...,le,URD
q k me b is qhom ka ek fard un am sab ka zimadari k apni behn ki rehai k le ar foram me koshish...,ar,URD
q k me b is qhom ka ek fard un am sab ka zimadari k apni behn ki rehai k le ar foram me koshish...,foram,URD
q k me b is qhom ka ek fard un am sab ka zimadari k apni behn ki rehai k le ar foram me koshish...,me,URD
q k me b is qhom ka ek fard un am sab ka zimadari k apni behn ki rehai k le ar foram me koshish...,koshish...,URD
"Major Shabbir Sharif rajput khandan se taluq rakhte the, body building ka bohat shoq tha,pasandedah sawari motor cycle thi",Major,URD
"Major Shabbir Sharif rajput khandan se taluq rakhte the, body building ka bohat shoq tha,pasandedah sawari motor cycle thi",Shabbir,URD
"Major Shabbir Sharif rajput khandan se taluq rakhte the, body building ka bohat shoq tha,pasandedah sawari motor cycle thi",Sharif,URD
"Major Shabbir Sharif rajput khandan se taluq rakhte the, body building ka bohat shoq tha,pasandedah sawari motor cycle thi",rajput,URD
"Major Shabbir Sharif rajput khandan se taluq rakhte the, body building ka bohat shoq tha,pasandedah sawari motor cycle thi",khandan,URD
"Major Shabbir Sharif rajput khandan se taluq rakhte the, body building ka bohat shoq tha,pasandedah sawari motor cycle thi",se,URD
"Major Shabbir Sharif rajput khandan se taluq rakhte the, body building ka bohat shoq tha,pasandedah sawari motor cycle thi",taluq,URD
"Major Shabbir Sharif rajput khandan se taluq rakhte the, body building ka bohat shoq tha,pasandedah sawari motor cycle thi",rakhte,URD
"Major Shabbir Sharif rajput khandan se taluq rakhte the, body building ka bohat shoq tha,pasandedah sawari motor cycle thi","the,",ENG
"Major Shabbir Sharif rajput khandan se taluq rakhte the, body building ka bohat shoq tha,pasandedah sawari motor cycle thi",body,URD
"Major Shabbir Sharif rajput khandan se taluq rakhte the, body building ka bohat shoq tha,pasandedah sawari motor cycle thi",building,MIX
"Major Shabbir Sharif rajput khandan se taluq rakhte the, body building ka bohat shoq tha,pasandedah sawari motor cycle thi",ka,URD
"Major Shabbir Sharif rajput khandan se taluq rakhte the, body building ka bohat shoq tha,pasandedah sawari motor cycle thi",bohat,URD
"Major Shabbir Sharif rajput khandan se taluq rakhte the, body building ka bohat shoq tha,pasandedah sawari motor cycle thi",shoq,URD
"Major Shabbir Sharif rajput khandan se taluq rakhte the, body building ka bohat shoq tha,pasandedah sawari motor cycle thi","tha,pasandedah",URD
"Major Shabbir Sharif rajput khandan se taluq rakhte the, body building ka bohat shoq tha,pasandedah sawari motor cycle thi",sawari,URD
"Major Shabbir Sharif rajput khandan se taluq rakhte the, body building ka bohat shoq tha,pasandedah sawari motor cycle thi",motor,URD
"Major Shabbir Sharif rajput khandan se taluq rakhte the, body building ka bohat shoq tha,pasandedah sawari motor cycle thi",cycle,URD
"Major Shabbir Sharif rajput khandan se taluq rakhte the, body building ka bohat shoq tha,pasandedah sawari motor cycle thi",thi,URD
Tahum 1999 mein paida hone wale match fixing ke tanazey se Wasim Akram ke career par bura asar parha aur in ki shohrat ko nuqsaan pohancha,Tahum,URD
Tahum 1999 mein paida hone wale match fixing ke tanazey se Wasim Akram ke career par bura asar parha aur in ki shohrat ko nuqsaan pohancha,1999,URD
Tahum 1999 mein paida hone wale match fixing ke tanazey se Wasim Akram ke career par bura asar parha aur in ki shohrat ko nuqsaan pohancha,mein,URD
Tahum 1999 mein paida hone wale match fixing ke tanazey se Wasim Akram ke career par bura asar parha aur in ki shohrat ko nuqsaan pohancha,paida,URD
Tahum 1999 mein paida hone wale match fixing ke tanazey se Wasim Akram ke career par bura asar parha aur in ki shohrat ko nuqsaan pohancha,hone,URD
Tahum 1999 mein paida hone wale match fixing ke tanazey se Wasim Akram ke career par bura asar parha aur in ki shohrat ko nuqsaan pohancha,wale,URD
Tahum 1999 mein paida hone wale match fixing ke tanazey se Wasim Akram ke career par bura asar parha aur in ki shohrat ko nuqsaan pohancha,match,ENG
Tahum 1999 mein paida hone wale match fixing ke tanazey se Wasim Akram ke career par bura asar parha aur in ki shohrat ko nuqsaan pohancha,fixing,URD
Tahum 1999 mein paida hone wale match fixing ke tanazey se Wasim Akram ke career par bura asar parha aur in ki shohrat ko nuqsaan pohancha,ke,URD
Tahum 1999 mein paida hone wale match fixing ke tanazey se Wasim Akram ke career par bura asar parha aur in ki shohrat ko nuqsaan pohancha,tanazey,URD
Tahum 1999 mein paida hone wale match fixing ke tanazey se Wasim Akram ke career par bura asar parha aur in ki shohrat ko nuqsaan pohancha,se,URD
Tahum 1999 mein paida hone wale match fixing ke tanazey se Wasim Akram ke career par bura asar parha aur in ki shohrat ko nuqsaan pohancha,Wasim,URD
Tahum 1999 mein paida hone wale match fixing ke tanazey se Wasim Akram ke career par bura asar parha aur in ki shohrat ko nuqsaan pohancha,Akram,URD
Tahum 1999 mein paida hone wale match fixing ke tanazey se Wasim Akram ke career par bura asar parha aur in ki shohrat ko nuqsaan pohancha,ke,URD
Tahum 1999 mein paida hone wale match fixing ke tanazey se Wasim Akram ke career par bura asar parha aur in ki shohrat ko nuqsaan pohancha,career,URD
Tahum 1999 mein paida hone wale match fixing ke tanazey se Wasim Akram ke career par bura asar parha aur in ki shohrat ko nuqsaan pohancha,par,URD
Tahum 1999 mein paida hone wale match fixing ke tanazey se Wasim Akram ke career par bura asar parha aur in ki shohrat ko nuqsaan pohancha,bura,URD
Tahum 1999 mein paida hone wale match fixing ke tanazey se Wasim Akram ke career par bura asar parha aur in ki shohrat ko nuqsaan pohancha,asar,URD
Tahum 1999 mein paida hone wale match fixing ke tanazey se Wasim Akram ke career par bura asar parha aur in ki shohrat ko nuqsaan pohancha,parha,URD
Tahum 1999 mein paida hone wale match fixing ke tanazey se Wasim Akram ke career par bura asar parha aur in ki shohrat ko nuqsaan pohancha,aur,URD
Tahum 1999 mein paida hone wale match fixing ke tanazey se Wasim Akram ke career par bura asar parha aur in ki shohrat ko nuqsaan pohancha,in,URD
Tahum 1999 mein paida hone wale match fixing ke tanazey se Wasim Akram ke career par bura asar parha aur in ki shohrat ko nuqsaan pohancha,ki,URD
Tahum 1999 mein paida hone wale match fixing ke tanazey se Wasim Akram ke career par bura asar parha aur in ki shohrat ko nuqsaan pohancha,shohrat,URD
Tahum 1999 mein paida hone wale match fixing ke tanazey se Wasim Akram ke career par bura asar parha aur in ki shohrat ko nuqsaan pohancha,ko,URD
Tahum 1999 mein paida hone wale match fixing ke tanazey se Wasim Akram ke career par bura asar parha aur in ki shohrat ko nuqsaan pohancha,nuqsaan,URD
Tahum 1999 mein paida hone wale match fixing ke tanazey se Wasim Akram ke career par bura asar parha aur in ki shohrat ko nuqsaan pohancha,pohancha,URD
Inni bari aur moti taazi 🦎 the wo cap hatta Dene ha us NY 😛,Inni,URD
Inni bari aur moti taazi 🦎 the wo cap hatta Dene ha us NY 😛,bari,URD
Inni bari aur moti taazi 🦎 the wo cap hatta Dene ha us NY 😛,aur,URD
Inni bari aur moti taazi 🦎 the wo cap hatta Dene ha us NY 😛,moti,URD
Inni bari aur moti taazi 🦎 the wo cap hatta Dene ha us NY 😛,taazi,URD
Inni bari aur moti taazi 🦎 the wo cap hatta Dene ha us NY 😛,🦎,URD
Inni bari aur moti taazi 🦎 the wo cap hatta Dene ha us NY 😛,the,ENG
Inni bari aur moti taazi 🦎 the wo cap hatta Dene ha us NY 😛,wo,URD
Inni bari aur moti taazi 🦎 the wo cap hatta Dene ha us NY 😛,cap,URD
Inni bari aur moti taazi 🦎 the wo cap hatta Dene ha us NY 😛,hatta,URD
Inni bari aur moti taazi 🦎 the wo cap hatta Dene ha us NY 😛,Dene,URD
Inni bari aur moti taazi 🦎 the wo cap hatta Dene ha us NY 😛,ha,URD
Inni bari aur moti taazi 🦎 the wo cap hatta Dene ha us NY 😛,us,URD
Inni bari aur moti taazi 🦎 the wo cap hatta Dene ha us NY 😛,NY,URD
Inni bari aur moti taazi 🦎 the wo cap hatta Dene ha us NY 😛,😛,URD
5 August 1962 ko sirf 36 saal ki umer mein wo zindagi ki sari hungama khezi ko alvidah keh kar is duniya se rukhsat ho gai,5,URD
5 August 1962 ko sirf 36 saal ki umer mein wo zindagi ki sari hungama khezi ko alvidah keh kar is duniya se rukhsat ho gai,August,URD
5 August 1962 ko sirf 36 saal ki umer mein wo zindagi ki sari hungama khezi ko alvidah keh kar is duniya se rukhsat ho gai,1962,URD
5 August 1962 ko sirf 36 saal ki umer mein wo zindagi ki sari hungama khezi ko alvidah keh kar is duniya se rukhsat ho gai,ko,URD
5 August 1962 ko sirf 36 saal ki umer mein wo zindagi ki sari hungama khezi ko alvidah keh kar is duniya se rukhsat ho gai,sirf,URD
5 August 1962 ko sirf 36 saal ki umer mein wo zindagi ki sari hungama khezi ko alvidah keh kar is duniya se rukhsat ho gai,36,URD
5 August 1962 ko sirf 36 saal ki umer mein wo zindagi ki sari hungama khezi ko alvidah keh kar is duniya se rukhsat ho gai,saal,URD
5 August 1962 ko sirf 36 saal ki umer mein wo zindagi ki sari hungama khezi ko alvidah keh kar is duniya se rukhsat ho gai,ki,URD
5 August 1962 ko sirf 36 saal ki umer mein wo zindagi ki sari hungama khezi ko alvidah keh kar is duniya se rukhsat ho gai,umer,URD
5 August 1962 ko sirf 36 saal ki umer mein wo zindagi ki sari hungama khezi ko alvidah keh kar is duniya se rukhsat ho gai,mein,URD
5 August 1962 ko sirf 36 saal ki umer mein wo zindagi ki sari hungama khezi ko alvidah keh kar is duniya se rukhsat ho gai,wo,URD
5 August 1962 ko sirf 36 saal ki umer mein wo zindagi ki sari hungama khezi ko alvidah keh kar is duniya se rukhsat ho gai,zindagi,URD
5 August 1962 ko sirf 36 saal ki umer mein wo zindagi ki sari hungama khezi ko alvidah keh kar is duniya se rukhsat ho gai,ki,URD
5 August 1962 ko sirf 36 saal ki umer mein wo zindagi ki sari hungama khezi ko alvidah keh kar is duniya se rukhsat ho gai,sari,URD
5 August 1962 ko sirf 36 saal ki umer mein wo zindagi ki sari hungama khezi ko alvidah keh kar is duniya se rukhsat ho gai,hungama,URD
5 August 1962 ko sirf 36 saal ki umer mein wo zindagi ki sari hungama khezi ko alvidah keh kar is duniya se rukhsat ho gai,khezi,URD
5 August 1962 ko sirf 36 saal ki umer mein wo zindagi ki sari hungama khezi ko alvidah keh kar is duniya se rukhsat ho gai,ko,URD
5 August 1962 ko sirf 36 saal ki umer mein wo zindagi ki sari hungama khezi ko alvidah keh kar is duniya se rukhsat ho gai,alvidah,URD
5 August 1962 ko sirf 36 saal ki umer mein wo zindagi ki sari hungama khezi ko alvidah keh kar is duniya se rukhsat ho gai,keh,URD
5 August 1962 ko sirf 36 saal ki umer mein wo zindagi ki sari hungama khezi ko alvidah keh kar is duniya se rukhsat ho gai,kar,URD
5 August 1962 ko sirf 36 saal ki umer mein wo zindagi ki sari hungama khezi ko alvidah keh kar is duniya se rukhsat ho gai,is,ENG
5 August 1962 ko sirf 36 saal ki umer mein wo zindagi ki sari hungama khezi ko alvidah keh kar is duniya se rukhsat ho gai,duniya,URD
5 August 1962 ko sirf 36 saal ki umer mein wo zindagi ki sari hungama khezi ko alvidah keh kar is duniya se rukhsat ho gai,se,URD
5 August 1962 ko sirf 36 saal ki umer mein wo zindagi ki sari hungama khezi ko alvidah keh kar is duniya se rukhsat ho gai,rukhsat,URD
5 August 1962 ko sirf 36 saal ki umer mein wo zindagi ki sari hungama khezi ko alvidah keh kar is duniya se rukhsat ho gai,ho,URD
5 August 1962 ko sirf 36 saal ki umer mein wo zindagi ki sari hungama khezi ko alvidah keh kar is duniya se rukhsat ho gai,gai,URD
hum tv is ka end na karan,hum,URD
hum tv is ka end na karan,tv,MIX
hum tv is ka end na karan,is,ENG
hum tv is ka end na karan,ka,URD
hum tv is ka end na karan,end,URD
hum tv is ka end na karan,na,URD
hum tv is ka end na karan,karan,URD
Hafeez Jalandhari pakistan ke qaumi shaiyr the magar in ki maqbooliyat bharat mein bhi kam nahi thi,Hafeez,URD
Hafeez Jalandhari pakistan ke qaumi shaiyr the magar in ki maqbooliyat bharat mein bhi kam nahi thi,Jalandhari,URD
Hafeez Jalandhari pakistan ke qaumi shaiyr the magar in ki maqbooliyat bharat mein bhi kam nahi thi,pakistan,URD
Hafeez Jalandhari pakistan ke qaumi shaiyr the magar in ki maqbooliyat bharat mein bhi kam nahi thi,ke,URD
Hafeez Jalandhari pakistan ke qaumi shaiyr the magar in ki maqbooliyat bharat mein bhi kam nahi thi,qaumi,URD
Hafeez Jalandhari pakistan ke qaumi shaiyr the magar in ki maqbooliyat bharat mein bhi kam nahi thi,shaiyr,URD
Hafeez Jalandhari pakistan ke qaumi shaiyr the magar in ki maqbooliyat bharat mein bhi kam nahi thi,the,ENG
Hafeez Jalandhari pakistan ke qaumi shaiyr the magar in ki maqbooliyat bharat mein bhi kam nahi thi,magar,URD
Hafeez Jalandhari pakistan ke qaumi shaiyr the magar in ki maqbooliyat bharat mein bhi kam nahi thi,in,URD
Hafeez Jalandhari pakistan ke qaumi shaiyr the magar in ki maqbooliyat bharat mein bhi kam nahi thi,ki,URD
Hafeez Jalandhari pakistan ke qaumi shaiyr the magar in ki maqbooliyat bharat mein bhi kam nahi thi,maqbooliyat,URD
Hafeez Jalandhari pakistan ke qaumi shaiyr the magar in ki maqbooliyat bharat mein bhi kam nahi thi,bharat,URD
Hafeez Jalandhari pakistan ke qaumi shaiyr the magar in ki maqbooliyat bharat mein bhi kam nahi thi,mein,URD
Hafeez Jalandhari pakistan ke qaumi shaiyr the magar in ki maqbooliyat bharat mein bhi kam nahi thi,bhi,URD
Hafeez Jalandhari pakistan ke qaumi shaiyr the magar in ki maqbooliyat bharat mein bhi kam nahi thi,kam,URD
Hafeez Jalandhari pakistan ke qaumi shaiyr the magar in ki maqbooliyat bharat mein bhi kam nahi thi,nahi,URD
Hafeez Jalandhari pakistan ke qaumi shaiyr the magar in ki maqbooliyat bharat mein bhi kam nahi thi,thi,URD
Bari hi koi dukh bhari ending hogi is dramy ki,Bari,URD
Bari hi koi dukh bhari ending hogi is dramy ki,hi,URD
Bari hi koi dukh bhari ending hogi is dramy ki,koi,URD
Bari hi koi dukh bhari ending hogi is dramy ki,dukh,URD
Bari hi koi dukh bhari ending hogi is dramy ki,bhari,URD
Bari hi koi dukh bhari ending hogi is dramy ki,ending,URD
Bari hi koi dukh bhari ending hogi is dramy ki,hogi,URD
Bari hi koi dukh bhari ending hogi is dramy ki,is,ENG
Bari hi koi dukh bhari ending hogi is dramy ki,dramy,URD
Bari hi koi dukh bhari ending hogi is dramy ki,ki,URD
I hope is video ka awam per bhi kuch asar paray . Anyways Fantabulous work .. It touched the heart and soul .,I,URD
I hope is video ka awam per bhi kuch asar paray . Anyways Fantabulous work .. It touched the heart and soul .,hope,ENG
I hope is video ka awam per bhi kuch asar paray . Anyways Fantabulous work .. It touched the heart and soul .,is,ENG
I hope is video ka awam per bhi kuch asar paray . Anyways Fantabulous work .. It touched the heart and soul .,video,MIX
I hope is video ka awam per bhi kuch asar paray . Anyways Fantabulous work .. It touched the heart and soul .,ka,URD
I hope is video ka awam per bhi kuch asar paray . Anyways Fantabulous work .. It touched the heart and soul .,awam,URD
I hope is video ka awam per bhi kuch asar paray . Anyways Fantabulous work .. It touched the heart and soul .,per,URD
I hope is video ka awam per bhi kuch asar paray . Anyways Fantabulous work .. It touched the heart and soul .,bhi,URD
I hope is video ka awam per bhi kuch asar paray . Anyways Fantabulous work .. It touched the heart and soul .,kuch,URD
I hope is video ka awam per bhi kuch asar paray . Anyways Fantabulous work .. It touched the heart and soul .,asar,URD
I hope is video ka awam per bhi kuch asar paray . Anyways Fantabulous work .. It touched the heart and soul .,paray,URD
I hope is video ka awam per bhi kuch asar paray . Anyways Fantabulous work .. It touched the heart and soul .,.,URD
I hope is video ka awam per bhi kuch asar paray . Anyways Fantabulous work .. It touched the heart and soul .,Anyways,URD
I hope is video ka awam per bhi kuch asar paray . Anyways Fantabulous work .. It touched the heart and soul .,Fantabulous,URD
I hope is video ka awam per bhi kuch asar paray . Anyways Fantabulous work .. It touched the heart and soul .,work,ENG
I hope is video ka awam per bhi kuch asar paray . Anyways Fantabulous work .. It touched the heart and soul .,..,URD
I hope is video ka awam per bhi kuch asar paray . Anyways Fantabulous work .. It touched the heart and soul .,It,URD
I hope is video ka awam per bhi kuch asar paray . Anyways Fantabulous work .. It touched the heart and soul .,touched,URD
I hope is video ka awam per bhi kuch asar paray . Anyways Fantabulous work .. It touched the heart and soul .,the,ENG
I hope is video ka awam per bhi kuch asar paray . Anyways Fantabulous work .. It touched the heart and soul .,heart,URD
I hope is video ka awam per bhi kuch asar paray . Anyways Fantabulous work .. It touched the heart and soul .,and,ENG
I hope is video ka awam per bhi kuch asar paray . Anyways Fantabulous work .. It touched the heart and soul .,soul,URD
I hope is video ka awam per bhi kuch asar paray . Anyways Fantabulous work .. It touched the heart and soul .,.,URD
Yeh 5 roza test match mein kisi bhi cricketer ka ab tak sab se barha score hai,Yeh,URD
Yeh 5 roza test match mein kisi bhi cricketer ka ab tak sab se barha score hai,5,URD
Yeh 5 roza test match mein kisi bhi cricketer ka ab tak sab se barha score hai,roza,URD
Yeh 5 roza test match mein kisi bhi cricketer ka ab tak sab se barha score hai,test,MIX
Yeh 5 roza test match mein kisi bhi cricketer ka ab tak sab se barha score hai,match,ENG
Yeh 5 roza test match mein kisi bhi cricketer ka ab tak sab se barha score hai,mein,URD
Yeh 5 roza test match mein kisi bhi cricketer ka ab tak sab se barha score hai,kisi,URD
Yeh 5 roza test match mein kisi bhi cricketer ka ab tak sab se barha score hai,bhi,URD
Yeh 5 roza test match mein kisi bhi cricketer ka ab tak sab se barha score hai,cricketer,URD
Yeh 5 roza test match mein kisi bhi cricketer ka ab tak sab se barha score hai,ka,URD
Yeh 5 roza test match mein kisi bhi cricketer ka ab tak sab se barha score hai,ab,URD
Yeh 5 roza test match mein kisi bhi cricketer ka ab tak sab se barha score hai,tak,URD
Yeh 5 roza test match mein kisi bhi cricketer ka ab tak sab se barha score hai,sab,URD
Yeh 5 roza test match mein kisi bhi cricketer ka ab tak sab se barha score hai,se,URD
Yeh 5 roza test match mein kisi bhi cricketer ka ab tak sab se barha score hai,barha,URD
Yeh 5 roza test match mein kisi bhi cricketer ka ab tak sab se barha score hai,score,URD
Yeh 5 roza test match mein kisi bhi cricketer ka ab tak sab se barha score hai,hai,URD
g bilkul istamal karsaktain hain is me sub ghbrelu chezen hain,g,URD
g bilkul istamal karsaktain hain is me sub ghbrelu chezen hain,bilkul,URD
g bilkul istamal karsaktain hain is me sub ghbrelu chezen hain,istamal,URD
g bilkul istamal karsaktain hain is me sub ghbrelu chezen hain,karsaktain,URD
g bilkul istamal karsaktain hain is me sub ghbrelu chezen hain,hain,URD
g bilkul istamal karsaktain hain is me sub ghbrelu chezen hain,is,ENG
g bilkul istamal karsaktain hain is me sub ghbrelu chezen hain,me,URD
g bilkul istamal karsaktain hain is me sub ghbrelu chezen hain,sub,URD
g bilkul istamal karsaktain hain is me sub ghbrelu chezen hain,ghbrelu,URD
g bilkul istamal karsaktain hain is me sub ghbrelu chezen hain,chezen,URD
g bilkul istamal karsaktain hain is me sub ghbrelu chezen hain,hain,URD
* suprem cout say request ki jahy k ek jit banai jahy jis ki time limit 2 month rakhi jahy .,*,URD
* suprem cout say request ki jahy k ek jit banai jahy jis ki time limit 2 month rakhi jahy .,suprem,URD
* suprem cout say request ki jahy k ek jit banai jahy jis ki time limit 2 month rakhi jahy .,cout,URD
* suprem cout say request ki jahy k ek jit banai jahy jis ki time limit 2 month rakhi jahy .,say,URD
* suprem cout say request ki jahy k ek jit banai jahy jis ki time limit 2 month rakhi jahy .,request,URD
* suprem cout say request ki jahy k ek jit banai jahy jis ki time limit 2 month rakhi jahy .,ki,URD
* suprem cout say request ki jahy k ek jit banai jahy jis ki time limit 2 month rakhi jahy .,jahy,URD
* suprem cout say request ki jahy k ek jit banai jahy jis ki time limit 2 month rakhi jahy .,k,URD
* suprem cout say request ki jahy k ek jit banai jahy jis ki time limit 2 month rakhi jahy .,ek,URD
* suprem cout say request ki jahy k ek jit banai jahy jis ki time limit 2 month rakhi jahy .,jit,URD
* suprem cout say request ki jahy k ek jit banai jahy jis ki time limit 2 month rakhi jahy .,banai,URD
* suprem cout say request ki jahy k ek jit banai jahy jis ki time limit 2 month rakhi jahy .,jahy,URD
* suprem cout say request ki jahy k ek jit banai jahy jis ki time limit 2 month rakhi jahy .,jis,URD
* suprem cout say request ki jahy k ek jit banai jahy jis ki time limit 2 month rakhi jahy .,ki,URD
* suprem cout say request ki jahy k ek jit banai jahy jis ki time limit 2 month rakhi jahy .,time,MIX
* suprem cout say request ki jahy k ek jit banai jahy jis ki time limit 2 month rakhi jahy .,limit,URD
* suprem cout say request ki jahy k ek jit banai jahy jis ki time limit 2 month rakhi jahy .,2,URD
* suprem cout say request ki jahy k ek jit banai jahy jis ki time limit 2 month rakhi jahy .,month,URD
* suprem cout say request ki jahy k ek jit banai jahy jis ki time limit 2 month rakhi jahy .,rakhi,URD
* suprem cout say request ki jahy k ek jit banai jahy jis ki time limit 2 month rakhi jahy .,jahy,URD
* suprem cout say request ki jahy k ek jit banai jahy jis ki time limit 2 month rakhi jahy .,.,URD
Abhee tak tou mein is ki quality se khush hoon. Apna asar dekhaa rahee hai. Aur material bhee abhee tak chal raha hai :),Abhee,URD
Abhee tak tou mein is ki quality se khush hoon. Apna asar dekhaa rahee hai. Aur material bhee abhee tak chal raha hai :),tak,URD
Abhee tak tou mein is ki quality se khush hoon. Apna asar dekhaa rahee hai. Aur material bhee abhee tak chal raha hai :),tou,URD
Abhee tak tou mein is ki quality se khush hoon. Apna asar dekhaa rahee hai. Aur material bhee abhee tak chal raha hai :),mein,URD
Abhee tak tou mein is ki quality se khush hoon. Apna asar dekhaa rahee hai. Aur material bhee abhee tak chal raha hai :),is,ENG
Abhee tak tou mein is ki quality se khush hoon. Apna asar dekhaa rahee hai. Aur material bhee abhee tak chal raha hai :),ki,URD
Abhee tak tou mein is ki quality se khush hoon. Apna asar dekhaa rahee hai. Aur material bhee abhee tak chal raha hai :),quality,URD
Abhee tak tou mein is ki quality se khush hoon. Apna asar dekhaa rahee hai. Aur material bhee abhee tak chal raha hai :),se,URD
Abhee tak tou mein is ki quality se khush hoon. Apna asar dekhaa rahee hai. Aur material bhee abhee tak chal raha hai :),khush,URD
Abhee tak tou mein is ki quality se khush hoon. Apna asar dekhaa rahee hai. Aur material bhee abhee tak chal raha hai :),hoon.,URD
Abhee tak tou mein is ki quality se khush hoon. Apna asar dekhaa rahee hai. Aur material bhee abhee tak chal raha hai :),Apna,URD
Abhee tak tou mein is ki quality se khush hoon. Apna asar dekhaa rahee hai. Aur material bhee abhee tak chal raha hai :),asar,URD
Abhee tak tou mein is ki quality se khush hoon. Apna asar dekhaa rahee hai. Aur material bhee abhee tak chal raha hai :),dekhaa,URD
Abhee tak tou mein is ki quality se khush hoon. Apna asar dekhaa rahee hai. Aur material bhee abhee tak chal raha hai :),rahee,URD
Abhee tak tou mein is ki quality se khush hoon. Apna asar dekhaa rahee hai. Aur material bhee abhee tak chal raha hai :),hai.,URD
Abhee tak tou mein is ki quality se khush hoon. Apna asar dekhaa rahee hai. Aur material bhee abhee tak chal raha hai :),Aur,URD
Abhee tak tou mein is ki quality se khush hoon. Apna asar dekhaa rahee hai. Aur material bhee abhee tak chal raha hai :),material,URD
Abhee tak tou mein is ki quality se khush hoon. Apna asar dekhaa rahee hai. Aur material bhee abhee tak chal raha hai :),bhee,URD
Abhee tak tou mein is ki quality se khush hoon. Apna asar dekhaa rahee hai. Aur material bhee abhee tak chal raha hai :),abhee,URD
Abhee tak tou mein is ki quality se khush hoon. Apna asar dekhaa rahee hai. Aur material bhee abhee tak chal raha hai :),tak,URD
Abhee tak tou mein is ki quality se khush hoon. Apna asar dekhaa rahee hai. Aur material bhee abhee tak chal raha hai :),chal,URD
Abhee tak tou mein is ki quality se khush hoon. Apna asar dekhaa rahee hai. Aur material bhee abhee tak chal raha hai :),raha,URD
Abhee tak tou mein is ki quality se khush hoon. Apna asar dekhaa rahee hai. Aur material bhee abhee tak chal raha hai :),hai,URD
Abhee tak tou mein is ki quality se khush hoon. Apna asar dekhaa rahee hai. Aur material bhee abhee tak chal raha hai :),:),URD
Mujhe afsos is baat ka ha k aunty ka sochne ka andaz dekh zara kano ko hath lagaye banda,Mujhe,URD
Mujhe afsos is baat ka ha k aunty ka sochne ka andaz dekh zara kano ko hath lagaye banda,afsos,URD
Mujhe afsos is baat ka ha k aunty ka sochne ka andaz dekh zara kano ko hath lagaye banda,is,ENG
Mujhe afsos is baat ka ha k aunty ka sochne ka andaz dekh zara kano ko hath lagaye banda,baat,URD
Mujhe afsos is baat ka ha k aunty ka sochne ka andaz dekh zara kano ko hath lagaye banda,ka,URD
Mujhe afsos is baat ka ha k aunty ka sochne ka andaz dekh zara kano ko hath lagaye banda,ha,URD
Mujhe afsos is baat ka ha k aunty ka sochne ka andaz dekh zara kano ko hath lagaye banda,k,URD
Mujhe afsos is baat ka ha k aunty ka sochne ka andaz dekh zara kano ko hath lagaye banda,aunty,URD
Mujhe afsos is baat ka ha k aunty ka sochne ka andaz dekh zara kano ko hath lagaye banda,ka,URD
Mujhe afsos is baat ka ha k aunty ka sochne ka andaz dekh zara kano ko hath lagaye banda,sochne,URD
Mujhe afsos is baat ka ha k aunty ka sochne ka andaz dekh zara kano ko hath lagaye banda,ka,URD
Mujhe afsos is baat ka ha k aunty ka sochne ka andaz dekh zara kano ko hath lagaye banda,andaz,URD
Mujhe afsos is baat ka ha k aunty ka sochne ka andaz dekh zara kano ko hath lagaye banda,dekh,URD
Mujhe afsos is baat ka ha k aunty ka sochne ka andaz dekh zara kano ko hath lagaye banda,zara,URD
Mujhe afsos is baat ka ha k aunty ka sochne ka andaz dekh zara kano ko hath lagaye banda,kano,URD
Mujhe afsos is baat ka ha k aunty ka sochne ka andaz dekh zara kano ko hath lagaye banda,ko,URD
Mujhe afsos is baat ka ha k aunty ka sochne ka andaz dekh zara kano ko hath lagaye banda,hath,URD
Mujhe afsos is baat ka ha k aunty ka sochne ka andaz dekh zara kano ko hath lagaye banda,lagaye,URD
Mujhe afsos is baat ka ha k aunty ka sochne ka andaz dekh zara kano ko hath lagaye banda,banda,URD
lahoriiii burger Soja beta apka time hogya. Sone se pehle abbu se puchlena.,lahoriiii,URD
lahoriiii burger Soja beta apka time hogya. Sone se pehle abbu se puchlena.,burger,URD
lahoriiii burger Soja beta apka time hogya. Sone se pehle abbu se puchlena.,Soja,URD
lahoriiii burger Soja beta apka time hogya. Sone se pehle abbu se puchlena.,beta,URD
lahoriiii burger Soja beta apka time hogya. Sone se pehle abbu se puchlena.,apka,URD
lahoriiii burger Soja beta apka time hogya. Sone se pehle abbu se puchlena.,time,MIX
lahoriiii burger Soja beta apka time hogya. Sone se pehle abbu se puchlena.,hogya.,URD
lahoriiii burger Soja beta apka time hogya. Sone se pehle abbu se puchlena.,Sone,URD
lahoriiii burger Soja beta apka time hogya. Sone se pehle abbu se puchlena.,se,URD
lahoriiii burger Soja beta apka time hogya. Sone se pehle abbu se puchlena.,pehle,URD
lahoriiii burger Soja beta apka time hogya. Sone se pehle abbu se puchlena.,abbu,URD
lahoriiii burger Soja beta apka time hogya. Sone se pehle abbu se puchlena.,se,URD
lahoriiii burger Soja beta apka time hogya. Sone se pehle abbu se puchlena.,puchlena.,URD
herat hoti thi uski job wali baten sun k,herat,URD
herat hoti thi uski job wali baten sun k,hoti,URD
herat hoti thi uski job wali baten sun k,thi,URD
herat hoti thi uski job wali baten sun k,uski,URD
herat hoti thi uski job wali baten sun k,job,MIX
herat hoti thi uski job wali baten sun k,wali,URD
herat hoti thi uski job wali baten sun k,baten,URD
herat hoti thi uski job wali baten sun k,sun,URD
herat hoti thi uski job wali baten sun k,k,URD
"Ye film box office par super hit rahi, is ke sath naqadeen ne bhi bohat pasand kiya",Ye,URD
"Ye film box office par super hit rahi, is ke sath naqadeen ne bhi bohat pasand kiya",film,URD
"Ye film box office par super hit rahi, is ke sath naqadeen ne bhi bohat pasand kiya",box,URD
"Ye film box office par super hit rahi, is ke sath naqadeen ne bhi bohat pasand kiya",office,MIX
"Ye film box office par super hit rahi, is ke sath naqadeen ne bhi bohat pasand kiya",par,URD
"Ye film box office par super hit rahi, is ke sath naqadeen ne bhi bohat pasand kiya",super,URD
"Ye film box office par super hit rahi, is ke sath naqadeen ne bhi bohat pasand kiya",hit,URD
"Ye film box office par super hit rahi, is ke sath naqadeen ne bhi bohat pasand kiya","rahi,",URD
"Ye film box office par super hit rahi, is ke sath naqadeen ne bhi bohat pasand kiya",is,ENG
"Ye film box office par super hit rahi, is ke sath naqadeen ne bhi bohat pasand kiya",ke,URD
"Ye film box office par super hit rahi, is ke sath naqadeen ne bhi bohat pasand kiya",sath,URD
"Ye film box office par super hit rahi, is ke sath naqadeen ne bhi bohat pasand kiya",naqadeen,URD
"Ye film box office par super hit rahi, is ke sath naqadeen ne bhi bohat pasand kiya",ne,URD
"Ye film box office par super hit rahi, is ke sath naqadeen ne bhi bohat pasand kiya",bhi,URD
"Ye film box office par super hit rahi, is ke sath naqadeen ne bhi bohat pasand kiya",bohat,URD
"Ye film box office par super hit rahi, is ke sath naqadeen ne bhi bohat pasand kiya",pasand,URD
"Ye film box office par super hit rahi, is ke sath naqadeen ne bhi bohat pasand kiya",kiya,URD
Aik Dharay Ki Call Per Aaj Sheher Me Juzvi Hartal Jaari Doosra Next Week Hartal Karay Ga,Aik,URD
Aik Dharay Ki Call Per Aaj Sheher Me Juzvi Hartal Jaari Doosra Next Week Hartal Karay Ga,Dharay,URD
Aik Dharay Ki Call Per Aaj Sheher Me Juzvi Hartal Jaari Doosra Next Week Hartal Karay Ga,Ki,URD
Aik Dharay Ki Call Per Aaj Sheher Me Juzvi Hartal Jaari Doosra Next Week Hartal Karay Ga,Call,MIX
Aik Dharay Ki Call Per Aaj Sheher Me Juzvi Hartal Jaari Doosra Next Week Hartal Karay Ga,Per,URD
Aik Dharay Ki Call Per Aaj Sheher Me Juzvi Hartal Jaari Doosra Next Week Hartal Karay Ga,Aaj,URD
Aik Dharay Ki Call Per Aaj Sheher Me Juzvi Hartal Jaari Doosra Next Week Hartal Karay Ga,Sheher,URD
Aik Dharay Ki Call Per Aaj Sheher Me Juzvi Hartal Jaari Doosra Next Week Hartal Karay Ga,Me,URD
Aik Dharay Ki Call Per Aaj Sheher Me Juzvi Hartal Jaari Doosra Next Week Hartal Karay Ga,Juzvi,URD
Aik Dharay Ki Call Per Aaj Sheher Me Juzvi Hartal Jaari Doosra Next Week Hartal Karay Ga,Hartal,URD
Aik Dharay Ki Call Per Aaj Sheher Me Juzvi Hartal Jaari Doosra Next Week Hartal Karay Ga,Jaari,URD
Aik Dharay Ki Call Per Aaj Sheher Me Juzvi Hartal Jaari Doosra Next Week Hartal Karay Ga,Doosra,URD
Aik Dharay Ki Call Per Aaj Sheher Me Juzvi Hartal Jaari Doosra Next Week Hartal Karay Ga,Next,URD
Aik Dharay Ki Call Per Aaj Sheher Me Juzvi Hartal Jaari Doosra Next Week Hartal Karay Ga,Week,URD
Aik Dharay Ki Call Per Aaj Sheher Me Juzvi Hartal Jaari Doosra Next Week Hartal Karay Ga,Hartal,URD
Aik Dharay Ki Call Per Aaj Sheher Me Juzvi Hartal Jaari Doosra Next Week Hartal Karay Ga,Karay,URD
Aik Dharay Ki Call Per Aaj Sheher Me Juzvi Hartal Jaari Doosra Next Week Hartal Karay Ga,Ga,URD
"Aala taleem ke liye Cambridge gae to angrezi sheyr-o-adab ko is ke asal mahaul mein janchne, parakhne ka mauqa mila",Aala,URD
"Aala taleem ke liye Cambridge gae to angrezi sheyr-o-adab ko is ke asal mahaul mein janchne, parakhne ka mauqa mila",taleem,URD
"Aala taleem ke liye Cambridge gae to angrezi sheyr-o-adab ko is ke asal mahaul mein janchne, parakhne ka mauqa mila",ke,URD
"Aala taleem ke liye Cambridge gae to angrezi sheyr-o-adab ko is ke asal mahaul mein janchne, parakhne ka mauqa mila",liye,URD
"Aala taleem ke liye Cambridge gae to angrezi sheyr-o-adab ko is ke asal mahaul mein janchne, parakhne ka mauqa mila",Cambridge,URD
"Aala taleem ke liye Cambridge gae to angrezi sheyr-o-adab ko is ke asal mahaul mein janchne, parakhne ka mauqa mila",gae,URD
"Aala taleem ke liye Cambridge gae to angrezi sheyr-o-adab ko is ke asal mahaul mein janchne, parakhne ka mauqa mila",to,URD
"Aala taleem ke liye Cambridge gae to angrezi sheyr-o-adab ko is ke asal mahaul mein janchne, parakhne ka mauqa mila",angrezi,URD
"Aala taleem ke liye Cambridge gae to angrezi sheyr-o-adab ko is ke asal mahaul mein janchne, parakhne ka mauqa mila",sheyr-o-adab,URD
"Aala taleem ke liye Cambridge gae to angrezi sheyr-o-adab ko is ke asal mahaul mein janchne, parakhne ka mauqa mila",ko,URD
"Aala taleem ke liye Cambridge gae to angrezi sheyr-o-adab ko is ke asal mahaul mein janchne, parakhne ka mauqa mila",is,ENG
"Aala taleem ke liye Cambridge gae to angrezi sheyr-o-adab ko is ke asal mahaul mein janchne, parakhne ka mauqa mila",ke,URD
"Aala taleem ke liye Cambridge gae to angrezi sheyr-o-adab ko is ke asal mahaul mein janchne, parakhne ka mauqa mila",asal,URD
"Aala taleem ke liye Cambridge gae to angrezi sheyr-o-adab ko is ke asal mahaul mein janchne, parakhne ka mauqa mila",mahaul,URD
"Aala taleem ke liye Cambridge gae to angrezi sheyr-o-adab ko is ke asal mahaul mein janchne, parakhne ka mauqa mila",mein,URD
"Aala taleem ke liye Cambridge gae to angrezi sheyr-o-adab ko is ke asal mahaul mein janchne, parakhne ka mauqa mila","janchne,",URD
"Aala taleem ke liye Cambridge gae to angrezi sheyr-o-adab ko is ke asal mahaul mein janchne, parakhne ka mauqa mila",parakhne,URD
"Aala taleem ke liye Cambridge gae to angrezi sheyr-o-adab ko is ke asal mahaul mein janchne, parakhne ka mauqa mila",ka,URD
"Aala taleem ke liye Cambridge gae to angrezi sheyr-o-adab ko is ke asal mahaul mein janchne, parakhne ka mauqa mila",mauqa,URD
"Aala taleem ke liye Cambridge gae to angrezi sheyr-o-adab ko is ke asal mahaul mein janchne, parakhne ka mauqa mila",mila,URD
Mutazamin ke mutabiq World Cup ke muqabalon ke leye ibtedai tor par 18 sheharon ka intekhab kiya gaya,Mutazamin,URD
Mutazamin ke mutabiq World Cup ke muqabalon ke leye ibtedai tor par 18 sheharon ka intekhab kiya gaya,ke,URD
Mutazamin ke mutabiq World Cup ke muqabalon ke leye ibtedai tor par 18 sheharon ka intekhab kiya gaya,mutabiq,URD
Mutazamin ke mutabiq World Cup ke muqabalon ke leye ibtedai tor par 18 sheharon ka intekhab kiya gaya,World,ENG
Mutazamin ke mutabiq World Cup ke muqabalon ke leye ibtedai tor par 18 sheharon ka intekhab kiya gaya,Cup,URD
Mutazamin ke mutabiq World Cup ke muqabalon ke leye ibtedai tor par 18 sheharon ka intekhab kiya gaya,ke,URD
Mutazamin ke mutabiq World Cup ke muqabalon ke leye ibtedai tor par 18 sheharon ka intekhab kiya gaya,muqabalon,URD
Mutazamin ke mutabiq World Cup ke muqabalon ke leye ibtedai tor par 18 sheharon ka intekhab kiya gaya,ke,URD
Mutazamin ke mutabiq World Cup ke muqabalon ke leye ibtedai tor par 18 sheharon ka intekhab kiya gaya,leye,URD
Mutazamin ke mutabiq World Cup ke muqabalon ke leye ibtedai tor par 18 sheharon ka intekhab kiya gaya,ibtedai,URD
Mutazamin ke mutabiq World Cup ke muqabalon ke leye ibtedai tor par 18 sheharon ka intekhab kiya gaya,tor,URD
Mutazamin ke mutabiq World Cup ke muqabalon ke leye ibtedai tor par 18 sheharon ka intekhab kiya gaya,par,URD
Mutazamin ke mutabiq World Cup ke muqabalon ke leye ibtedai tor par 18 sheharon ka intekhab kiya gaya,18,URD
Mutazamin ke mutabiq World Cup ke muqabalon ke leye ibtedai tor par 18 sheharon ka intekhab kiya gaya,sheharon,URD
Mutazamin ke mutabiq World Cup ke muqabalon ke leye ibtedai tor par 18 sheharon ka intekhab kiya gaya,ka,URD
Mutazamin ke mutabiq World Cup ke muqabalon ke leye ibtedai tor par 18 sheharon ka intekhab kiya gaya,intekhab,URD
Mutazamin ke mutabiq World Cup ke muqabalon ke leye ibtedai tor par 18 sheharon ka intekhab kiya gaya,kiya,URD
Mutazamin ke mutabiq World Cup ke muqabalon ke leye ibtedai tor par 18 sheharon ka intekhab kiya gaya,gaya,URD
Totaly bakwas hai yeah phone ... Battery time b ni hai,Totaly,URD
Totaly bakwas hai yeah phone ... Battery time b ni hai,bakwas,URD
Totaly bakwas hai yeah phone ... Battery time b ni hai,hai,URD
Totaly bakwas hai yeah phone ... Battery time b ni hai,yeah,URD
Totaly bakwas hai yeah phone ... Battery time b ni hai,phone,MIX
Totaly bakwas hai yeah phone ... Battery time b ni hai,...,URD
Totaly bakwas hai yeah phone ... Battery time b ni hai,Battery,MIX
Totaly bakwas hai yeah phone ... Battery time b ni hai,time,MIX
Totaly bakwas hai yeah phone ... Battery time b ni hai,b,URD
Totaly bakwas hai yeah phone ... Battery time b ni hai,ni,URD
Totaly bakwas hai yeah phone ... Battery time b ni hai,hai,URD
next time mera or tumhara aisi phada hone wala ha media per,next,URD
next time mera or tumhara aisi phada hone wala ha media per,time,MIX
next time mera or tumhara aisi phada hone wala ha media per,mera,URD
next time mera or tumhara aisi phada hone wala ha media per,or,URD
next time mera or tumhara aisi phada hone wala ha media per,tumhara,URD
next time mera or tumhara aisi phada hone wala ha media per,aisi,URD
next time mera or tumhara aisi phada hone wala ha media per,phada,URD
next time mera or tumhara aisi phada hone wala ha media per,hone,URD
next time mera or tumhara aisi phada hone wala ha media per,wala,URD
next time mera or tumhara aisi phada hone wala ha media per,ha,URD
next time mera or tumhara aisi phada hone wala ha media per,media,URD
next time mera or tumhara aisi phada hone wala ha media per,per,URD
"Dec 16,2017 ko ye post Facebook par load ke thee.",Dec,URD
"Dec 16,2017 ko ye post Facebook par load ke thee.","16,2017",URD
"Dec 16,2017 ko ye post Facebook par load ke thee.",ko,URD
"Dec 16,2017 ko ye post Facebook par load ke thee.",ye,URD
"Dec 16,2017 ko ye post Facebook par load ke thee.",post,MIX
"Dec 16,2017 ko ye post Facebook par load ke thee.",Facebook,URD
"Dec 16,2017 ko ye post Facebook par load ke thee.",par,URD
"Dec 16,2017 ko ye post Facebook par load ke thee.",load,MIX
"Dec 16,2017 ko ye post Facebook par load ke thee.",ke,URD
"Dec 16,2017 ko ye post Facebook par load ke thee.",thee.,URD
"Reham Khan ne jawab diya, ・Jab mujhe street children ke hawale se safer muqarrar kiya gaya to is par bohat batein banai gai.",Reham,URD
"Reham Khan ne jawab diya, ・Jab mujhe street children ke hawale se safer muqarrar kiya gaya to is par bohat batein banai gai.",Khan,URD
"Reham Khan ne jawab diya, ・Jab mujhe street children ke hawale se safer muqarrar kiya gaya to is par bohat batein banai gai.",ne,URD
"Reham Khan ne jawab diya, ・Jab mujhe street children ke hawale se safer muqarrar kiya gaya to is par bohat batein banai gai.",jawab,URD
"Reham Khan ne jawab diya, ・Jab mujhe street children ke hawale se safer muqarrar kiya gaya to is par bohat batein banai gai.","diya,",URD
"Reham Khan ne jawab diya, ・Jab mujhe street children ke hawale se safer muqarrar kiya gaya to is par bohat batein banai gai.",・Jab,URD
"Reham Khan ne jawab diya, ・Jab mujhe street children ke hawale se safer muqarrar kiya gaya to is par bohat batein banai gai.",mujhe,URD
"Reham Khan ne jawab diya, ・Jab mujhe street children ke hawale se safer muqarrar kiya gaya to is par bohat batein banai gai.",street,URD
"Reham Khan ne jawab diya, ・Jab mujhe street children ke hawale se safer muqarrar kiya gaya to is par bohat batein banai gai.",children,URD
"Reham Khan ne jawab diya, ・Jab mujhe street children ke hawale se safer muqarrar kiya gaya to is par bohat batein banai gai.",ke,URD
"Reham Khan ne jawab diya, ・Jab mujhe street children ke hawale se safer muqarrar kiya gaya to is par bohat batein banai gai.",hawale,URD
"Reham Khan ne jawab diya, ・Jab mujhe street children ke hawale se safer muqarrar kiya gaya to is par bohat batein banai gai.",se,URD
"Reham Khan ne jawab diya, ・Jab mujhe street children ke hawale se safer muqarrar kiya gaya to is par bohat batein banai gai.",safer,URD
"Reham Khan ne jawab diya, ・Jab mujhe street children ke hawale se safer muqarrar kiya gaya to is par bohat batein banai gai.",muqarrar,URD
"Reham Khan ne jawab diya, ・Jab mujhe street children ke hawale se safer muqarrar kiya gaya to is par bohat batein banai gai.",kiya,URD
"Reham Khan ne jawab diya, ・Jab mujhe street children ke hawale se safer muqarrar kiya gaya to is par bohat batein banai gai.",gaya,URD
"Reham Khan ne jawab diya, ・Jab mujhe street children ke hawale se safer muqarrar kiya gaya to is par bohat batein banai gai.",to,URD
"Reham Khan ne jawab diya, ・Jab mujhe street children ke hawale se safer muqarrar kiya gaya to is par bohat batein banai gai.",is,ENG
"Reham Khan ne jawab diya, ・Jab mujhe street children ke hawale se safer muqarrar kiya gaya to is par bohat batein banai gai.",par,URD
"Reham Khan ne jawab diya, ・Jab mujhe street children ke hawale se safer muqarrar kiya gaya to is par bohat batein banai gai.",bohat,URD
"Reham Khan ne jawab diya, ・Jab mujhe street children ke hawale se safer muqarrar kiya gaya to is par bohat batein banai gai.",batein,URD
"Reham Khan ne jawab diya, ・Jab mujhe street children ke hawale se safer muqarrar kiya gaya to is par bohat batein banai gai.",banai,URD
"Reham Khan ne jawab diya, ・Jab mujhe street children ke hawale se safer muqarrar kiya gaya to is par bohat batein banai gai.",gai.,URD
Point Table Par Position Dekho Team ki Worst Performance Dekho Or Baatein Dekho,Point,URD
Point Table Par Position Dekho Team ki Worst Performance Dekho Or Baatein Dekho,Table,MIX
Point Table Par Position Dekho Team ki Worst Performance Dekho Or Baatein Dekho,Par,URD
Point Table Par Position Dekho Team ki Worst Performance Dekho Or Baatein Dekho,Position,URD
Point Table Par Position Dekho Team ki Worst Performance Dekho Or Baatein Dekho,Dekho,URD
Point Table Par Position Dekho Team ki Worst Performance Dekho Or Baatein Dekho,Team,ENG
Point Table Par Position Dekho Team ki Worst Performance Dekho Or Baatein Dekho,ki,URD
Point Table Par Position Dekho Team ki Worst Performance Dekho Or Baatein Dekho,Worst,URD
Point Table Par Position Dekho Team ki Worst Performance Dekho Or Baatein Dekho,Performance,URD
Point Table Par Position Dekho Team ki Worst Performance Dekho Or Baatein Dekho,Dekho,URD
Point Table Par Position Dekho Team ki Worst Performance Dekho Or Baatein Dekho,Or,URD
Point Table Par Position Dekho Team ki Worst Performance Dekho Or Baatein Dekho,Baatein,URD
Point Table Par Position Dekho Team ki Worst Performance Dekho Or Baatein Dekho,Dekho,URD
Lekin is ke liye fankaron ko sakht iqdaam uthana honge,Lekin,URD
Lekin is ke liye fankaron ko sakht iqdaam uthana honge,is,ENG
Lekin is ke liye fankaron ko sakht iqdaam uthana honge,ke,URD
Lekin is ke liye fankaron ko sakht iqdaam uthana honge,liye,URD
Lekin is ke liye fankaron ko sakht iqdaam uthana honge,fankaron,URD
Lekin is ke liye fankaron ko sakht iqdaam uthana honge,ko,URD
Lekin is ke liye fankaron ko sakht iqdaam uthana honge,sakht,URD
Lekin is ke liye fankaron ko sakht iqdaam uthana honge,iqdaam,URD
Lekin is ke liye fankaron ko sakht iqdaam uthana honge,uthana,URD
Lekin is ke liye fankaron ko sakht iqdaam uthana honge,honge,URD
Aisi Post pe to sirf zehar pilane ka dil kar raha hai 😕,Aisi,URD
Aisi Post pe to sirf zehar pilane ka dil kar raha hai 😕,Post,MIX
Aisi Post pe to sirf zehar pilane ka dil kar raha hai 😕,pe,URD
Aisi Post pe to sirf zehar pilane ka dil kar raha hai 😕,to,URD
Aisi Post pe to sirf zehar pilane ka dil kar raha hai 😕,sirf,URD
Aisi Post pe to sirf zehar pilane ka dil kar raha hai 😕,zehar,URD
Aisi Post pe to sirf zehar pilane ka dil kar raha hai 😕,pilane,URD
Aisi Post pe to sirf zehar pilane ka dil kar raha hai 😕,ka,URD
Aisi Post pe to sirf zehar pilane ka dil kar raha hai 😕,dil,URD
Aisi Post pe to sirf zehar pilane ka dil kar raha hai 😕,kar,URD
Aisi Post pe to sirf zehar pilane ka dil kar raha hai 😕,raha,URD
Aisi Post pe to sirf zehar pilane ka dil kar raha hai 😕,hai,URD
Aisi Post pe to sirf zehar pilane ka dil kar raha hai 😕,😕,URD
June July mein mera result aya tha.,June,URD
June July mein mera result aya tha.,July,URD
June July mein mera result aya tha.,mein,URD
June July mein mera result aya tha.,mera,URD
June July mein mera result aya tha.,result,MIX
June July mein mera result aya tha.,aya,URD
June July mein mera result aya tha.,tha.,URD
kasam se is duniya main aap ka koi fan ho ga to wo sab se bigest main ho my name ali from jhelum,kasam,URD
kasam se is duniya main aap ka koi fan ho ga to wo sab se bigest main ho my name ali from jhelum,se,URD
kasam se is duniya main aap ka koi fan ho ga to wo sab se bigest main ho my name ali from jhelum,is,ENG
kasam se is duniya main aap ka koi fan ho ga to wo sab se bigest main ho my name ali from jhelum,duniya,URD
kasam se is duniya main aap ka koi fan ho ga to wo sab se bigest main ho my name ali from jhelum,main,URD
kasam se is duniya main aap ka koi fan ho ga to wo sab se bigest main ho my name ali from jhelum,aap,URD
kasam se is duniya main aap ka koi fan ho ga to wo sab se bigest main ho my name ali from jhelum,ka,URD
kasam se is duniya main aap ka koi fan ho ga to wo sab se bigest main ho my name ali from jhelum,koi,URD
kasam se is duniya main aap ka koi fan ho ga to wo sab se bigest main ho my name ali from jhelum,fan,MIX
kasam se is duniya main aap ka koi fan ho ga to wo sab se bigest main ho my name ali from jhelum,ho,URD
kasam se is duniya main aap ka koi fan ho ga to wo sab se bigest main ho my name ali from jhelum,ga,URD
kasam se is duniya main aap ka koi fan ho ga to wo sab se bigest main ho my name ali from jhelum,to,URD
kasam se is duniya main aap ka koi fan ho ga to wo sab se bigest main ho my name ali from jhelum,wo,URD
kasam se is duniya main aap ka koi fan ho ga to wo sab se bigest main ho my name ali from jhelum,sab,URD
kasam se is duniya main aap ka koi fan ho ga to wo sab se bigest main ho my name ali from jhelum,se,URD
kasam se is duniya main aap ka koi fan ho ga to wo sab se bigest main ho my name ali from jhelum,bigest,URD
kasam se is duniya main aap ka koi fan ho ga to wo sab se bigest main ho my name ali from jhelum,main,URD
kasam se is duniya main aap ka koi fan ho ga to wo sab se bigest main ho my name ali from jhelum,ho,URD
kasam se is duniya main aap ka koi fan ho ga to wo sab se bigest main ho my name ali from jhelum,my,URD
kasam se is duniya main aap ka koi fan ho ga to wo sab se bigest main ho my name ali from jhelum,name,URD
kasam se is duniya main aap ka koi fan ho ga to wo sab se bigest main ho my name ali from jhelum,ali,URD
kasam se is duniya main aap ka koi fan ho ga to wo sab se bigest main ho my name ali from jhelum,from,URD
kasam se is duniya main aap ka koi fan ho ga to wo sab se bigest main ho my name ali from jhelum,jhelum,URD
Is ke liye main ne aik behtareen composition wale geet ko record kiya hai aur ab is geet ka video bhi banaya jaega,Is,ENG
Is ke liye main ne aik behtareen composition wale geet ko record kiya hai aur ab is geet ka video bhi banaya jaega,ke,URD
Is ke liye main ne aik behtareen composition wale geet ko record kiya hai aur ab is geet ka video bhi banaya jaega,liye,URD
Is ke liye main ne aik behtareen composition wale geet ko record kiya hai aur ab is geet ka video bhi banaya jaega,main,URD
Is ke liye main ne aik behtareen composition wale geet ko record kiya hai aur ab is geet ka video bhi banaya jaega,ne,URD
Is ke liye main ne aik behtareen composition wale geet ko record kiya hai aur ab is geet ka video bhi banaya jaega,aik,URD
Is ke liye main ne aik behtareen composition wale geet ko record kiya hai aur ab is geet ka video bhi banaya jaega,behtareen,URD
Is ke liye main ne aik behtareen composition wale geet ko record kiya hai aur ab is geet ka video bhi banaya jaega,composition,URD
Is ke liye main ne aik behtareen composition wale geet ko record kiya hai aur ab is geet ka video bhi banaya jaega,wale,URD
Is ke liye main ne aik behtareen composition wale geet ko record kiya hai aur ab is geet ka video bhi banaya jaega,geet,URD
Is ke liye main ne aik behtareen composition wale geet ko record kiya hai aur ab is geet ka video bhi banaya jaega,ko,URD
Is ke liye main ne aik behtareen composition wale geet ko record kiya hai aur ab is geet ka video bhi banaya jaega,record,URD
Is ke liye main ne aik behtareen composition wale geet ko record kiya hai aur ab is geet ka video bhi banaya jaega,kiya,URD
Is ke liye main ne aik behtareen composition wale geet ko record kiya hai aur ab is geet ka video bhi banaya jaega,hai,URD
Is ke liye main ne aik behtareen composition wale geet ko record kiya hai aur ab is geet ka video bhi banaya jaega,aur,URD
Is ke liye main ne aik behtareen composition wale geet ko record kiya hai aur ab is geet ka video bhi banaya jaega,ab,URD
Is ke liye main ne aik behtareen composition wale geet ko record kiya hai aur ab is geet ka video bhi banaya jaega,is,ENG
Is ke liye main ne aik behtareen composition wale geet ko record kiya hai aur ab is geet ka video bhi banaya jaega,geet,URD
Is ke liye main ne aik behtareen composition wale geet ko record kiya hai aur ab is geet ka video bhi banaya jaega,ka,URD
Is ke liye main ne aik behtareen composition wale geet ko record kiya hai aur ab is geet ka video bhi banaya jaega,video,MIX
Is ke liye main ne aik behtareen composition wale geet ko record kiya hai aur ab is geet ka video bhi banaya jaega,bhi,URD
Is ke liye main ne aik behtareen composition wale geet ko record kiya hai aur ab is geet ka video bhi banaya jaega,banaya,URD
Is ke liye main ne aik behtareen composition wale geet ko record kiya hai aur ab is geet ka video bhi banaya jaega,jaega,URD
1958 mein wo scout boy ban gae aur us dauran 9 minute ki 8MM  The last gun fight bana kar photography merit badge hasil kiya,1958,URD
1958 mein wo scout boy ban gae aur us dauran 9 minute ki 8MM  The last gun fight bana kar photography merit badge hasil kiya,mein,URD
1958 mein wo scout boy ban gae aur us dauran 9 minute ki 8MM  The last gun fight bana kar photography merit badge hasil kiya,wo,URD
1958 mein wo scout boy ban gae aur us dauran 9 minute ki 8MM  The last gun fight bana kar photography merit badge hasil kiya,scout,URD
1958 mein wo scout boy ban gae aur us dauran 9 minute ki 8MM  The last gun fight bana kar photography merit badge hasil kiya,boy,URD
1958 mein wo scout boy ban gae aur us dauran 9 minute ki 8MM  The last gun fight bana kar photography merit badge hasil kiya,ban,URD
1958 mein wo scout boy ban gae aur us dauran 9 minute ki 8MM  The last gun fight bana kar photography merit badge hasil kiya,gae,URD
1958 mein wo scout boy ban gae aur us dauran 9 minute ki 8MM  The last gun fight bana kar photography merit badge hasil kiya,aur,URD
1958 mein wo scout boy ban gae aur us dauran 9 minute ki 8MM  The last gun fight bana kar photography merit badge hasil kiya,us,URD
1958 mein wo scout boy ban gae aur us dauran 9 minute ki 8MM  The last gun fight bana kar photography merit badge hasil kiya,dauran,URD
1958 mein wo scout boy ban gae aur us dauran 9 minute ki 8MM  The last gun fight bana kar photography merit badge hasil kiya,9,URD
1958 mein wo scout boy ban gae aur us dauran 9 minute ki 8MM  The last gun fight bana kar photography merit badge hasil kiya,minute,URD
1958 mein wo scout boy ban gae aur us dauran 9 minute ki 8MM  The last gun fight bana kar photography merit badge hasil kiya,ki,URD
1958 mein wo scout boy ban gae aur us dauran 9 minute ki 8MM  The last gun fight bana kar photography merit badge hasil kiya,8MM,URD
1958 mein wo scout boy ban gae aur us dauran 9 minute ki 8MM  The last gun fight bana kar photography merit badge hasil kiya,The,ENG
1958 mein wo scout boy ban gae aur us dauran 9 minute ki 8MM  The last gun fight bana kar photography merit badge hasil kiya,last,URD
1958 mein wo scout boy ban gae aur us dauran 9 minute ki 8MM  The last gun fight bana kar photography merit badge hasil kiya,gun,URD
1958 mein wo scout boy ban gae aur us dauran 9 minute ki 8MM  The last gun fight bana kar photography merit badge hasil kiya,fight,URD
1958 mein wo scout boy ban gae aur us dauran 9 minute ki 8MM  The last gun fight bana kar photography merit badge hasil kiya,bana,URD
1958 mein wo scout boy ban gae aur us dauran 9 minute ki 8MM  The last gun fight bana kar photography merit badge hasil kiya,kar,URD
1958 mein wo scout boy ban gae aur us dauran 9 minute ki 8MM  The last gun fight bana kar photography merit badge hasil kiya,photography,URD
1958 mein wo scout boy ban gae aur us dauran 9 minute ki 8MM  The last gun fight bana kar photography merit badge hasil kiya,merit,URD
1958 mein wo scout boy ban gae aur us dauran 9 minute ki 8MM  The last gun fight bana kar photography merit badge hasil kiya,badge,URD
1958 mein wo scout boy ban gae aur us dauran 9 minute ki 8MM  The last gun fight bana kar photography merit badge hasil kiya,hasil,URD
1958 mein wo scout boy ban gae aur us dauran 9 minute ki 8MM  The last gun fight bana kar photography merit badge hasil kiya,kiya,URD
Main Nay Nataij K Hawalay Say Is Say Zyada Shireen Jaam Nahi Piya,Main,URD
Main Nay Nataij K Hawalay Say Is Say Zyada Shireen Jaam Nahi Piya,Nay,URD
Main Nay Nataij K Hawalay Say Is Say Zyada Shireen Jaam Nahi Piya,Nataij,URD
Main Nay Nataij K Hawalay Say Is Say Zyada Shireen Jaam Nahi Piya,K,URD
Main Nay Nataij K Hawalay Say Is Say Zyada Shireen Jaam Nahi Piya,Hawalay,URD
Main Nay Nataij K Hawalay Say Is Say Zyada Shireen Jaam Nahi Piya,Say,URD
Main Nay Nataij K Hawalay Say Is Say Zyada Shireen Jaam Nahi Piya,Is,ENG
Main Nay Nataij K Hawalay Say Is Say Zyada Shireen Jaam Nahi Piya,Say,URD
Main Nay Nataij K Hawalay Say Is Say Zyada Shireen Jaam Nahi Piya,Zyada,URD
Main Nay Nataij K Hawalay Say Is Say Zyada Shireen Jaam Nahi Piya,Shireen,URD
Main Nay Nataij K Hawalay Say Is Say Zyada Shireen Jaam Nahi Piya,Jaam,URD
Main Nay Nataij K Hawalay Say Is Say Zyada Shireen Jaam Nahi Piya,Nahi,URD
Main Nay Nataij K Hawalay Say Is Say Zyada Shireen Jaam Nahi Piya,Piya,URD
Seriously..Dr.Mussadiq Iqbal to hain hi great.baki eye walo k lye to ye video bani hai.,Seriously..Dr.Mussadiq,URD
Seriously..Dr.Mussadiq Iqbal to hain hi great.baki eye walo k lye to ye video bani hai.,Iqbal,URD
Seriously..Dr.Mussadiq Iqbal to hain hi great.baki eye walo k lye to ye video bani hai.,to,URD
Seriously..Dr.Mussadiq Iqbal to hain hi great.baki eye walo k lye to ye video bani hai.,hain,URD
Seriously..Dr.Mussadiq Iqbal to hain hi great.baki eye walo k lye to ye video bani hai.,hi,URD
Seriously..Dr.Mussadiq Iqbal to hain hi great.baki eye walo k lye to ye video bani hai.,great.baki,URD
Seriously..Dr.Mussadiq Iqbal to hain hi great.baki eye walo k lye to ye video bani hai.,eye,URD
Seriously..Dr.Mussadiq Iqbal to hain hi great.baki eye walo k lye to ye video bani hai.,walo,URD
Seriously..Dr.Mussadiq Iqbal to hain hi great.baki eye walo k lye to ye video bani hai.,k,URD
Seriously..Dr.Mussadiq Iqbal to hain hi great.baki eye walo k lye to ye video bani hai.,lye,URD
Seriously..Dr.Mussadiq Iqbal to hain hi great.baki eye walo k lye to ye video bani hai.,to,URD
Seriously..Dr.Mussadiq Iqbal to hain hi great.baki eye walo k lye to ye video bani hai.,ye,URD
Seriously..Dr.Mussadiq Iqbal to hain hi great.baki eye walo k lye to ye video bani hai.,video,MIX
Seriously..Dr.Mussadiq Iqbal to hain hi great.baki eye walo k lye to ye video bani hai.,bani,URD
Seriously..Dr.Mussadiq Iqbal to hain hi great.baki eye walo k lye to ye video bani hai.,hai.,URD
iqra aziz and frhan saeed kya acting ki hai sab .... bus jamshaid g buht bury lgty hn mjy,iqra,URD
iqra aziz and frhan saeed kya acting ki hai sab .... bus jamshaid g buht bury lgty hn mjy,aziz,URD
iqra aziz and frhan saeed kya acting ki hai sab .... bus jamshaid g buht bury lgty hn mjy,and,ENG
iqra aziz and frhan saeed kya acting ki hai sab .... bus jamshaid g buht bury lgty hn mjy,frhan,URD
iqra aziz and frhan saeed kya acting ki hai sab .... bus jamshaid g buht bury lgty hn mjy,saeed,URD
iqra aziz and frhan saeed kya acting ki hai sab .... bus jamshaid g buht bury lgty hn mjy,kya,URD
iqra aziz and frhan saeed kya acting ki hai sab .... bus jamshaid g buht bury lgty hn mjy,acting,URD
iqra aziz and frhan saeed kya acting ki hai sab .... bus jamshaid g buht bury lgty hn mjy,ki,URD
iqra aziz and frhan saeed kya acting ki hai sab .... bus jamshaid g buht bury lgty hn mjy,hai,URD
iqra aziz and frhan saeed kya acting ki hai sab .... bus jamshaid g buht bury lgty hn mjy,sab,URD
iqra aziz and frhan saeed kya acting ki hai sab .... bus jamshaid g buht bury lgty hn mjy,....,URD
iqra aziz and frhan saeed kya acting ki hai sab .... bus jamshaid g buht bury lgty hn mjy,bus,MIX
iqra aziz and frhan saeed kya acting ki hai sab .... bus jamshaid g buht bury lgty hn mjy,jamshaid,URD
iqra aziz and frhan saeed kya acting ki hai sab .... bus jamshaid g buht bury lgty hn mjy,g,URD
iqra aziz and frhan saeed kya acting ki hai sab .... bus jamshaid g buht bury lgty hn mjy,buht,URD
iqra aziz and frhan saeed kya acting ki hai sab .... bus jamshaid g buht bury lgty hn mjy,bury,URD
iqra aziz and frhan saeed kya acting ki hai sab .... bus jamshaid g buht bury lgty hn mjy,lgty,URD
iqra aziz and frhan saeed kya acting ki hai sab .... bus jamshaid g buht bury lgty hn mjy,hn,URD
iqra aziz and frhan saeed kya acting ki hai sab .... bus jamshaid g buht bury lgty hn mjy,mjy,URD
Miss Salon Helen Keller ki zindagi mein inqelab ban kar warid hoein,Miss,ENG
Miss Salon Helen Keller ki zindagi mein inqelab ban kar warid hoein,Salon,URD
Miss Salon Helen Keller ki zindagi mein inqelab ban kar warid hoein,Helen,URD
Miss Salon Helen Keller ki zindagi mein inqelab ban kar warid hoein,Keller,URD
Miss Salon Helen Keller ki zindagi mein inqelab ban kar warid hoein,ki,URD
Miss Salon Helen Keller ki zindagi mein inqelab ban kar warid hoein,zindagi,URD
Miss Salon Helen Keller ki zindagi mein inqelab ban kar warid hoein,mein,URD
Miss Salon Helen Keller ki zindagi mein inqelab ban kar warid hoein,inqelab,URD
Miss Salon Helen Keller ki zindagi mein inqelab ban kar warid hoein,ban,URD
Miss Salon Helen Keller ki zindagi mein inqelab ban kar warid hoein,kar,URD
Miss Salon Helen Keller ki zindagi mein inqelab ban kar warid hoein,warid,URD
Miss Salon Helen Keller ki zindagi mein inqelab ban kar warid hoein,hoein,URD
Minhas bht khushi hoti aghar pti mn hota.. party wrong hai...,Minhas,URD
Minhas bht khushi hoti aghar pti mn hota.. party wrong hai...,bht,URD
Minhas bht khushi hoti aghar pti mn hota.. party wrong hai...,khushi,URD
Minhas bht khushi hoti aghar pti mn hota.. party wrong hai...,hoti,URD
Minhas bht khushi hoti aghar pti mn hota.. party wrong hai...,aghar,URD
Minhas bht khushi hoti aghar pti mn hota.. party wrong hai...,pti,URD
Minhas bht khushi hoti aghar pti mn hota.. party wrong hai...,mn,URD
Minhas bht khushi hoti aghar pti mn hota.. party wrong hai...,hota..,URD
Minhas bht khushi hoti aghar pti mn hota.. party wrong hai...,party,URD
Minhas bht khushi hoti aghar pti mn hota.. party wrong hai...,wrong,ENG
Minhas bht khushi hoti aghar pti mn hota.. party wrong hai...,hai...,URD
"acha phone hai, heatup hota hai thora and charge slow hota hai. but over all perfect device in price range.",acha,URD
"acha phone hai, heatup hota hai thora and charge slow hota hai. but over all perfect device in price range.",phone,MIX
"acha phone hai, heatup hota hai thora and charge slow hota hai. but over all perfect device in price range.","hai,",URD
"acha phone hai, heatup hota hai thora and charge slow hota hai. but over all perfect device in price range.",heatup,URD
"acha phone hai, heatup hota hai thora and charge slow hota hai. but over all perfect device in price range.",hota,URD
"acha phone hai, heatup hota hai thora and charge slow hota hai. but over all perfect device in price range.",hai,URD
"acha phone hai, heatup hota hai thora and charge slow hota hai. but over all perfect device in price range.",thora,URD
"acha phone hai, heatup hota hai thora and charge slow hota hai. but over all perfect device in price range.",and,ENG
"acha phone hai, heatup hota hai thora and charge slow hota hai. but over all perfect device in price range.",charge,URD
"acha phone hai, heatup hota hai thora and charge slow hota hai. but over all perfect device in price range.",slow,URD
"acha phone hai, heatup hota hai thora and charge slow hota hai. but over all perfect device in price range.",hota,URD
"acha phone hai, heatup hota hai thora and charge slow hota hai. but over all perfect device in price range.",hai.,URD
"acha phone hai, heatup hota hai thora and charge slow hota hai. but over all perfect device in price range.",but,ENG
"acha phone hai, heatup hota hai thora and charge slow hota hai. but over all perfect device in price range.",over,URD
"acha phone hai, heatup hota hai thora and charge slow hota hai. but over all perfect device in price range.",all,URD
"acha phone hai, heatup hota hai thora and charge slow hota hai. but over all perfect device in price range.",perfect,ENG
"acha phone hai, heatup hota hai thora and charge slow hota hai. but over all perfect device in price range.",device,URD
"acha phone hai, heatup hota hai thora and charge slow hota hai. but over all perfect device in price range.",in,URD
"acha phone hai, heatup hota hai thora and charge slow hota hai. but over all perfect device in price range.",price,URD
"acha phone hai, heatup hota hai thora and charge slow hota hai. but over all perfect device in price range.",range.,URD
Bad azaa inhe 1946 mein aik behri jahaz ke zariye England bhej diya gaya,Bad,ENG
Bad azaa inhe 1946 mein aik behri jahaz ke zariye England bhej diya gaya,azaa,URD
Bad azaa inhe 1946 mein aik behri jahaz ke zariye England bhej diya gaya,inhe,URD
Bad azaa inhe 1946 mein aik behri jahaz ke zariye England bhej diya gaya,1946,URD
Bad azaa inhe 1946 mein aik behri jahaz ke zariye England bhej diya gaya,mein,URD
Bad azaa inhe 1946 mein aik behri jahaz ke zariye England bhej diya gaya,aik,URD
Bad azaa inhe 1946 mein aik behri jahaz ke zariye England bhej diya gaya,behri,URD
Bad azaa inhe 1946 mein aik behri jahaz ke zariye England bhej diya gaya,jahaz,URD
Bad azaa inhe 1946 mein aik behri jahaz ke zariye England bhej diya gaya,ke,URD
Bad azaa inhe 1946 mein aik behri jahaz ke zariye England bhej diya gaya,zariye,URD
Bad azaa inhe 1946 mein aik behri jahaz ke zariye England bhej diya gaya,England,URD
Bad azaa inhe 1946 mein aik behri jahaz ke zariye England bhej diya gaya,bhej,URD
Bad azaa inhe 1946 mein aik behri jahaz ke zariye England bhej diya gaya,diya,URD
Bad azaa inhe 1946 mein aik behri jahaz ke zariye England bhej diya gaya,gaya,URD
Aik Dharay Ne 1st August Or Doosray Ne 5th Aug Ko Hartal Ki Call De Di Aam Tajir Confuse,Aik,URD
Aik Dharay Ne 1st August Or Doosray Ne 5th Aug Ko Hartal Ki Call De Di Aam Tajir Confuse,Dharay,URD
Aik Dharay Ne 1st August Or Doosray Ne 5th Aug Ko Hartal Ki Call De Di Aam Tajir Confuse,Ne,URD
Aik Dharay Ne 1st August Or Doosray Ne 5th Aug Ko Hartal Ki Call De Di Aam Tajir Confuse,1st,URD
Aik Dharay Ne 1st August Or Doosray Ne 5th Aug Ko Hartal Ki Call De Di Aam Tajir Confuse,August,URD
Aik Dharay Ne 1st August Or Doosray Ne 5th Aug Ko Hartal Ki Call De Di Aam Tajir Confuse,Or,URD
Aik Dharay Ne 1st August Or Doosray Ne 5th Aug Ko Hartal Ki Call De Di Aam Tajir Confuse,Doosray,URD
Aik Dharay Ne 1st August Or Doosray Ne 5th Aug Ko Hartal Ki Call De Di Aam Tajir Confuse,Ne,URD
Aik Dharay Ne 1st August Or Doosray Ne 5th Aug Ko Hartal Ki Call De Di Aam Tajir Confuse,5th,URD
Aik Dharay Ne 1st August Or Doosray Ne 5th Aug Ko Hartal Ki Call De Di Aam Tajir Confuse,Aug,URD
Aik Dharay Ne 1st August Or Doosray Ne 5th Aug Ko Hartal Ki Call De Di Aam Tajir Confuse,Ko,URD
Aik Dharay Ne 1st August Or Doosray Ne 5th Aug Ko Hartal Ki Call De Di Aam Tajir Confuse,Hartal,URD
Aik Dharay Ne 1st August Or Doosray Ne 5th Aug Ko Hartal Ki Call De Di Aam Tajir Confuse,Ki,URD
Aik Dharay Ne 1st August Or Doosray Ne 5th Aug Ko Hartal Ki Call De Di Aam Tajir Confuse,Call,MIX
Aik Dharay Ne 1st August Or Doosray Ne 5th Aug Ko Hartal Ki Call De Di Aam Tajir Confuse,De,URD
Aik Dharay Ne 1st August Or Doosray Ne 5th Aug Ko Hartal Ki Call De Di Aam Tajir Confuse,Di,URD
Aik Dharay Ne 1st August Or Doosray Ne 5th Aug Ko Hartal Ki Call De Di Aam Tajir Confuse,Aam,URD
Aik Dharay Ne 1st August Or Doosray Ne 5th Aug Ko Hartal Ki Call De Di Aam Tajir Confuse,Tajir,URD
Aik Dharay Ne 1st August Or Doosray Ne 5th Aug Ko Hartal Ki Call De Di Aam Tajir Confuse,Confuse,URD
Undino Sri Lanka ki team Pakistan ka doure per aye thi,Undino,URD
Undino Sri Lanka ki team Pakistan ka doure per aye thi,Sri,URD
Undino Sri Lanka ki team Pakistan ka doure per aye thi,Lanka,URD
Undino Sri Lanka ki team Pakistan ka doure per aye thi,ki,URD
Undino Sri Lanka ki team Pakistan ka doure per aye thi,team,ENG
Undino Sri Lanka ki team Pakistan ka doure per aye thi,Pakistan,URD
Undino Sri Lanka ki team Pakistan ka doure per aye thi,ka,URD
Undino Sri Lanka ki team Pakistan ka doure per aye thi,doure,URD
Undino Sri Lanka ki team Pakistan ka doure per aye thi,per,URD
Undino Sri Lanka ki team Pakistan ka doure per aye thi,aye,URD
Undino Sri Lanka ki team Pakistan ka doure per aye thi,thi,URD
"aisi koi hadith nahi haii..
beghair tahqiq koi bhi post na lagaya karo spe hadith ...
ALLAH ne aqal di hai usay istemal karo",aisi,URD
"aisi koi hadith nahi haii..
beghair tahqiq koi bhi post na lagaya karo spe hadith ...
ALLAH ne aqal di hai usay istemal karo",koi,URD
"aisi koi hadith nahi haii..
beghair tahqiq koi bhi post na lagaya karo spe hadith ...
ALLAH ne aqal di hai usay istemal karo",hadith,URD
"aisi koi hadith nahi haii..
beghair tahqiq koi bhi post na lagaya karo spe hadith ...
ALLAH ne aqal di hai usay istemal karo",nahi,URD
"aisi koi hadith nahi haii..
beghair tahqiq koi bhi post na lagaya karo spe hadith ...
ALLAH ne aqal di hai usay istemal karo",haii..,URD
"aisi koi hadith nahi haii..
beghair tahqiq koi bhi post na lagaya karo spe hadith ...
ALLAH ne aqal di hai usay istemal karo",beghair,URD
"aisi koi hadith nahi haii..
beghair tahqiq koi bhi post na lagaya karo spe hadith ...
ALLAH ne aqal di hai usay istemal karo",tahqiq,URD
"aisi koi hadith nahi haii..
beghair tahqiq koi bhi post na lagaya karo spe hadith ...
ALLAH ne aqal di hai usay istemal karo",koi,URD
"aisi koi hadith nahi haii..
beghair tahqiq koi bhi post na lagaya karo spe hadith ...
ALLAH ne aqal di hai usay istemal karo",bhi,URD
"aisi koi hadith nahi haii..
beghair tahqiq koi bhi post na lagaya karo spe hadith ...
ALLAH ne aqal di hai usay istemal karo",post,MIX
"aisi koi hadith nahi haii..
beghair tahqiq koi bhi post na lagaya karo spe hadith ...
ALLAH ne aqal di hai usay istemal karo",na,URD
"aisi koi hadith nahi haii..
beghair tahqiq koi bhi post na lagaya karo spe hadith ...
ALLAH ne aqal di hai usay istemal karo",lagaya,URD
"aisi koi hadith nahi haii..
beghair tahqiq koi bhi post na lagaya karo spe hadith ...
ALLAH ne aqal di hai usay istemal karo",karo,URD
"aisi koi hadith nahi haii..
beghair tahqiq koi bhi post na lagaya karo spe hadith ...
ALLAH ne aqal di hai usay istemal karo",spe,URD
"aisi koi hadith nahi haii..
beghair tahqiq koi bhi post na lagaya karo spe hadith ...
ALLAH ne aqal di hai usay istemal karo",hadith,URD
"aisi koi hadith nahi haii..
beghair tahqiq koi bhi post na lagaya karo spe hadith ...
ALLAH ne aqal di hai usay istemal karo",...,URD
"aisi koi hadith nahi haii..
beghair tahqiq koi bhi post na lagaya karo spe hadith ...
ALLAH ne aqal di hai usay istemal karo",ALLAH,URD
"aisi koi hadith nahi haii..
beghair tahqiq koi bhi post na lagaya karo spe hadith ...
ALLAH ne aqal di hai usay istemal karo",ne,URD
"aisi koi hadith nahi haii..
beghair tahqiq koi bhi post na lagaya karo spe hadith ...
ALLAH ne aqal di hai usay istemal karo",aqal,URD
"aisi koi hadith nahi haii..
beghair tahqiq koi bhi post na lagaya karo spe hadith ...
ALLAH ne aqal di hai usay istemal karo",di,URD
"aisi koi hadith nahi haii..
beghair tahqiq koi bhi post na lagaya karo spe hadith ...
ALLAH ne aqal di hai usay istemal karo",hai,URD
"aisi koi hadith nahi haii..
beghair tahqiq koi bhi post na lagaya karo spe hadith ...
ALLAH ne aqal di hai usay istemal karo",usay,URD
"aisi koi hadith nahi haii..
beghair tahqiq koi bhi post na lagaya karo spe hadith ...
ALLAH ne aqal di hai usay istemal karo",istemal,URD
"aisi koi hadith nahi haii..
beghair tahqiq koi bhi post na lagaya karo spe hadith ...
ALLAH ne aqal di hai usay istemal karo",karo,URD
Hmm soch raha hon k kya naam hoga ab ke bar album ka ( New World Order ) :),Hmm,URD
Hmm soch raha hon k kya naam hoga ab ke bar album ka ( New World Order ) :),soch,URD
Hmm soch raha hon k kya naam hoga ab ke bar album ka ( New World Order ) :),raha,URD
Hmm soch raha hon k kya naam hoga ab ke bar album ka ( New World Order ) :),hon,URD
Hmm soch raha hon k kya naam hoga ab ke bar album ka ( New World Order ) :),k,URD
Hmm soch raha hon k kya naam hoga ab ke bar album ka ( New World Order ) :),kya,URD
Hmm soch raha hon k kya naam hoga ab ke bar album ka ( New World Order ) :),naam,URD
Hmm soch raha hon k kya naam hoga ab ke bar album ka ( New World Order ) :),hoga,URD
Hmm soch raha hon k kya naam hoga ab ke bar album ka ( New World Order ) :),ab,URD
Hmm soch raha hon k kya naam hoga ab ke bar album ka ( New World Order ) :),ke,URD
Hmm soch raha hon k kya naam hoga ab ke bar album ka ( New World Order ) :),bar,URD
Hmm soch raha hon k kya naam hoga ab ke bar album ka ( New World Order ) :),album,URD
Hmm soch raha hon k kya naam hoga ab ke bar album ka ( New World Order ) :),ka,URD
Hmm soch raha hon k kya naam hoga ab ke bar album ka ( New World Order ) :),(,URD
Hmm soch raha hon k kya naam hoga ab ke bar album ka ( New World Order ) :),New,URD
Hmm soch raha hon k kya naam hoga ab ke bar album ka ( New World Order ) :),World,ENG
Hmm soch raha hon k kya naam hoga ab ke bar album ka ( New World Order ) :),Order,MIX
Hmm soch raha hon k kya naam hoga ab ke bar album ka ( New World Order ) :),),URD
Hmm soch raha hon k kya naam hoga ab ke bar album ka ( New World Order ) :),:),URD
Raza Meer ne kaha ke Madam Noor Jahan ko is composition mein gawa kar dekhein,Raza,URD
Raza Meer ne kaha ke Madam Noor Jahan ko is composition mein gawa kar dekhein,Meer,URD
Raza Meer ne kaha ke Madam Noor Jahan ko is composition mein gawa kar dekhein,ne,URD
Raza Meer ne kaha ke Madam Noor Jahan ko is composition mein gawa kar dekhein,kaha,URD
Raza Meer ne kaha ke Madam Noor Jahan ko is composition mein gawa kar dekhein,ke,URD
Raza Meer ne kaha ke Madam Noor Jahan ko is composition mein gawa kar dekhein,Madam,URD
Raza Meer ne kaha ke Madam Noor Jahan ko is composition mein gawa kar dekhein,Noor,URD
Raza Meer ne kaha ke Madam Noor Jahan ko is composition mein gawa kar dekhein,Jahan,URD
Raza Meer ne kaha ke Madam Noor Jahan ko is composition mein gawa kar dekhein,ko,URD
Raza Meer ne kaha ke Madam Noor Jahan ko is composition mein gawa kar dekhein,is,ENG
Raza Meer ne kaha ke Madam Noor Jahan ko is composition mein gawa kar dekhein,composition,URD
Raza Meer ne kaha ke Madam Noor Jahan ko is composition mein gawa kar dekhein,mein,URD
Raza Meer ne kaha ke Madam Noor Jahan ko is composition mein gawa kar dekhein,gawa,URD
Raza Meer ne kaha ke Madam Noor Jahan ko is composition mein gawa kar dekhein,kar,URD
Raza Meer ne kaha ke Madam Noor Jahan ko is composition mein gawa kar dekhein,dekhein,URD
Is shadi ka anjaam 2 baras bad he divorce ki soorat mein nikla,Is,ENG
Is shadi ka anjaam 2 baras bad he divorce ki soorat mein nikla,shadi,URD
Is shadi ka anjaam 2 baras bad he divorce ki soorat mein nikla,ka,URD
Is shadi ka anjaam 2 baras bad he divorce ki soorat mein nikla,anjaam,URD
Is shadi ka anjaam 2 baras bad he divorce ki soorat mein nikla,2,URD
Is shadi ka anjaam 2 baras bad he divorce ki soorat mein nikla,baras,URD
Is shadi ka anjaam 2 baras bad he divorce ki soorat mein nikla,bad,ENG
Is shadi ka anjaam 2 baras bad he divorce ki soorat mein nikla,he,URD
Is shadi ka anjaam 2 baras bad he divorce ki soorat mein nikla,divorce,URD
Is shadi ka anjaam 2 baras bad he divorce ki soorat mein nikla,ki,URD
Is shadi ka anjaam 2 baras bad he divorce ki soorat mein nikla,soorat,URD
Is shadi ka anjaam 2 baras bad he divorce ki soorat mein nikla,mein,URD
Is shadi ka anjaam 2 baras bad he divorce ki soorat mein nikla,nikla,URD
Is se qabal 1996 mein Jolie hum jins parasti ki taraf bhi maill ho gai thein,Is,ENG
Is se qabal 1996 mein Jolie hum jins parasti ki taraf bhi maill ho gai thein,se,URD
Is se qabal 1996 mein Jolie hum jins parasti ki taraf bhi maill ho gai thein,qabal,URD
Is se qabal 1996 mein Jolie hum jins parasti ki taraf bhi maill ho gai thein,1996,URD
Is se qabal 1996 mein Jolie hum jins parasti ki taraf bhi maill ho gai thein,mein,URD
Is se qabal 1996 mein Jolie hum jins parasti ki taraf bhi maill ho gai thein,Jolie,URD
Is se qabal 1996 mein Jolie hum jins parasti ki taraf bhi maill ho gai thein,hum,URD
Is se qabal 1996 mein Jolie hum jins parasti ki taraf bhi maill ho gai thein,jins,URD
Is se qabal 1996 mein Jolie hum jins parasti ki taraf bhi maill ho gai thein,parasti,URD
Is se qabal 1996 mein Jolie hum jins parasti ki taraf bhi maill ho gai thein,ki,URD
Is se qabal 1996 mein Jolie hum jins parasti ki taraf bhi maill ho gai thein,taraf,URD
Is se qabal 1996 mein Jolie hum jins parasti ki taraf bhi maill ho gai thein,bhi,URD
Is se qabal 1996 mein Jolie hum jins parasti ki taraf bhi maill ho gai thein,maill,URD
Is se qabal 1996 mein Jolie hum jins parasti ki taraf bhi maill ho gai thein,ho,URD
Is se qabal 1996 mein Jolie hum jins parasti ki taraf bhi maill ho gai thein,gai,URD
Is se qabal 1996 mein Jolie hum jins parasti ki taraf bhi maill ho gai thein,thein,URD
DG Rangers Ki Janib Se Insaf Ki Yaqeen Dihani K Baad MQM Ne Aaj Monday Ki Hartal Ki Call Wapis Le Li,DG,URD
DG Rangers Ki Janib Se Insaf Ki Yaqeen Dihani K Baad MQM Ne Aaj Monday Ki Hartal Ki Call Wapis Le Li,Rangers,URD
DG Rangers Ki Janib Se Insaf Ki Yaqeen Dihani K Baad MQM Ne Aaj Monday Ki Hartal Ki Call Wapis Le Li,Ki,URD
DG Rangers Ki Janib Se Insaf Ki Yaqeen Dihani K Baad MQM Ne Aaj Monday Ki Hartal Ki Call Wapis Le Li,Janib,URD
DG Rangers Ki Janib Se Insaf Ki Yaqeen Dihani K Baad MQM Ne Aaj Monday Ki Hartal Ki Call Wapis Le Li,Se,URD
DG Rangers Ki Janib Se Insaf Ki Yaqeen Dihani K Baad MQM Ne Aaj Monday Ki Hartal Ki Call Wapis Le Li,Insaf,URD
DG Rangers Ki Janib Se Insaf Ki Yaqeen Dihani K Baad MQM Ne Aaj Monday Ki Hartal Ki Call Wapis Le Li,Ki,URD
DG Rangers Ki Janib Se Insaf Ki Yaqeen Dihani K Baad MQM Ne Aaj Monday Ki Hartal Ki Call Wapis Le Li,Yaqeen,URD
DG Rangers Ki Janib Se Insaf Ki Yaqeen Dihani K Baad MQM Ne Aaj Monday Ki Hartal Ki Call Wapis Le Li,Dihani,URD
DG Rangers Ki Janib Se Insaf Ki Yaqeen Dihani K Baad MQM Ne Aaj Monday Ki Hartal Ki Call Wapis Le Li,K,URD
DG Rangers Ki Janib Se Insaf Ki Yaqeen Dihani K Baad MQM Ne Aaj Monday Ki Hartal Ki Call Wapis Le Li,Baad,URD
DG Rangers Ki Janib Se Insaf Ki Yaqeen Dihani K Baad MQM Ne Aaj Monday Ki Hartal Ki Call Wapis Le Li,MQM,URD
DG Rangers Ki Janib Se Insaf Ki Yaqeen Dihani K Baad MQM Ne Aaj Monday Ki Hartal Ki Call Wapis Le Li,Ne,URD
DG Rangers Ki Janib Se Insaf Ki Yaqeen Dihani K Baad MQM Ne Aaj Monday Ki Hartal Ki Call Wapis Le Li,Aaj,URD
DG Rangers Ki Janib Se Insaf Ki Yaqeen Dihani K Baad MQM Ne Aaj Monday Ki Hartal Ki Call Wapis Le Li,Monday,URD
DG Rangers Ki Janib Se Insaf Ki Yaqeen Dihani K Baad MQM Ne Aaj Monday Ki Hartal Ki Call Wapis Le Li,Ki,URD
DG Rangers Ki Janib Se Insaf Ki Yaqeen Dihani K Baad MQM Ne Aaj Monday Ki Hartal Ki Call Wapis Le Li,Hartal,URD
DG Rangers Ki Janib Se Insaf Ki Yaqeen Dihani K Baad MQM Ne Aaj Monday Ki Hartal Ki Call Wapis Le Li,Ki,URD
DG Rangers Ki Janib Se Insaf Ki Yaqeen Dihani K Baad MQM Ne Aaj Monday Ki Hartal Ki Call Wapis Le Li,Call,MIX
DG Rangers Ki Janib Se Insaf Ki Yaqeen Dihani K Baad MQM Ne Aaj Monday Ki Hartal Ki Call Wapis Le Li,Wapis,URD
DG Rangers Ki Janib Se Insaf Ki Yaqeen Dihani K Baad MQM Ne Aaj Monday Ki Hartal Ki Call Wapis Le Li,Le,URD
DG Rangers Ki Janib Se Insaf Ki Yaqeen Dihani K Baad MQM Ne Aaj Monday Ki Hartal Ki Call Wapis Le Li,Li,URD
dars ko sadqa jariya ki neyat se share karain ummat ka nafa hoga jahan tak pegham jaye ga,dars,URD
dars ko sadqa jariya ki neyat se share karain ummat ka nafa hoga jahan tak pegham jaye ga,ko,URD
dars ko sadqa jariya ki neyat se share karain ummat ka nafa hoga jahan tak pegham jaye ga,sadqa,URD
dars ko sadqa jariya ki neyat se share karain ummat ka nafa hoga jahan tak pegham jaye ga,jariya,URD
dars ko sadqa jariya ki neyat se share karain ummat ka nafa hoga jahan tak pegham jaye ga,ki,URD
dars ko sadqa jariya ki neyat se share karain ummat ka nafa hoga jahan tak pegham jaye ga,neyat,URD
dars ko sadqa jariya ki neyat se share karain ummat ka nafa hoga jahan tak pegham jaye ga,se,URD
dars ko sadqa jariya ki neyat se share karain ummat ka nafa hoga jahan tak pegham jaye ga,share,MIX
dars ko sadqa jariya ki neyat se share karain ummat ka nafa hoga jahan tak pegham jaye ga,karain,URD
dars ko sadqa jariya ki neyat se share karain ummat ka nafa hoga jahan tak pegham jaye ga,ummat,URD
dars ko sadqa jariya ki neyat se share karain ummat ka nafa hoga jahan tak pegham jaye ga,ka,URD
dars ko sadqa jariya ki neyat se share karain ummat ka nafa hoga jahan tak pegham jaye ga,nafa,URD
dars ko sadqa jariya ki neyat se share karain ummat ka nafa hoga jahan tak pegham jaye ga,hoga,URD
dars ko sadqa jariya ki neyat se share karain ummat ka nafa hoga jahan tak pegham jaye ga,jahan,URD
dars ko sadqa jariya ki neyat se share karain ummat ka nafa hoga jahan tak pegham jaye ga,tak,URD
dars ko sadqa jariya ki neyat se share karain ummat ka nafa hoga jahan tak pegham jaye ga,pegham,URD
dars ko sadqa jariya ki neyat se share karain ummat ka nafa hoga jahan tak pegham jaye ga,jaye,URD
dars ko sadqa jariya ki neyat se share karain ummat ka nafa hoga jahan tak pegham jaye ga,ga,URD
Inho ne 37 test centuries banai hain aur is muaamley mein sirf Sachin Tendulkar se piche hain,Inho,URD
Inho ne 37 test centuries banai hain aur is muaamley mein sirf Sachin Tendulkar se piche hain,ne,URD
Inho ne 37 test centuries banai hain aur is muaamley mein sirf Sachin Tendulkar se piche hain,37,URD
Inho ne 37 test centuries banai hain aur is muaamley mein sirf Sachin Tendulkar se piche hain,test,MIX
Inho ne 37 test centuries banai hain aur is muaamley mein sirf Sachin Tendulkar se piche hain,centuries,URD
Inho ne 37 test centuries banai hain aur is muaamley mein sirf Sachin Tendulkar se piche hain,banai,URD
Inho ne 37 test centuries banai hain aur is muaamley mein sirf Sachin Tendulkar se piche hain,hain,URD
Inho ne 37 test centuries banai hain aur is muaamley mein sirf Sachin Tendulkar se piche hain,aur,URD
Inho ne 37 test centuries banai hain aur is muaamley mein sirf Sachin Tendulkar se piche hain,is,ENG
Inho ne 37 test centuries banai hain aur is muaamley mein sirf Sachin Tendulkar se piche hain,muaamley,URD
Inho ne 37 test centuries banai hain aur is muaamley mein sirf Sachin Tendulkar se piche hain,mein,URD
Inho ne 37 test centuries banai hain aur is muaamley mein sirf Sachin Tendulkar se piche hain,sirf,URD
Inho ne 37 test centuries banai hain aur is muaamley mein sirf Sachin Tendulkar se piche hain,Sachin,URD
Inho ne 37 test centuries banai hain aur is muaamley mein sirf Sachin Tendulkar se piche hain,Tendulkar,URD
Inho ne 37 test centuries banai hain aur is muaamley mein sirf Sachin Tendulkar se piche hain,se,URD
Inho ne 37 test centuries banai hain aur is muaamley mein sirf Sachin Tendulkar se piche hain,piche,URD
Inho ne 37 test centuries banai hain aur is muaamley mein sirf Sachin Tendulkar se piche hain,hain,URD
haha bechare ne bri mushkil se us k sath photo bnwai hai uski nhi hai wo jnb,haha,URD
haha bechare ne bri mushkil se us k sath photo bnwai hai uski nhi hai wo jnb,bechare,URD
haha bechare ne bri mushkil se us k sath photo bnwai hai uski nhi hai wo jnb,ne,URD
haha bechare ne bri mushkil se us k sath photo bnwai hai uski nhi hai wo jnb,bri,URD
haha bechare ne bri mushkil se us k sath photo bnwai hai uski nhi hai wo jnb,mushkil,URD
haha bechare ne bri mushkil se us k sath photo bnwai hai uski nhi hai wo jnb,se,URD
haha bechare ne bri mushkil se us k sath photo bnwai hai uski nhi hai wo jnb,us,URD
haha bechare ne bri mushkil se us k sath photo bnwai hai uski nhi hai wo jnb,k,URD
haha bechare ne bri mushkil se us k sath photo bnwai hai uski nhi hai wo jnb,sath,URD
haha bechare ne bri mushkil se us k sath photo bnwai hai uski nhi hai wo jnb,photo,MIX
haha bechare ne bri mushkil se us k sath photo bnwai hai uski nhi hai wo jnb,bnwai,URD
haha bechare ne bri mushkil se us k sath photo bnwai hai uski nhi hai wo jnb,hai,URD
haha bechare ne bri mushkil se us k sath photo bnwai hai uski nhi hai wo jnb,uski,URD
haha bechare ne bri mushkil se us k sath photo bnwai hai uski nhi hai wo jnb,nhi,URD
haha bechare ne bri mushkil se us k sath photo bnwai hai uski nhi hai wo jnb,hai,URD
haha bechare ne bri mushkil se us k sath photo bnwai hai uski nhi hai wo jnb,wo,URD
haha bechare ne bri mushkil se us k sath photo bnwai hai uski nhi hai wo jnb,jnb,URD
Hamain Kapre Ki Product Sale K Lye Khwateen Hazrat Ki Zarorat Hai Jo Part Time Kam Kerna Chahte Hon,Hamain,URD
Hamain Kapre Ki Product Sale K Lye Khwateen Hazrat Ki Zarorat Hai Jo Part Time Kam Kerna Chahte Hon,Kapre,URD
Hamain Kapre Ki Product Sale K Lye Khwateen Hazrat Ki Zarorat Hai Jo Part Time Kam Kerna Chahte Hon,Ki,URD
Hamain Kapre Ki Product Sale K Lye Khwateen Hazrat Ki Zarorat Hai Jo Part Time Kam Kerna Chahte Hon,Product,URD
Hamain Kapre Ki Product Sale K Lye Khwateen Hazrat Ki Zarorat Hai Jo Part Time Kam Kerna Chahte Hon,Sale,URD
Hamain Kapre Ki Product Sale K Lye Khwateen Hazrat Ki Zarorat Hai Jo Part Time Kam Kerna Chahte Hon,K,URD
Hamain Kapre Ki Product Sale K Lye Khwateen Hazrat Ki Zarorat Hai Jo Part Time Kam Kerna Chahte Hon,Lye,URD
Hamain Kapre Ki Product Sale K Lye Khwateen Hazrat Ki Zarorat Hai Jo Part Time Kam Kerna Chahte Hon,Khwateen,URD
Hamain Kapre Ki Product Sale K Lye Khwateen Hazrat Ki Zarorat Hai Jo Part Time Kam Kerna Chahte Hon,Hazrat,URD
Hamain Kapre Ki Product Sale K Lye Khwateen Hazrat Ki Zarorat Hai Jo Part Time Kam Kerna Chahte Hon,Ki,URD
Hamain Kapre Ki Product Sale K Lye Khwateen Hazrat Ki Zarorat Hai Jo Part Time Kam Kerna Chahte Hon,Zarorat,URD
Hamain Kapre Ki Product Sale K Lye Khwateen Hazrat Ki Zarorat Hai Jo Part Time Kam Kerna Chahte Hon,Hai,URD
Hamain Kapre Ki Product Sale K Lye Khwateen Hazrat Ki Zarorat Hai Jo Part Time Kam Kerna Chahte Hon,Jo,URD
Hamain Kapre Ki Product Sale K Lye Khwateen Hazrat Ki Zarorat Hai Jo Part Time Kam Kerna Chahte Hon,Part,URD
Hamain Kapre Ki Product Sale K Lye Khwateen Hazrat Ki Zarorat Hai Jo Part Time Kam Kerna Chahte Hon,Time,MIX
Hamain Kapre Ki Product Sale K Lye Khwateen Hazrat Ki Zarorat Hai Jo Part Time Kam Kerna Chahte Hon,Kam,URD
Hamain Kapre Ki Product Sale K Lye Khwateen Hazrat Ki Zarorat Hai Jo Part Time Kam Kerna Chahte Hon,Kerna,URD
Hamain Kapre Ki Product Sale K Lye Khwateen Hazrat Ki Zarorat Hai Jo Part Time Kam Kerna Chahte Hon,Chahte,URD
Hamain Kapre Ki Product Sale K Lye Khwateen Hazrat Ki Zarorat Hai Jo Part Time Kam Kerna Chahte Hon,Hon,URD
awaz achi h pr video kya bnai h bhai,awaz,URD
awaz achi h pr video kya bnai h bhai,achi,URD
awaz achi h pr video kya bnai h bhai,h,URD
awaz achi h pr video kya bnai h bhai,pr,URD
awaz achi h pr video kya bnai h bhai,video,MIX
awaz achi h pr video kya bnai h bhai,kya,URD
awaz achi h pr video kya bnai h bhai,bnai,URD
awaz achi h pr video kya bnai h bhai,h,URD
awaz achi h pr video kya bnai h bhai,bhai,URD
mera tou dil agaya hai is jacket per. Bari achi stitching hui hai iski aur kapra bhee acha istemal kia hai.,mera,URD
mera tou dil agaya hai is jacket per. Bari achi stitching hui hai iski aur kapra bhee acha istemal kia hai.,tou,URD
mera tou dil agaya hai is jacket per. Bari achi stitching hui hai iski aur kapra bhee acha istemal kia hai.,dil,URD
mera tou dil agaya hai is jacket per. Bari achi stitching hui hai iski aur kapra bhee acha istemal kia hai.,agaya,URD
mera tou dil agaya hai is jacket per. Bari achi stitching hui hai iski aur kapra bhee acha istemal kia hai.,hai,URD
mera tou dil agaya hai is jacket per. Bari achi stitching hui hai iski aur kapra bhee acha istemal kia hai.,is,ENG
mera tou dil agaya hai is jacket per. Bari achi stitching hui hai iski aur kapra bhee acha istemal kia hai.,jacket,URD
mera tou dil agaya hai is jacket per. Bari achi stitching hui hai iski aur kapra bhee acha istemal kia hai.,per.,URD
mera tou dil agaya hai is jacket per. Bari achi stitching hui hai iski aur kapra bhee acha istemal kia hai.,Bari,URD
mera tou dil agaya hai is jacket per. Bari achi stitching hui hai iski aur kapra bhee acha istemal kia hai.,achi,URD
mera tou dil agaya hai is jacket per. Bari achi stitching hui hai iski aur kapra bhee acha istemal kia hai.,stitching,URD
mera tou dil agaya hai is jacket per. Bari achi stitching hui hai iski aur kapra bhee acha istemal kia hai.,hui,URD
mera tou dil agaya hai is jacket per. Bari achi stitching hui hai iski aur kapra bhee acha istemal kia hai.,hai,URD
mera tou dil agaya hai is jacket per. Bari achi stitching hui hai iski aur kapra bhee acha istemal kia hai.,iski,URD
mera tou dil agaya hai is jacket per. Bari achi stitching hui hai iski aur kapra bhee acha istemal kia hai.,aur,URD
mera tou dil agaya hai is jacket per. Bari achi stitching hui hai iski aur kapra bhee acha istemal kia hai.,kapra,URD
mera tou dil agaya hai is jacket per. Bari achi stitching hui hai iski aur kapra bhee acha istemal kia hai.,bhee,URD
mera tou dil agaya hai is jacket per. Bari achi stitching hui hai iski aur kapra bhee acha istemal kia hai.,acha,URD
mera tou dil agaya hai is jacket per. Bari achi stitching hui hai iski aur kapra bhee acha istemal kia hai.,istemal,URD
mera tou dil agaya hai is jacket per. Bari achi stitching hui hai iski aur kapra bhee acha istemal kia hai.,kia,URD
mera tou dil agaya hai is jacket per. Bari achi stitching hui hai iski aur kapra bhee acha istemal kia hai.,hai.,URD
Main ne past mien jo kaam kiya wo logon ko aaj tak yaad hai,Main,URD
Main ne past mien jo kaam kiya wo logon ko aaj tak yaad hai,ne,URD
Main ne past mien jo kaam kiya wo logon ko aaj tak yaad hai,past,ENG
Main ne past mien jo kaam kiya wo logon ko aaj tak yaad hai,mien,URD
Main ne past mien jo kaam kiya wo logon ko aaj tak yaad hai,jo,URD
Main ne past mien jo kaam kiya wo logon ko aaj tak yaad hai,kaam,URD
Main ne past mien jo kaam kiya wo logon ko aaj tak yaad hai,kiya,URD
Main ne past mien jo kaam kiya wo logon ko aaj tak yaad hai,wo,URD
Main ne past mien jo kaam kiya wo logon ko aaj tak yaad hai,logon,URD
Main ne past mien jo kaam kiya wo logon ko aaj tak yaad hai,ko,URD
Main ne past mien jo kaam kiya wo logon ko aaj tak yaad hai,aaj,URD
Main ne past mien jo kaam kiya wo logon ko aaj tak yaad hai,tak,URD
Main ne past mien jo kaam kiya wo logon ko aaj tak yaad hai,yaad,URD
Main ne past mien jo kaam kiya wo logon ko aaj tak yaad hai,hai,URD
Ma Ne ye shirt order ki per inho Ne black colour full sleeves me koi or bhj di ????,Ma,URD
Ma Ne ye shirt order ki per inho Ne black colour full sleeves me koi or bhj di ????,Ne,URD
Ma Ne ye shirt order ki per inho Ne black colour full sleeves me koi or bhj di ????,ye,URD
Ma Ne ye shirt order ki per inho Ne black colour full sleeves me koi or bhj di ????,shirt,URD
Ma Ne ye shirt order ki per inho Ne black colour full sleeves me koi or bhj di ????,order,MIX
Ma Ne ye shirt order ki per inho Ne black colour full sleeves me koi or bhj di ????,ki,URD
Ma Ne ye shirt order ki per inho Ne black colour full sleeves me koi or bhj di ????,per,URD
Ma Ne ye shirt order ki per inho Ne black colour full sleeves me koi or bhj di ????,inho,URD
Ma Ne ye shirt order ki per inho Ne black colour full sleeves me koi or bhj di ????,Ne,URD
Ma Ne ye shirt order ki per inho Ne black colour full sleeves me koi or bhj di ????,black,URD
Ma Ne ye shirt order ki per inho Ne black colour full sleeves me koi or bhj di ????,colour,URD
Ma Ne ye shirt order ki per inho Ne black colour full sleeves me koi or bhj di ????,full,URD
Ma Ne ye shirt order ki per inho Ne black colour full sleeves me koi or bhj di ????,sleeves,URD
Ma Ne ye shirt order ki per inho Ne black colour full sleeves me koi or bhj di ????,me,URD
Ma Ne ye shirt order ki per inho Ne black colour full sleeves me koi or bhj di ????,koi,URD
Ma Ne ye shirt order ki per inho Ne black colour full sleeves me koi or bhj di ????,or,URD
Ma Ne ye shirt order ki per inho Ne black colour full sleeves me koi or bhj di ????,bhj,URD
Ma Ne ye shirt order ki per inho Ne black colour full sleeves me koi or bhj di ????,di,URD
Ma Ne ye shirt order ki per inho Ne black colour full sleeves me koi or bhj di ????,????,URD
ALLIED SCHOOL PH 1 WALE KEHTE HAN K COURT K ORDER SE HMARA KOI TAALUQ NHI H.,ALLIED,URD
ALLIED SCHOOL PH 1 WALE KEHTE HAN K COURT K ORDER SE HMARA KOI TAALUQ NHI H.,SCHOOL,URD
ALLIED SCHOOL PH 1 WALE KEHTE HAN K COURT K ORDER SE HMARA KOI TAALUQ NHI H.,PH,URD
ALLIED SCHOOL PH 1 WALE KEHTE HAN K COURT K ORDER SE HMARA KOI TAALUQ NHI H.,1,URD
ALLIED SCHOOL PH 1 WALE KEHTE HAN K COURT K ORDER SE HMARA KOI TAALUQ NHI H.,WALE,URD
ALLIED SCHOOL PH 1 WALE KEHTE HAN K COURT K ORDER SE HMARA KOI TAALUQ NHI H.,KEHTE,URD
ALLIED SCHOOL PH 1 WALE KEHTE HAN K COURT K ORDER SE HMARA KOI TAALUQ NHI H.,HAN,URD
ALLIED SCHOOL PH 1 WALE KEHTE HAN K COURT K ORDER SE HMARA KOI TAALUQ NHI H.,K,URD
ALLIED SCHOOL PH 1 WALE KEHTE HAN K COURT K ORDER SE HMARA KOI TAALUQ NHI H.,COURT,URD
ALLIED SCHOOL PH 1 WALE KEHTE HAN K COURT K ORDER SE HMARA KOI TAALUQ NHI H.,K,URD
ALLIED SCHOOL PH 1 WALE KEHTE HAN K COURT K ORDER SE HMARA KOI TAALUQ NHI H.,ORDER,MIX
ALLIED SCHOOL PH 1 WALE KEHTE HAN K COURT K ORDER SE HMARA KOI TAALUQ NHI H.,SE,URD
ALLIED SCHOOL PH 1 WALE KEHTE HAN K COURT K ORDER SE HMARA KOI TAALUQ NHI H.,HMARA,URD
ALLIED SCHOOL PH 1 WALE KEHTE HAN K COURT K ORDER SE HMARA KOI TAALUQ NHI H.,KOI,URD
ALLIED SCHOOL PH 1 WALE KEHTE HAN K COURT K ORDER SE HMARA KOI TAALUQ NHI H.,TAALUQ,URD
ALLIED SCHOOL PH 1 WALE KEHTE HAN K COURT K ORDER SE HMARA KOI TAALUQ NHI H.,NHI,URD
ALLIED SCHOOL PH 1 WALE KEHTE HAN K COURT K ORDER SE HMARA KOI TAALUQ NHI H.,H.,URD
"Usi zamane mein Baba Chishti, Feroz Nizami, Robin Ghosh, Master Abdullah, Suhail Rana aur Hassan Latif bhi apne fan ke johar dekha rahe the",Usi,URD
"Usi zamane mein Baba Chishti, Feroz Nizami, Robin Ghosh, Master Abdullah, Suhail Rana aur Hassan Latif bhi apne fan ke johar dekha rahe the",zamane,URD
"Usi zamane mein Baba Chishti, Feroz Nizami, Robin Ghosh, Master Abdullah, Suhail Rana aur Hassan Latif bhi apne fan ke johar dekha rahe the",mein,URD
"Usi zamane mein Baba Chishti, Feroz Nizami, Robin Ghosh, Master Abdullah, Suhail Rana aur Hassan Latif bhi apne fan ke johar dekha rahe the",Baba,URD
"Usi zamane mein Baba Chishti, Feroz Nizami, Robin Ghosh, Master Abdullah, Suhail Rana aur Hassan Latif bhi apne fan ke johar dekha rahe the","Chishti,",URD
"Usi zamane mein Baba Chishti, Feroz Nizami, Robin Ghosh, Master Abdullah, Suhail Rana aur Hassan Latif bhi apne fan ke johar dekha rahe the",Feroz,URD
"Usi zamane mein Baba Chishti, Feroz Nizami, Robin Ghosh, Master Abdullah, Suhail Rana aur Hassan Latif bhi apne fan ke johar dekha rahe the","Nizami,",URD
"Usi zamane mein Baba Chishti, Feroz Nizami, Robin Ghosh, Master Abdullah, Suhail Rana aur Hassan Latif bhi apne fan ke johar dekha rahe the",Robin,URD
"Usi zamane mein Baba Chishti, Feroz Nizami, Robin Ghosh, Master Abdullah, Suhail Rana aur Hassan Latif bhi apne fan ke johar dekha rahe the","Ghosh,",URD
"Usi zamane mein Baba Chishti, Feroz Nizami, Robin Ghosh, Master Abdullah, Suhail Rana aur Hassan Latif bhi apne fan ke johar dekha rahe the",Master,URD
"Usi zamane mein Baba Chishti, Feroz Nizami, Robin Ghosh, Master Abdullah, Suhail Rana aur Hassan Latif bhi apne fan ke johar dekha rahe the","Abdullah,",URD
"Usi zamane mein Baba Chishti, Feroz Nizami, Robin Ghosh, Master Abdullah, Suhail Rana aur Hassan Latif bhi apne fan ke johar dekha rahe the",Suhail,URD
"Usi zamane mein Baba Chishti, Feroz Nizami, Robin Ghosh, Master Abdullah, Suhail Rana aur Hassan Latif bhi apne fan ke johar dekha rahe the",Rana,URD
"Usi zamane mein Baba Chishti, Feroz Nizami, Robin Ghosh, Master Abdullah, Suhail Rana aur Hassan Latif bhi apne fan ke johar dekha rahe the",aur,URD
"Usi zamane mein Baba Chishti, Feroz Nizami, Robin Ghosh, Master Abdullah, Suhail Rana aur Hassan Latif bhi apne fan ke johar dekha rahe the",Hassan,URD
"Usi zamane mein Baba Chishti, Feroz Nizami, Robin Ghosh, Master Abdullah, Suhail Rana aur Hassan Latif bhi apne fan ke johar dekha rahe the",Latif,URD
"Usi zamane mein Baba Chishti, Feroz Nizami, Robin Ghosh, Master Abdullah, Suhail Rana aur Hassan Latif bhi apne fan ke johar dekha rahe the",bhi,URD
"Usi zamane mein Baba Chishti, Feroz Nizami, Robin Ghosh, Master Abdullah, Suhail Rana aur Hassan Latif bhi apne fan ke johar dekha rahe the",apne,URD
"Usi zamane mein Baba Chishti, Feroz Nizami, Robin Ghosh, Master Abdullah, Suhail Rana aur Hassan Latif bhi apne fan ke johar dekha rahe the",fan,MIX
"Usi zamane mein Baba Chishti, Feroz Nizami, Robin Ghosh, Master Abdullah, Suhail Rana aur Hassan Latif bhi apne fan ke johar dekha rahe the",ke,URD
"Usi zamane mein Baba Chishti, Feroz Nizami, Robin Ghosh, Master Abdullah, Suhail Rana aur Hassan Latif bhi apne fan ke johar dekha rahe the",johar,URD
"Usi zamane mein Baba Chishti, Feroz Nizami, Robin Ghosh, Master Abdullah, Suhail Rana aur Hassan Latif bhi apne fan ke johar dekha rahe the",dekha,URD
"Usi zamane mein Baba Chishti, Feroz Nizami, Robin Ghosh, Master Abdullah, Suhail Rana aur Hassan Latif bhi apne fan ke johar dekha rahe the",rahe,URD
"Usi zamane mein Baba Chishti, Feroz Nizami, Robin Ghosh, Master Abdullah, Suhail Rana aur Hassan Latif bhi apne fan ke johar dekha rahe the",the,ENG
Jis ki kamiyabi ke bad inhe science fiction films ka mustanid director samjha jane laga,Jis,URD
Jis ki kamiyabi ke bad inhe science fiction films ka mustanid director samjha jane laga,ki,URD
Jis ki kamiyabi ke bad inhe science fiction films ka mustanid director samjha jane laga,kamiyabi,URD
Jis ki kamiyabi ke bad inhe science fiction films ka mustanid director samjha jane laga,ke,URD
Jis ki kamiyabi ke bad inhe science fiction films ka mustanid director samjha jane laga,bad,ENG
Jis ki kamiyabi ke bad inhe science fiction films ka mustanid director samjha jane laga,inhe,URD
Jis ki kamiyabi ke bad inhe science fiction films ka mustanid director samjha jane laga,science,URD
Jis ki kamiyabi ke bad inhe science fiction films ka mustanid director samjha jane laga,fiction,URD
Jis ki kamiyabi ke bad inhe science fiction films ka mustanid director samjha jane laga,films,URD
Jis ki kamiyabi ke bad inhe science fiction films ka mustanid director samjha jane laga,ka,URD
Jis ki kamiyabi ke bad inhe science fiction films ka mustanid director samjha jane laga,mustanid,URD
Jis ki kamiyabi ke bad inhe science fiction films ka mustanid director samjha jane laga,director,URD
Jis ki kamiyabi ke bad inhe science fiction films ka mustanid director samjha jane laga,samjha,URD
Jis ki kamiyabi ke bad inhe science fiction films ka mustanid director samjha jane laga,jane,URD
Jis ki kamiyabi ke bad inhe science fiction films ka mustanid director samjha jane laga,laga,URD
Faheem Ahmad No nh dekhti hun bilkol bhi nh hum pakistani bhi koi movie nh dekhi h,Faheem,URD
Faheem Ahmad No nh dekhti hun bilkol bhi nh hum pakistani bhi koi movie nh dekhi h,Ahmad,URD
Faheem Ahmad No nh dekhti hun bilkol bhi nh hum pakistani bhi koi movie nh dekhi h,No,URD
Faheem Ahmad No nh dekhti hun bilkol bhi nh hum pakistani bhi koi movie nh dekhi h,nh,URD
Faheem Ahmad No nh dekhti hun bilkol bhi nh hum pakistani bhi koi movie nh dekhi h,dekhti,URD
Faheem Ahmad No nh dekhti hun bilkol bhi nh hum pakistani bhi koi movie nh dekhi h,hun,URD
Faheem Ahmad No nh dekhti hun bilkol bhi nh hum pakistani bhi koi movie nh dekhi h,bilkol,URD
Faheem Ahmad No nh dekhti hun bilkol bhi nh hum pakistani bhi koi movie nh dekhi h,bhi,URD
Faheem Ahmad No nh dekhti hun bilkol bhi nh hum pakistani bhi koi movie nh dekhi h,nh,URD
Faheem Ahmad No nh dekhti hun bilkol bhi nh hum pakistani bhi koi movie nh dekhi h,hum,URD
Faheem Ahmad No nh dekhti hun bilkol bhi nh hum pakistani bhi koi movie nh dekhi h,pakistani,URD
Faheem Ahmad No nh dekhti hun bilkol bhi nh hum pakistani bhi koi movie nh dekhi h,bhi,URD
Faheem Ahmad No nh dekhti hun bilkol bhi nh hum pakistani bhi koi movie nh dekhi h,koi,URD
Faheem Ahmad No nh dekhti hun bilkol bhi nh hum pakistani bhi koi movie nh dekhi h,movie,ENG
Faheem Ahmad No nh dekhti hun bilkol bhi nh hum pakistani bhi koi movie nh dekhi h,nh,URD
Faheem Ahmad No nh dekhti hun bilkol bhi nh hum pakistani bhi koi movie nh dekhi h,dekhi,URD
Faheem Ahmad No nh dekhti hun bilkol bhi nh hum pakistani bhi koi movie nh dekhi h,h,URD
Is film ne box office par shandar kamiyabi hasil ki aur us film ne 47 crore dollar kamae,Is,ENG
Is film ne box office par shandar kamiyabi hasil ki aur us film ne 47 crore dollar kamae,film,URD
Is film ne box office par shandar kamiyabi hasil ki aur us film ne 47 crore dollar kamae,ne,URD
Is film ne box office par shandar kamiyabi hasil ki aur us film ne 47 crore dollar kamae,box,URD
Is film ne box office par shandar kamiyabi hasil ki aur us film ne 47 crore dollar kamae,office,MIX
Is film ne box office par shandar kamiyabi hasil ki aur us film ne 47 crore dollar kamae,par,URD
Is film ne box office par shandar kamiyabi hasil ki aur us film ne 47 crore dollar kamae,shandar,URD
Is film ne box office par shandar kamiyabi hasil ki aur us film ne 47 crore dollar kamae,kamiyabi,URD
Is film ne box office par shandar kamiyabi hasil ki aur us film ne 47 crore dollar kamae,hasil,URD
Is film ne box office par shandar kamiyabi hasil ki aur us film ne 47 crore dollar kamae,ki,URD
Is film ne box office par shandar kamiyabi hasil ki aur us film ne 47 crore dollar kamae,aur,URD
Is film ne box office par shandar kamiyabi hasil ki aur us film ne 47 crore dollar kamae,us,URD
Is film ne box office par shandar kamiyabi hasil ki aur us film ne 47 crore dollar kamae,film,URD
Is film ne box office par shandar kamiyabi hasil ki aur us film ne 47 crore dollar kamae,ne,URD
Is film ne box office par shandar kamiyabi hasil ki aur us film ne 47 crore dollar kamae,47,URD
Is film ne box office par shandar kamiyabi hasil ki aur us film ne 47 crore dollar kamae,crore,URD
Is film ne box office par shandar kamiyabi hasil ki aur us film ne 47 crore dollar kamae,dollar,URD
Is film ne box office par shandar kamiyabi hasil ki aur us film ne 47 crore dollar kamae,kamae,URD
Aaj bhi nahin aaya ...jhota channel ary...manhos game show hi chalta raha...bakwas tereen fahad mustafa or us ka ghatya show.,Aaj,URD
Aaj bhi nahin aaya ...jhota channel ary...manhos game show hi chalta raha...bakwas tereen fahad mustafa or us ka ghatya show.,bhi,URD
Aaj bhi nahin aaya ...jhota channel ary...manhos game show hi chalta raha...bakwas tereen fahad mustafa or us ka ghatya show.,nahin,URD
Aaj bhi nahin aaya ...jhota channel ary...manhos game show hi chalta raha...bakwas tereen fahad mustafa or us ka ghatya show.,aaya,URD
Aaj bhi nahin aaya ...jhota channel ary...manhos game show hi chalta raha...bakwas tereen fahad mustafa or us ka ghatya show.,...jhota,URD
Aaj bhi nahin aaya ...jhota channel ary...manhos game show hi chalta raha...bakwas tereen fahad mustafa or us ka ghatya show.,channel,URD
Aaj bhi nahin aaya ...jhota channel ary...manhos game show hi chalta raha...bakwas tereen fahad mustafa or us ka ghatya show.,ary...manhos,URD
Aaj bhi nahin aaya ...jhota channel ary...manhos game show hi chalta raha...bakwas tereen fahad mustafa or us ka ghatya show.,game,MIX
Aaj bhi nahin aaya ...jhota channel ary...manhos game show hi chalta raha...bakwas tereen fahad mustafa or us ka ghatya show.,show,URD
Aaj bhi nahin aaya ...jhota channel ary...manhos game show hi chalta raha...bakwas tereen fahad mustafa or us ka ghatya show.,hi,URD
Aaj bhi nahin aaya ...jhota channel ary...manhos game show hi chalta raha...bakwas tereen fahad mustafa or us ka ghatya show.,chalta,URD
Aaj bhi nahin aaya ...jhota channel ary...manhos game show hi chalta raha...bakwas tereen fahad mustafa or us ka ghatya show.,raha...bakwas,URD
Aaj bhi nahin aaya ...jhota channel ary...manhos game show hi chalta raha...bakwas tereen fahad mustafa or us ka ghatya show.,tereen,URD
Aaj bhi nahin aaya ...jhota channel ary...manhos game show hi chalta raha...bakwas tereen fahad mustafa or us ka ghatya show.,fahad,URD
Aaj bhi nahin aaya ...jhota channel ary...manhos game show hi chalta raha...bakwas tereen fahad mustafa or us ka ghatya show.,mustafa,URD
Aaj bhi nahin aaya ...jhota channel ary...manhos game show hi chalta raha...bakwas tereen fahad mustafa or us ka ghatya show.,or,URD
Aaj bhi nahin aaya ...jhota channel ary...manhos game show hi chalta raha...bakwas tereen fahad mustafa or us ka ghatya show.,us,URD
Aaj bhi nahin aaya ...jhota channel ary...manhos game show hi chalta raha...bakwas tereen fahad mustafa or us ka ghatya show.,ka,URD
Aaj bhi nahin aaya ...jhota channel ary...manhos game show hi chalta raha...bakwas tereen fahad mustafa or us ka ghatya show.,ghatya,URD
Aaj bhi nahin aaya ...jhota channel ary...manhos game show hi chalta raha...bakwas tereen fahad mustafa or us ka ghatya show.,show.,URD
Allama Muhammad Raza saqib sab sa appeal ha ka taheek labaik ko support kara,Allama,URD
Allama Muhammad Raza saqib sab sa appeal ha ka taheek labaik ko support kara,Muhammad,URD
Allama Muhammad Raza saqib sab sa appeal ha ka taheek labaik ko support kara,Raza,URD
Allama Muhammad Raza saqib sab sa appeal ha ka taheek labaik ko support kara,saqib,URD
Allama Muhammad Raza saqib sab sa appeal ha ka taheek labaik ko support kara,sab,URD
Allama Muhammad Raza saqib sab sa appeal ha ka taheek labaik ko support kara,sa,URD
Allama Muhammad Raza saqib sab sa appeal ha ka taheek labaik ko support kara,appeal,URD
Allama Muhammad Raza saqib sab sa appeal ha ka taheek labaik ko support kara,ha,URD
Allama Muhammad Raza saqib sab sa appeal ha ka taheek labaik ko support kara,ka,URD
Allama Muhammad Raza saqib sab sa appeal ha ka taheek labaik ko support kara,taheek,URD
Allama Muhammad Raza saqib sab sa appeal ha ka taheek labaik ko support kara,labaik,URD
Allama Muhammad Raza saqib sab sa appeal ha ka taheek labaik ko support kara,ko,URD
Allama Muhammad Raza saqib sab sa appeal ha ka taheek labaik ko support kara,support,ENG
Allama Muhammad Raza saqib sab sa appeal ha ka taheek labaik ko support kara,kara,URD
Tu ne ek min main puri video sun li ???Behtreen,Tu,URD
Tu ne ek min main puri video sun li ???Behtreen,ne,URD
Tu ne ek min main puri video sun li ???Behtreen,ek,URD
Tu ne ek min main puri video sun li ???Behtreen,min,URD
Tu ne ek min main puri video sun li ???Behtreen,main,URD
Tu ne ek min main puri video sun li ???Behtreen,puri,URD
Tu ne ek min main puri video sun li ???Behtreen,video,MIX
Tu ne ek min main puri video sun li ???Behtreen,sun,URD
Tu ne ek min main puri video sun li ???Behtreen,li,URD
Tu ne ek min main puri video sun li ???Behtreen,???Behtreen,URD
Paisa waste kia koi result ni h or mri skin ko bi allergy ho gaai h,Paisa,URD
Paisa waste kia koi result ni h or mri skin ko bi allergy ho gaai h,waste,URD
Paisa waste kia koi result ni h or mri skin ko bi allergy ho gaai h,kia,URD
Paisa waste kia koi result ni h or mri skin ko bi allergy ho gaai h,koi,URD
Paisa waste kia koi result ni h or mri skin ko bi allergy ho gaai h,result,MIX
Paisa waste kia koi result ni h or mri skin ko bi allergy ho gaai h,ni,URD
Paisa waste kia koi result ni h or mri skin ko bi allergy ho gaai h,h,URD
Paisa waste kia koi result ni h or mri skin ko bi allergy ho gaai h,or,URD
Paisa waste kia koi result ni h or mri skin ko bi allergy ho gaai h,mri,URD
Paisa waste kia koi result ni h or mri skin ko bi allergy ho gaai h,skin,URD
Paisa waste kia koi result ni h or mri skin ko bi allergy ho gaai h,ko,URD
Paisa waste kia koi result ni h or mri skin ko bi allergy ho gaai h,bi,URD
Paisa waste kia koi result ni h or mri skin ko bi allergy ho gaai h,allergy,URD
Paisa waste kia koi result ni h or mri skin ko bi allergy ho gaai h,ho,URD
Paisa waste kia koi result ni h or mri skin ko bi allergy ho gaai h,gaai,URD
Paisa waste kia koi result ni h or mri skin ko bi allergy ho gaai h,h,URD
yr woh b bs 2 din hi krna hota hai uskay ad b kafi time hota hai 😂,yr,URD
yr woh b bs 2 din hi krna hota hai uskay ad b kafi time hota hai 😂,woh,URD
yr woh b bs 2 din hi krna hota hai uskay ad b kafi time hota hai 😂,b,URD
yr woh b bs 2 din hi krna hota hai uskay ad b kafi time hota hai 😂,bs,URD
yr woh b bs 2 din hi krna hota hai uskay ad b kafi time hota hai 😂,2,URD
yr woh b bs 2 din hi krna hota hai uskay ad b kafi time hota hai 😂,din,URD
yr woh b bs 2 din hi krna hota hai uskay ad b kafi time hota hai 😂,hi,URD
yr woh b bs 2 din hi krna hota hai uskay ad b kafi time hota hai 😂,krna,URD
yr woh b bs 2 din hi krna hota hai uskay ad b kafi time hota hai 😂,hota,URD
yr woh b bs 2 din hi krna hota hai uskay ad b kafi time hota hai 😂,hai,URD
yr woh b bs 2 din hi krna hota hai uskay ad b kafi time hota hai 😂,uskay,URD
yr woh b bs 2 din hi krna hota hai uskay ad b kafi time hota hai 😂,ad,URD
yr woh b bs 2 din hi krna hota hai uskay ad b kafi time hota hai 😂,b,URD
yr woh b bs 2 din hi krna hota hai uskay ad b kafi time hota hai 😂,kafi,URD
yr woh b bs 2 din hi krna hota hai uskay ad b kafi time hota hai 😂,time,MIX
yr woh b bs 2 din hi krna hota hai uskay ad b kafi time hota hai 😂,hota,URD
yr woh b bs 2 din hi krna hota hai uskay ad b kafi time hota hai 😂,hai,URD
yr woh b bs 2 din hi krna hota hai uskay ad b kafi time hota hai 😂,😂,URD
Younus Khan Ki Achanak Retirement Per Heran Howa Ahmed Shahzad 16 Rukni Team Ka Hissa Mumkin Hai Jald Mauqa Dia Jaye Waqar Younus,Younus,URD
Younus Khan Ki Achanak Retirement Per Heran Howa Ahmed Shahzad 16 Rukni Team Ka Hissa Mumkin Hai Jald Mauqa Dia Jaye Waqar Younus,Khan,URD
Younus Khan Ki Achanak Retirement Per Heran Howa Ahmed Shahzad 16 Rukni Team Ka Hissa Mumkin Hai Jald Mauqa Dia Jaye Waqar Younus,Ki,URD
Younus Khan Ki Achanak Retirement Per Heran Howa Ahmed Shahzad 16 Rukni Team Ka Hissa Mumkin Hai Jald Mauqa Dia Jaye Waqar Younus,Achanak,URD
Younus Khan Ki Achanak Retirement Per Heran Howa Ahmed Shahzad 16 Rukni Team Ka Hissa Mumkin Hai Jald Mauqa Dia Jaye Waqar Younus,Retirement,URD
Younus Khan Ki Achanak Retirement Per Heran Howa Ahmed Shahzad 16 Rukni Team Ka Hissa Mumkin Hai Jald Mauqa Dia Jaye Waqar Younus,Per,URD
Younus Khan Ki Achanak Retirement Per Heran Howa Ahmed Shahzad 16 Rukni Team Ka Hissa Mumkin Hai Jald Mauqa Dia Jaye Waqar Younus,Heran,URD
Younus Khan Ki Achanak Retirement Per Heran Howa Ahmed Shahzad 16 Rukni Team Ka Hissa Mumkin Hai Jald Mauqa Dia Jaye Waqar Younus,Howa,URD
Younus Khan Ki Achanak Retirement Per Heran Howa Ahmed Shahzad 16 Rukni Team Ka Hissa Mumkin Hai Jald Mauqa Dia Jaye Waqar Younus,Ahmed,URD
Younus Khan Ki Achanak Retirement Per Heran Howa Ahmed Shahzad 16 Rukni Team Ka Hissa Mumkin Hai Jald Mauqa Dia Jaye Waqar Younus,Shahzad,URD
Younus Khan Ki Achanak Retirement Per Heran Howa Ahmed Shahzad 16 Rukni Team Ka Hissa Mumkin Hai Jald Mauqa Dia Jaye Waqar Younus,16,URD
Younus Khan Ki Achanak Retirement Per Heran Howa Ahmed Shahzad 16 Rukni Team Ka Hissa Mumkin Hai Jald Mauqa Dia Jaye Waqar Younus,Rukni,URD
Younus Khan Ki Achanak Retirement Per Heran Howa Ahmed Shahzad 16 Rukni Team Ka Hissa Mumkin Hai Jald Mauqa Dia Jaye Waqar Younus,Team,ENG
Younus Khan Ki Achanak Retirement Per Heran Howa Ahmed Shahzad 16 Rukni Team Ka Hissa Mumkin Hai Jald Mauqa Dia Jaye Waqar Younus,Ka,URD
Younus Khan Ki Achanak Retirement Per Heran Howa Ahmed Shahzad 16 Rukni Team Ka Hissa Mumkin Hai Jald Mauqa Dia Jaye Waqar Younus,Hissa,URD
Younus Khan Ki Achanak Retirement Per Heran Howa Ahmed Shahzad 16 Rukni Team Ka Hissa Mumkin Hai Jald Mauqa Dia Jaye Waqar Younus,Mumkin,URD
Younus Khan Ki Achanak Retirement Per Heran Howa Ahmed Shahzad 16 Rukni Team Ka Hissa Mumkin Hai Jald Mauqa Dia Jaye Waqar Younus,Hai,URD
Younus Khan Ki Achanak Retirement Per Heran Howa Ahmed Shahzad 16 Rukni Team Ka Hissa Mumkin Hai Jald Mauqa Dia Jaye Waqar Younus,Jald,URD
Younus Khan Ki Achanak Retirement Per Heran Howa Ahmed Shahzad 16 Rukni Team Ka Hissa Mumkin Hai Jald Mauqa Dia Jaye Waqar Younus,Mauqa,URD
Younus Khan Ki Achanak Retirement Per Heran Howa Ahmed Shahzad 16 Rukni Team Ka Hissa Mumkin Hai Jald Mauqa Dia Jaye Waqar Younus,Dia,URD
Younus Khan Ki Achanak Retirement Per Heran Howa Ahmed Shahzad 16 Rukni Team Ka Hissa Mumkin Hai Jald Mauqa Dia Jaye Waqar Younus,Jaye,URD
Younus Khan Ki Achanak Retirement Per Heran Howa Ahmed Shahzad 16 Rukni Team Ka Hissa Mumkin Hai Jald Mauqa Dia Jaye Waqar Younus,Waqar,URD
Younus Khan Ki Achanak Retirement Per Heran Howa Ahmed Shahzad 16 Rukni Team Ka Hissa Mumkin Hai Jald Mauqa Dia Jaye Waqar Younus,Younus,URD
Very Bad DJ Ne Ja Video Wap ni ki Arsal ko,Very,URD
Very Bad DJ Ne Ja Video Wap ni ki Arsal ko,Bad,ENG
Very Bad DJ Ne Ja Video Wap ni ki Arsal ko,DJ,URD
Very Bad DJ Ne Ja Video Wap ni ki Arsal ko,Ne,URD
Very Bad DJ Ne Ja Video Wap ni ki Arsal ko,Ja,URD
Very Bad DJ Ne Ja Video Wap ni ki Arsal ko,Video,MIX
Very Bad DJ Ne Ja Video Wap ni ki Arsal ko,Wap,URD
Very Bad DJ Ne Ja Video Wap ni ki Arsal ko,ni,URD
Very Bad DJ Ne Ja Video Wap ni ki Arsal ko,ki,URD
Very Bad DJ Ne Ja Video Wap ni ki Arsal ko,Arsal,URD
Very Bad DJ Ne Ja Video Wap ni ki Arsal ko,ko,URD
"Taqseem Hind ke bad Saghar Siddiqui sher likhta tha, sher pharhta tha, sher khata tha aur sher hi peta tha",Taqseem,URD
"Taqseem Hind ke bad Saghar Siddiqui sher likhta tha, sher pharhta tha, sher khata tha aur sher hi peta tha",Hind,URD
"Taqseem Hind ke bad Saghar Siddiqui sher likhta tha, sher pharhta tha, sher khata tha aur sher hi peta tha",ke,URD
"Taqseem Hind ke bad Saghar Siddiqui sher likhta tha, sher pharhta tha, sher khata tha aur sher hi peta tha",bad,ENG
"Taqseem Hind ke bad Saghar Siddiqui sher likhta tha, sher pharhta tha, sher khata tha aur sher hi peta tha",Saghar,URD
"Taqseem Hind ke bad Saghar Siddiqui sher likhta tha, sher pharhta tha, sher khata tha aur sher hi peta tha",Siddiqui,URD
"Taqseem Hind ke bad Saghar Siddiqui sher likhta tha, sher pharhta tha, sher khata tha aur sher hi peta tha",sher,URD
"Taqseem Hind ke bad Saghar Siddiqui sher likhta tha, sher pharhta tha, sher khata tha aur sher hi peta tha",likhta,URD
"Taqseem Hind ke bad Saghar Siddiqui sher likhta tha, sher pharhta tha, sher khata tha aur sher hi peta tha","tha,",URD
"Taqseem Hind ke bad Saghar Siddiqui sher likhta tha, sher pharhta tha, sher khata tha aur sher hi peta tha",sher,URD
"Taqseem Hind ke bad Saghar Siddiqui sher likhta tha, sher pharhta tha, sher khata tha aur sher hi peta tha",pharhta,URD
"Taqseem Hind ke bad Saghar Siddiqui sher likhta tha, sher pharhta tha, sher khata tha aur sher hi peta tha","tha,",URD
"Taqseem Hind ke bad Saghar Siddiqui sher likhta tha, sher pharhta tha, sher khata tha aur sher hi peta tha",sher,URD
"Taqseem Hind ke bad Saghar Siddiqui sher likhta tha, sher pharhta tha, sher khata tha aur sher hi peta tha",khata,URD
"Taqseem Hind ke bad Saghar Siddiqui sher likhta tha, sher pharhta tha, sher khata tha aur sher hi peta tha",tha,URD
"Taqseem Hind ke bad Saghar Siddiqui sher likhta tha, sher pharhta tha, sher khata tha aur sher hi peta tha",aur,URD
"Taqseem Hind ke bad Saghar Siddiqui sher likhta tha, sher pharhta tha, sher khata tha aur sher hi peta tha",sher,URD
"Taqseem Hind ke bad Saghar Siddiqui sher likhta tha, sher pharhta tha, sher khata tha aur sher hi peta tha",hi,URD
"Taqseem Hind ke bad Saghar Siddiqui sher likhta tha, sher pharhta tha, sher khata tha aur sher hi peta tha",peta,URD
"Taqseem Hind ke bad Saghar Siddiqui sher likhta tha, sher pharhta tha, sher khata tha aur sher hi peta tha",tha,URD
Bhai ye video char mahene purani h ah jihadi shaheed hua ta apne dost ka hath nhi chor rha ta,Bhai,URD
Bhai ye video char mahene purani h ah jihadi shaheed hua ta apne dost ka hath nhi chor rha ta,ye,URD
Bhai ye video char mahene purani h ah jihadi shaheed hua ta apne dost ka hath nhi chor rha ta,video,MIX
Bhai ye video char mahene purani h ah jihadi shaheed hua ta apne dost ka hath nhi chor rha ta,char,URD
Bhai ye video char mahene purani h ah jihadi shaheed hua ta apne dost ka hath nhi chor rha ta,mahene,URD
Bhai ye video char mahene purani h ah jihadi shaheed hua ta apne dost ka hath nhi chor rha ta,purani,URD
Bhai ye video char mahene purani h ah jihadi shaheed hua ta apne dost ka hath nhi chor rha ta,h,URD
Bhai ye video char mahene purani h ah jihadi shaheed hua ta apne dost ka hath nhi chor rha ta,ah,URD
Bhai ye video char mahene purani h ah jihadi shaheed hua ta apne dost ka hath nhi chor rha ta,jihadi,URD
Bhai ye video char mahene purani h ah jihadi shaheed hua ta apne dost ka hath nhi chor rha ta,shaheed,URD
Bhai ye video char mahene purani h ah jihadi shaheed hua ta apne dost ka hath nhi chor rha ta,hua,URD
Bhai ye video char mahene purani h ah jihadi shaheed hua ta apne dost ka hath nhi chor rha ta,ta,URD
Bhai ye video char mahene purani h ah jihadi shaheed hua ta apne dost ka hath nhi chor rha ta,apne,URD
Bhai ye video char mahene purani h ah jihadi shaheed hua ta apne dost ka hath nhi chor rha ta,dost,URD
Bhai ye video char mahene purani h ah jihadi shaheed hua ta apne dost ka hath nhi chor rha ta,ka,URD
Bhai ye video char mahene purani h ah jihadi shaheed hua ta apne dost ka hath nhi chor rha ta,hath,URD
Bhai ye video char mahene purani h ah jihadi shaheed hua ta apne dost ka hath nhi chor rha ta,nhi,URD
Bhai ye video char mahene purani h ah jihadi shaheed hua ta apne dost ka hath nhi chor rha ta,chor,URD
Bhai ye video char mahene purani h ah jihadi shaheed hua ta apne dost ka hath nhi chor rha ta,rha,URD
Bhai ye video char mahene purani h ah jihadi shaheed hua ta apne dost ka hath nhi chor rha ta,ta,URD
Bahut achi bat hai thanks,Bahut,URD
Bahut achi bat hai thanks,achi,URD
Bahut achi bat hai thanks,bat,URD
Bahut achi bat hai thanks,hai,URD
Bahut achi bat hai thanks,thanks,ENG
"Tm log veriat kohli ko ahmad shahzad k sath compare kr k kohli ki insult krty o. This is,not fair. Ok??,😜😜",Tm,URD
"Tm log veriat kohli ko ahmad shahzad k sath compare kr k kohli ki insult krty o. This is,not fair. Ok??,😜😜",log,URD
"Tm log veriat kohli ko ahmad shahzad k sath compare kr k kohli ki insult krty o. This is,not fair. Ok??,😜😜",veriat,URD
"Tm log veriat kohli ko ahmad shahzad k sath compare kr k kohli ki insult krty o. This is,not fair. Ok??,😜😜",kohli,URD
"Tm log veriat kohli ko ahmad shahzad k sath compare kr k kohli ki insult krty o. This is,not fair. Ok??,😜😜",ko,URD
"Tm log veriat kohli ko ahmad shahzad k sath compare kr k kohli ki insult krty o. This is,not fair. Ok??,😜😜",ahmad,URD
"Tm log veriat kohli ko ahmad shahzad k sath compare kr k kohli ki insult krty o. This is,not fair. Ok??,😜😜",shahzad,URD
"Tm log veriat kohli ko ahmad shahzad k sath compare kr k kohli ki insult krty o. This is,not fair. Ok??,😜😜",k,URD
"Tm log veriat kohli ko ahmad shahzad k sath compare kr k kohli ki insult krty o. This is,not fair. Ok??,😜😜",sath,URD
"Tm log veriat kohli ko ahmad shahzad k sath compare kr k kohli ki insult krty o. This is,not fair. Ok??,😜😜",compare,URD
"Tm log veriat kohli ko ahmad shahzad k sath compare kr k kohli ki insult krty o. This is,not fair. Ok??,😜😜",kr,URD
"Tm log veriat kohli ko ahmad shahzad k sath compare kr k kohli ki insult krty o. This is,not fair. Ok??,😜😜",k,URD
"Tm log veriat kohli ko ahmad shahzad k sath compare kr k kohli ki insult krty o. This is,not fair. Ok??,😜😜",kohli,URD
"Tm log veriat kohli ko ahmad shahzad k sath compare kr k kohli ki insult krty o. This is,not fair. Ok??,😜😜",ki,URD
"Tm log veriat kohli ko ahmad shahzad k sath compare kr k kohli ki insult krty o. This is,not fair. Ok??,😜😜",insult,URD
"Tm log veriat kohli ko ahmad shahzad k sath compare kr k kohli ki insult krty o. This is,not fair. Ok??,😜😜",krty,URD
"Tm log veriat kohli ko ahmad shahzad k sath compare kr k kohli ki insult krty o. This is,not fair. Ok??,😜😜",o.,URD
"Tm log veriat kohli ko ahmad shahzad k sath compare kr k kohli ki insult krty o. This is,not fair. Ok??,😜😜",This,URD
"Tm log veriat kohli ko ahmad shahzad k sath compare kr k kohli ki insult krty o. This is,not fair. Ok??,😜😜","is,not",URD
"Tm log veriat kohli ko ahmad shahzad k sath compare kr k kohli ki insult krty o. This is,not fair. Ok??,😜😜",fair.,URD
"Tm log veriat kohli ko ahmad shahzad k sath compare kr k kohli ki insult krty o. This is,not fair. Ok??,😜😜","Ok??,😜😜",URD
Afridi ka career khatam ho chuka hai IPLkhailnay ka koi chance nhi hai is liyai wo bol rha hai.,Afridi,URD
Afridi ka career khatam ho chuka hai IPLkhailnay ka koi chance nhi hai is liyai wo bol rha hai.,ka,URD
Afridi ka career khatam ho chuka hai IPLkhailnay ka koi chance nhi hai is liyai wo bol rha hai.,career,URD
Afridi ka career khatam ho chuka hai IPLkhailnay ka koi chance nhi hai is liyai wo bol rha hai.,khatam,URD
Afridi ka career khatam ho chuka hai IPLkhailnay ka koi chance nhi hai is liyai wo bol rha hai.,ho,URD
Afridi ka career khatam ho chuka hai IPLkhailnay ka koi chance nhi hai is liyai wo bol rha hai.,chuka,URD
Afridi ka career khatam ho chuka hai IPLkhailnay ka koi chance nhi hai is liyai wo bol rha hai.,hai,URD
Afridi ka career khatam ho chuka hai IPLkhailnay ka koi chance nhi hai is liyai wo bol rha hai.,IPLkhailnay,URD
Afridi ka career khatam ho chuka hai IPLkhailnay ka koi chance nhi hai is liyai wo bol rha hai.,ka,URD
Afridi ka career khatam ho chuka hai IPLkhailnay ka koi chance nhi hai is liyai wo bol rha hai.,koi,URD
Afridi ka career khatam ho chuka hai IPLkhailnay ka koi chance nhi hai is liyai wo bol rha hai.,chance,URD
Afridi ka career khatam ho chuka hai IPLkhailnay ka koi chance nhi hai is liyai wo bol rha hai.,nhi,URD
Afridi ka career khatam ho chuka hai IPLkhailnay ka koi chance nhi hai is liyai wo bol rha hai.,hai,URD
Afridi ka career khatam ho chuka hai IPLkhailnay ka koi chance nhi hai is liyai wo bol rha hai.,is,ENG
Afridi ka career khatam ho chuka hai IPLkhailnay ka koi chance nhi hai is liyai wo bol rha hai.,liyai,URD
Afridi ka career khatam ho chuka hai IPLkhailnay ka koi chance nhi hai is liyai wo bol rha hai.,wo,URD
Afridi ka career khatam ho chuka hai IPLkhailnay ka koi chance nhi hai is liyai wo bol rha hai.,bol,URD
Afridi ka career khatam ho chuka hai IPLkhailnay ka koi chance nhi hai is liyai wo bol rha hai.,rha,URD
Afridi ka career khatam ho chuka hai IPLkhailnay ka koi chance nhi hai is liyai wo bol rha hai.,hai.,URD
"Pehli baat to yeh hai ke Imran khud ko politician nahi samajhte, is liye mera kaam aasaan ho gaya.",Pehli,URD
"Pehli baat to yeh hai ke Imran khud ko politician nahi samajhte, is liye mera kaam aasaan ho gaya.",baat,URD
"Pehli baat to yeh hai ke Imran khud ko politician nahi samajhte, is liye mera kaam aasaan ho gaya.",to,URD
"Pehli baat to yeh hai ke Imran khud ko politician nahi samajhte, is liye mera kaam aasaan ho gaya.",yeh,URD
"Pehli baat to yeh hai ke Imran khud ko politician nahi samajhte, is liye mera kaam aasaan ho gaya.",hai,URD
"Pehli baat to yeh hai ke Imran khud ko politician nahi samajhte, is liye mera kaam aasaan ho gaya.",ke,URD
"Pehli baat to yeh hai ke Imran khud ko politician nahi samajhte, is liye mera kaam aasaan ho gaya.",Imran,URD
"Pehli baat to yeh hai ke Imran khud ko politician nahi samajhte, is liye mera kaam aasaan ho gaya.",khud,URD
"Pehli baat to yeh hai ke Imran khud ko politician nahi samajhte, is liye mera kaam aasaan ho gaya.",ko,URD
"Pehli baat to yeh hai ke Imran khud ko politician nahi samajhte, is liye mera kaam aasaan ho gaya.",politician,URD
"Pehli baat to yeh hai ke Imran khud ko politician nahi samajhte, is liye mera kaam aasaan ho gaya.",nahi,URD
"Pehli baat to yeh hai ke Imran khud ko politician nahi samajhte, is liye mera kaam aasaan ho gaya.","samajhte,",URD
"Pehli baat to yeh hai ke Imran khud ko politician nahi samajhte, is liye mera kaam aasaan ho gaya.",is,ENG
"Pehli baat to yeh hai ke Imran khud ko politician nahi samajhte, is liye mera kaam aasaan ho gaya.",liye,URD
"Pehli baat to yeh hai ke Imran khud ko politician nahi samajhte, is liye mera kaam aasaan ho gaya.",mera,URD
"Pehli baat to yeh hai ke Imran khud ko politician nahi samajhte, is liye mera kaam aasaan ho gaya.",kaam,URD
"Pehli baat to yeh hai ke Imran khud ko politician nahi samajhte, is liye mera kaam aasaan ho gaya.",aasaan,URD
"Pehli baat to yeh hai ke Imran khud ko politician nahi samajhte, is liye mera kaam aasaan ho gaya.",ho,URD
"Pehli baat to yeh hai ke Imran khud ko politician nahi samajhte, is liye mera kaam aasaan ho gaya.",gaya.,URD
Msla fer koi?Ramzan mn aftaar k bad aisi dua deta koi kisi ko?,Msla,URD
Msla fer koi?Ramzan mn aftaar k bad aisi dua deta koi kisi ko?,fer,URD
Msla fer koi?Ramzan mn aftaar k bad aisi dua deta koi kisi ko?,koi?Ramzan,URD
Msla fer koi?Ramzan mn aftaar k bad aisi dua deta koi kisi ko?,mn,URD
Msla fer koi?Ramzan mn aftaar k bad aisi dua deta koi kisi ko?,aftaar,URD
Msla fer koi?Ramzan mn aftaar k bad aisi dua deta koi kisi ko?,k,URD
Msla fer koi?Ramzan mn aftaar k bad aisi dua deta koi kisi ko?,bad,ENG
Msla fer koi?Ramzan mn aftaar k bad aisi dua deta koi kisi ko?,aisi,URD
Msla fer koi?Ramzan mn aftaar k bad aisi dua deta koi kisi ko?,dua,URD
Msla fer koi?Ramzan mn aftaar k bad aisi dua deta koi kisi ko?,deta,URD
Msla fer koi?Ramzan mn aftaar k bad aisi dua deta koi kisi ko?,koi,URD
Msla fer koi?Ramzan mn aftaar k bad aisi dua deta koi kisi ko?,kisi,URD
Msla fer koi?Ramzan mn aftaar k bad aisi dua deta koi kisi ko?,ko?,URD
Sadia Manzoor jali to apki lg rhi mjhy bcz jalny ka dhuwaan comment mai nzzr arha hai,Sadia,URD
Sadia Manzoor jali to apki lg rhi mjhy bcz jalny ka dhuwaan comment mai nzzr arha hai,Manzoor,URD
Sadia Manzoor jali to apki lg rhi mjhy bcz jalny ka dhuwaan comment mai nzzr arha hai,jali,URD
Sadia Manzoor jali to apki lg rhi mjhy bcz jalny ka dhuwaan comment mai nzzr arha hai,to,URD
Sadia Manzoor jali to apki lg rhi mjhy bcz jalny ka dhuwaan comment mai nzzr arha hai,apki,URD
Sadia Manzoor jali to apki lg rhi mjhy bcz jalny ka dhuwaan comment mai nzzr arha hai,lg,URD
Sadia Manzoor jali to apki lg rhi mjhy bcz jalny ka dhuwaan comment mai nzzr arha hai,rhi,URD
Sadia Manzoor jali to apki lg rhi mjhy bcz jalny ka dhuwaan comment mai nzzr arha hai,mjhy,URD
Sadia Manzoor jali to apki lg rhi mjhy bcz jalny ka dhuwaan comment mai nzzr arha hai,bcz,URD
Sadia Manzoor jali to apki lg rhi mjhy bcz jalny ka dhuwaan comment mai nzzr arha hai,jalny,URD
Sadia Manzoor jali to apki lg rhi mjhy bcz jalny ka dhuwaan comment mai nzzr arha hai,ka,URD
Sadia Manzoor jali to apki lg rhi mjhy bcz jalny ka dhuwaan comment mai nzzr arha hai,dhuwaan,URD
Sadia Manzoor jali to apki lg rhi mjhy bcz jalny ka dhuwaan comment mai nzzr arha hai,comment,ENG
Sadia Manzoor jali to apki lg rhi mjhy bcz jalny ka dhuwaan comment mai nzzr arha hai,mai,URD
Sadia Manzoor jali to apki lg rhi mjhy bcz jalny ka dhuwaan comment mai nzzr arha hai,nzzr,URD
Sadia Manzoor jali to apki lg rhi mjhy bcz jalny ka dhuwaan comment mai nzzr arha hai,arha,URD
Sadia Manzoor jali to apki lg rhi mjhy bcz jalny ka dhuwaan comment mai nzzr arha hai,hai,URD
Allah aap ko dhairoon khairain barkatain ataa karay..ubqari team qayamat tak kleeay,Allah,URD
Allah aap ko dhairoon khairain barkatain ataa karay..ubqari team qayamat tak kleeay,aap,URD
Allah aap ko dhairoon khairain barkatain ataa karay..ubqari team qayamat tak kleeay,ko,URD
Allah aap ko dhairoon khairain barkatain ataa karay..ubqari team qayamat tak kleeay,dhairoon,URD
Allah aap ko dhairoon khairain barkatain ataa karay..ubqari team qayamat tak kleeay,khairain,URD
Allah aap ko dhairoon khairain barkatain ataa karay..ubqari team qayamat tak kleeay,barkatain,URD
Allah aap ko dhairoon khairain barkatain ataa karay..ubqari team qayamat tak kleeay,ataa,URD
Allah aap ko dhairoon khairain barkatain ataa karay..ubqari team qayamat tak kleeay,karay..ubqari,URD
Allah aap ko dhairoon khairain barkatain ataa karay..ubqari team qayamat tak kleeay,team,ENG
Allah aap ko dhairoon khairain barkatain ataa karay..ubqari team qayamat tak kleeay,qayamat,URD
Allah aap ko dhairoon khairain barkatain ataa karay..ubqari team qayamat tak kleeay,tak,URD
Allah aap ko dhairoon khairain barkatain ataa karay..ubqari team qayamat tak kleeay,kleeay,URD
Aap ne barresagher pak o hind ke barhe barhe matmool musalmano se bhi behtar rawabit qaiym kar rakhe the,Aap,URD
Aap ne barresagher pak o hind ke barhe barhe matmool musalmano se bhi behtar rawabit qaiym kar rakhe the,ne,URD
Aap ne barresagher pak o hind ke barhe barhe matmool musalmano se bhi behtar rawabit qaiym kar rakhe the,barresagher,URD
Aap ne barresagher pak o hind ke barhe barhe matmool musalmano se bhi behtar rawabit qaiym kar rakhe the,pak,URD
Aap ne barresagher pak o hind ke barhe barhe matmool musalmano se bhi behtar rawabit qaiym kar rakhe the,o,URD
Aap ne barresagher pak o hind ke barhe barhe matmool musalmano se bhi behtar rawabit qaiym kar rakhe the,hind,URD
Aap ne barresagher pak o hind ke barhe barhe matmool musalmano se bhi behtar rawabit qaiym kar rakhe the,ke,URD
Aap ne barresagher pak o hind ke barhe barhe matmool musalmano se bhi behtar rawabit qaiym kar rakhe the,barhe,URD
Aap ne barresagher pak o hind ke barhe barhe matmool musalmano se bhi behtar rawabit qaiym kar rakhe the,barhe,URD
Aap ne barresagher pak o hind ke barhe barhe matmool musalmano se bhi behtar rawabit qaiym kar rakhe the,matmool,URD
Aap ne barresagher pak o hind ke barhe barhe matmool musalmano se bhi behtar rawabit qaiym kar rakhe the,musalmano,URD
Aap ne barresagher pak o hind ke barhe barhe matmool musalmano se bhi behtar rawabit qaiym kar rakhe the,se,URD
Aap ne barresagher pak o hind ke barhe barhe matmool musalmano se bhi behtar rawabit qaiym kar rakhe the,bhi,URD
Aap ne barresagher pak o hind ke barhe barhe matmool musalmano se bhi behtar rawabit qaiym kar rakhe the,behtar,URD
Aap ne barresagher pak o hind ke barhe barhe matmool musalmano se bhi behtar rawabit qaiym kar rakhe the,rawabit,URD
Aap ne barresagher pak o hind ke barhe barhe matmool musalmano se bhi behtar rawabit qaiym kar rakhe the,qaiym,URD
Aap ne barresagher pak o hind ke barhe barhe matmool musalmano se bhi behtar rawabit qaiym kar rakhe the,kar,URD
Aap ne barresagher pak o hind ke barhe barhe matmool musalmano se bhi behtar rawabit qaiym kar rakhe the,rakhe,URD
Aap ne barresagher pak o hind ke barhe barhe matmool musalmano se bhi behtar rawabit qaiym kar rakhe the,the,ENG
Nasir Iqbal: Abhi guzishta dinon main ne France mein hone wali World team championship mein shirkat kit hi,Nasir,URD
Nasir Iqbal: Abhi guzishta dinon main ne France mein hone wali World team championship mein shirkat kit hi,Iqbal:,URD
Nasir Iqbal: Abhi guzishta dinon main ne France mein hone wali World team championship mein shirkat kit hi,Abhi,URD
Nasir Iqbal: Abhi guzishta dinon main ne France mein hone wali World team championship mein shirkat kit hi,guzishta,URD
Nasir Iqbal: Abhi guzishta dinon main ne France mein hone wali World team championship mein shirkat kit hi,dinon,URD
Nasir Iqbal: Abhi guzishta dinon main ne France mein hone wali World team championship mein shirkat kit hi,main,URD
Nasir Iqbal: Abhi guzishta dinon main ne France mein hone wali World team championship mein shirkat kit hi,ne,URD
Nasir Iqbal: Abhi guzishta dinon main ne France mein hone wali World team championship mein shirkat kit hi,France,URD
Nasir Iqbal: Abhi guzishta dinon main ne France mein hone wali World team championship mein shirkat kit hi,mein,URD
Nasir Iqbal: Abhi guzishta dinon main ne France mein hone wali World team championship mein shirkat kit hi,hone,URD
Nasir Iqbal: Abhi guzishta dinon main ne France mein hone wali World team championship mein shirkat kit hi,wali,URD
Nasir Iqbal: Abhi guzishta dinon main ne France mein hone wali World team championship mein shirkat kit hi,World,ENG
Nasir Iqbal: Abhi guzishta dinon main ne France mein hone wali World team championship mein shirkat kit hi,team,ENG
Nasir Iqbal: Abhi guzishta dinon main ne France mein hone wali World team championship mein shirkat kit hi,championship,URD
Nasir Iqbal: Abhi guzishta dinon main ne France mein hone wali World team championship mein shirkat kit hi,mein,URD
Nasir Iqbal: Abhi guzishta dinon main ne France mein hone wali World team championship mein shirkat kit hi,shirkat,URD
Nasir Iqbal: Abhi guzishta dinon main ne France mein hone wali World team championship mein shirkat kit hi,kit,URD
Nasir Iqbal: Abhi guzishta dinon main ne France mein hone wali World team championship mein shirkat kit hi,hi,URD
"O bae tu sb ka pu ha is kam me , yd ne bus me b glasses laga k charta tha",O,URD
"O bae tu sb ka pu ha is kam me , yd ne bus me b glasses laga k charta tha",bae,URD
"O bae tu sb ka pu ha is kam me , yd ne bus me b glasses laga k charta tha",tu,URD
"O bae tu sb ka pu ha is kam me , yd ne bus me b glasses laga k charta tha",sb,URD
"O bae tu sb ka pu ha is kam me , yd ne bus me b glasses laga k charta tha",ka,URD
"O bae tu sb ka pu ha is kam me , yd ne bus me b glasses laga k charta tha",pu,URD
"O bae tu sb ka pu ha is kam me , yd ne bus me b glasses laga k charta tha",ha,URD
"O bae tu sb ka pu ha is kam me , yd ne bus me b glasses laga k charta tha",is,ENG
"O bae tu sb ka pu ha is kam me , yd ne bus me b glasses laga k charta tha",kam,URD
"O bae tu sb ka pu ha is kam me , yd ne bus me b glasses laga k charta tha",me,URD
"O bae tu sb ka pu ha is kam me , yd ne bus me b glasses laga k charta tha",",",URD
"O bae tu sb ka pu ha is kam me , yd ne bus me b glasses laga k charta tha",yd,URD
"O bae tu sb ka pu ha is kam me , yd ne bus me b glasses laga k charta tha",ne,URD
"O bae tu sb ka pu ha is kam me , yd ne bus me b glasses laga k charta tha",bus,MIX
"O bae tu sb ka pu ha is kam me , yd ne bus me b glasses laga k charta tha",me,URD
"O bae tu sb ka pu ha is kam me , yd ne bus me b glasses laga k charta tha",b,URD
"O bae tu sb ka pu ha is kam me , yd ne bus me b glasses laga k charta tha",glasses,URD
"O bae tu sb ka pu ha is kam me , yd ne bus me b glasses laga k charta tha",laga,URD
"O bae tu sb ka pu ha is kam me , yd ne bus me b glasses laga k charta tha",k,URD
"O bae tu sb ka pu ha is kam me , yd ne bus me b glasses laga k charta tha",charta,URD
"O bae tu sb ka pu ha is kam me , yd ne bus me b glasses laga k charta tha",tha,URD
Hum kpk mardan main rahtay hain online kaha say mil jayain ga ya nahi???,Hum,URD
Hum kpk mardan main rahtay hain online kaha say mil jayain ga ya nahi???,kpk,URD
Hum kpk mardan main rahtay hain online kaha say mil jayain ga ya nahi???,mardan,URD
Hum kpk mardan main rahtay hain online kaha say mil jayain ga ya nahi???,main,URD
Hum kpk mardan main rahtay hain online kaha say mil jayain ga ya nahi???,rahtay,URD
Hum kpk mardan main rahtay hain online kaha say mil jayain ga ya nahi???,hain,URD
Hum kpk mardan main rahtay hain online kaha say mil jayain ga ya nahi???,online,MIX
Hum kpk mardan main rahtay hain online kaha say mil jayain ga ya nahi???,kaha,URD
Hum kpk mardan main rahtay hain online kaha say mil jayain ga ya nahi???,say,URD
Hum kpk mardan main rahtay hain online kaha say mil jayain ga ya nahi???,mil,URD
Hum kpk mardan main rahtay hain online kaha say mil jayain ga ya nahi???,jayain,URD
Hum kpk mardan main rahtay hain online kaha say mil jayain ga ya nahi???,ga,URD
Hum kpk mardan main rahtay hain online kaha say mil jayain ga ya nahi???,ya,URD
Hum kpk mardan main rahtay hain online kaha say mil jayain ga ya nahi???,nahi???,URD
App ke walid ka naam Malik Sakhi Muhammad tha aur wo pak foj mein hawaldar the,App,MIX
App ke walid ka naam Malik Sakhi Muhammad tha aur wo pak foj mein hawaldar the,ke,URD
App ke walid ka naam Malik Sakhi Muhammad tha aur wo pak foj mein hawaldar the,walid,URD
App ke walid ka naam Malik Sakhi Muhammad tha aur wo pak foj mein hawaldar the,ka,URD
App ke walid ka naam Malik Sakhi Muhammad tha aur wo pak foj mein hawaldar the,naam,URD
App ke walid ka naam Malik Sakhi Muhammad tha aur wo pak foj mein hawaldar the,Malik,URD
App ke walid ka naam Malik Sakhi Muhammad tha aur wo pak foj mein hawaldar the,Sakhi,URD
App ke walid ka naam Malik Sakhi Muhammad tha aur wo pak foj mein hawaldar the,Muhammad,URD
App ke walid ka naam Malik Sakhi Muhammad tha aur wo pak foj mein hawaldar the,tha,URD
App ke walid ka naam Malik Sakhi Muhammad tha aur wo pak foj mein hawaldar the,aur,URD
App ke walid ka naam Malik Sakhi Muhammad tha aur wo pak foj mein hawaldar the,wo,URD
App ke walid ka naam Malik Sakhi Muhammad tha aur wo pak foj mein hawaldar the,pak,URD
App ke walid ka naam Malik Sakhi Muhammad tha aur wo pak foj mein hawaldar the,foj,URD
App ke walid ka naam Malik Sakhi Muhammad tha aur wo pak foj mein hawaldar the,mein,URD
App ke walid ka naam Malik Sakhi Muhammad tha aur wo pak foj mein hawaldar the,hawaldar,URD
App ke walid ka naam Malik Sakhi Muhammad tha aur wo pak foj mein hawaldar the,the,ENG
Haan oye same time kesy lag ra mje b yahi nai smjh ara tha,Haan,URD
Haan oye same time kesy lag ra mje b yahi nai smjh ara tha,oye,URD
Haan oye same time kesy lag ra mje b yahi nai smjh ara tha,same,URD
Haan oye same time kesy lag ra mje b yahi nai smjh ara tha,time,MIX
Haan oye same time kesy lag ra mje b yahi nai smjh ara tha,kesy,URD
Haan oye same time kesy lag ra mje b yahi nai smjh ara tha,lag,URD
Haan oye same time kesy lag ra mje b yahi nai smjh ara tha,ra,URD
Haan oye same time kesy lag ra mje b yahi nai smjh ara tha,mje,URD
Haan oye same time kesy lag ra mje b yahi nai smjh ara tha,b,URD
Haan oye same time kesy lag ra mje b yahi nai smjh ara tha,yahi,URD
Haan oye same time kesy lag ra mje b yahi nai smjh ara tha,nai,URD
Haan oye same time kesy lag ra mje b yahi nai smjh ara tha,smjh,URD
Haan oye same time kesy lag ra mje b yahi nai smjh ara tha,ara,URD
Haan oye same time kesy lag ra mje b yahi nai smjh ara tha,tha,URD
"Pakistan ki tareekh mein Sindh muslim league ki is conference aur is mein pesh ki gai, Qarardadon ko behad aehmiyat hasil ki",Pakistan,URD
"Pakistan ki tareekh mein Sindh muslim league ki is conference aur is mein pesh ki gai, Qarardadon ko behad aehmiyat hasil ki",ki,URD
"Pakistan ki tareekh mein Sindh muslim league ki is conference aur is mein pesh ki gai, Qarardadon ko behad aehmiyat hasil ki",tareekh,URD
"Pakistan ki tareekh mein Sindh muslim league ki is conference aur is mein pesh ki gai, Qarardadon ko behad aehmiyat hasil ki",mein,URD
"Pakistan ki tareekh mein Sindh muslim league ki is conference aur is mein pesh ki gai, Qarardadon ko behad aehmiyat hasil ki",Sindh,URD
"Pakistan ki tareekh mein Sindh muslim league ki is conference aur is mein pesh ki gai, Qarardadon ko behad aehmiyat hasil ki",muslim,URD
"Pakistan ki tareekh mein Sindh muslim league ki is conference aur is mein pesh ki gai, Qarardadon ko behad aehmiyat hasil ki",league,URD
"Pakistan ki tareekh mein Sindh muslim league ki is conference aur is mein pesh ki gai, Qarardadon ko behad aehmiyat hasil ki",ki,URD
"Pakistan ki tareekh mein Sindh muslim league ki is conference aur is mein pesh ki gai, Qarardadon ko behad aehmiyat hasil ki",is,ENG
"Pakistan ki tareekh mein Sindh muslim league ki is conference aur is mein pesh ki gai, Qarardadon ko behad aehmiyat hasil ki",conference,URD
"Pakistan ki tareekh mein Sindh muslim league ki is conference aur is mein pesh ki gai, Qarardadon ko behad aehmiyat hasil ki",aur,URD
"Pakistan ki tareekh mein Sindh muslim league ki is conference aur is mein pesh ki gai, Qarardadon ko behad aehmiyat hasil ki",is,ENG
"Pakistan ki tareekh mein Sindh muslim league ki is conference aur is mein pesh ki gai, Qarardadon ko behad aehmiyat hasil ki",mein,URD
"Pakistan ki tareekh mein Sindh muslim league ki is conference aur is mein pesh ki gai, Qarardadon ko behad aehmiyat hasil ki",pesh,URD
"Pakistan ki tareekh mein Sindh muslim league ki is conference aur is mein pesh ki gai, Qarardadon ko behad aehmiyat hasil ki",ki,URD
"Pakistan ki tareekh mein Sindh muslim league ki is conference aur is mein pesh ki gai, Qarardadon ko behad aehmiyat hasil ki","gai,",URD
"Pakistan ki tareekh mein Sindh muslim league ki is conference aur is mein pesh ki gai, Qarardadon ko behad aehmiyat hasil ki",Qarardadon,URD
"Pakistan ki tareekh mein Sindh muslim league ki is conference aur is mein pesh ki gai, Qarardadon ko behad aehmiyat hasil ki",ko,URD
"Pakistan ki tareekh mein Sindh muslim league ki is conference aur is mein pesh ki gai, Qarardadon ko behad aehmiyat hasil ki",behad,URD
"Pakistan ki tareekh mein Sindh muslim league ki is conference aur is mein pesh ki gai, Qarardadon ko behad aehmiyat hasil ki",aehmiyat,URD
"Pakistan ki tareekh mein Sindh muslim league ki is conference aur is mein pesh ki gai, Qarardadon ko behad aehmiyat hasil ki",hasil,URD
"Pakistan ki tareekh mein Sindh muslim league ki is conference aur is mein pesh ki gai, Qarardadon ko behad aehmiyat hasil ki",ki,URD
Buhat acha result hai .. bhai lazmi try karen,Buhat,URD
Buhat acha result hai .. bhai lazmi try karen,acha,URD
Buhat acha result hai .. bhai lazmi try karen,result,MIX
Buhat acha result hai .. bhai lazmi try karen,hai,URD
Buhat acha result hai .. bhai lazmi try karen,..,URD
Buhat acha result hai .. bhai lazmi try karen,bhai,URD
Buhat acha result hai .. bhai lazmi try karen,lazmi,URD
Buhat acha result hai .. bhai lazmi try karen,try,URD
Buhat acha result hai .. bhai lazmi try karen,karen,URD
Usi dauran film The Sugarland Express ki direction bhi ki,Usi,URD
Usi dauran film The Sugarland Express ki direction bhi ki,dauran,URD
Usi dauran film The Sugarland Express ki direction bhi ki,film,URD
Usi dauran film The Sugarland Express ki direction bhi ki,The,ENG
Usi dauran film The Sugarland Express ki direction bhi ki,Sugarland,URD
Usi dauran film The Sugarland Express ki direction bhi ki,Express,URD
Usi dauran film The Sugarland Express ki direction bhi ki,ki,URD
Usi dauran film The Sugarland Express ki direction bhi ki,direction,URD
Usi dauran film The Sugarland Express ki direction bhi ki,bhi,URD
Usi dauran film The Sugarland Express ki direction bhi ki,ki,URD
Band kar dain es programme ko or es beygharat Sahir Lodhi k ghr the mujrhy karain zara,Band,URD
Band kar dain es programme ko or es beygharat Sahir Lodhi k ghr the mujrhy karain zara,kar,URD
Band kar dain es programme ko or es beygharat Sahir Lodhi k ghr the mujrhy karain zara,dain,URD
Band kar dain es programme ko or es beygharat Sahir Lodhi k ghr the mujrhy karain zara,es,URD
Band kar dain es programme ko or es beygharat Sahir Lodhi k ghr the mujrhy karain zara,programme,URD
Band kar dain es programme ko or es beygharat Sahir Lodhi k ghr the mujrhy karain zara,ko,URD
Band kar dain es programme ko or es beygharat Sahir Lodhi k ghr the mujrhy karain zara,or,URD
Band kar dain es programme ko or es beygharat Sahir Lodhi k ghr the mujrhy karain zara,es,URD
Band kar dain es programme ko or es beygharat Sahir Lodhi k ghr the mujrhy karain zara,beygharat,URD
Band kar dain es programme ko or es beygharat Sahir Lodhi k ghr the mujrhy karain zara,Sahir,URD
Band kar dain es programme ko or es beygharat Sahir Lodhi k ghr the mujrhy karain zara,Lodhi,URD
Band kar dain es programme ko or es beygharat Sahir Lodhi k ghr the mujrhy karain zara,k,URD
Band kar dain es programme ko or es beygharat Sahir Lodhi k ghr the mujrhy karain zara,ghr,URD
Band kar dain es programme ko or es beygharat Sahir Lodhi k ghr the mujrhy karain zara,the,ENG
Band kar dain es programme ko or es beygharat Sahir Lodhi k ghr the mujrhy karain zara,mujrhy,URD
Band kar dain es programme ko or es beygharat Sahir Lodhi k ghr the mujrhy karain zara,karain,URD
Band kar dain es programme ko or es beygharat Sahir Lodhi k ghr the mujrhy karain zara,zara,URD
Lagay raho nawab imran sahbasss Log chand tak phonch gai ha Aur tum log election Imran Nawaz lagay raho .,Lagay,URD
Lagay raho nawab imran sahbasss Log chand tak phonch gai ha Aur tum log election Imran Nawaz lagay raho .,raho,URD
Lagay raho nawab imran sahbasss Log chand tak phonch gai ha Aur tum log election Imran Nawaz lagay raho .,nawab,URD
Lagay raho nawab imran sahbasss Log chand tak phonch gai ha Aur tum log election Imran Nawaz lagay raho .,imran,URD
Lagay raho nawab imran sahbasss Log chand tak phonch gai ha Aur tum log election Imran Nawaz lagay raho .,sahbasss,URD
Lagay raho nawab imran sahbasss Log chand tak phonch gai ha Aur tum log election Imran Nawaz lagay raho .,Log,URD
Lagay raho nawab imran sahbasss Log chand tak phonch gai ha Aur tum log election Imran Nawaz lagay raho .,chand,URD
Lagay raho nawab imran sahbasss Log chand tak phonch gai ha Aur tum log election Imran Nawaz lagay raho .,tak,URD
Lagay raho nawab imran sahbasss Log chand tak phonch gai ha Aur tum log election Imran Nawaz lagay raho .,phonch,URD
Lagay raho nawab imran sahbasss Log chand tak phonch gai ha Aur tum log election Imran Nawaz lagay raho .,gai,URD
Lagay raho nawab imran sahbasss Log chand tak phonch gai ha Aur tum log election Imran Nawaz lagay raho .,ha,URD
Lagay raho nawab imran sahbasss Log chand tak phonch gai ha Aur tum log election Imran Nawaz lagay raho .,Aur,URD
Lagay raho nawab imran sahbasss Log chand tak phonch gai ha Aur tum log election Imran Nawaz lagay raho .,tum,URD
Lagay raho nawab imran sahbasss Log chand tak phonch gai ha Aur tum log election Imran Nawaz lagay raho .,log,URD
Lagay raho nawab imran sahbasss Log chand tak phonch gai ha Aur tum log election Imran Nawaz lagay raho .,election,ENG
Lagay raho nawab imran sahbasss Log chand tak phonch gai ha Aur tum log election Imran Nawaz lagay raho .,Imran,URD
Lagay raho nawab imran sahbasss Log chand tak phonch gai ha Aur tum log election Imran Nawaz lagay raho .,Nawaz,URD
Lagay raho nawab imran sahbasss Log chand tak phonch gai ha Aur tum log election Imran Nawaz lagay raho .,lagay,URD
Lagay raho nawab imran sahbasss Log chand tak phonch gai ha Aur tum log election Imran Nawaz lagay raho .,raho,URD
Lagay raho nawab imran sahbasss Log chand tak phonch gai ha Aur tum log election Imran Nawaz lagay raho .,.,URD
Acha phone hai bettry bhi achi hai look zabardast hai,Acha,URD
Acha phone hai bettry bhi achi hai look zabardast hai,phone,MIX
Acha phone hai bettry bhi achi hai look zabardast hai,hai,URD
Acha phone hai bettry bhi achi hai look zabardast hai,bettry,URD
Acha phone hai bettry bhi achi hai look zabardast hai,bhi,URD
Acha phone hai bettry bhi achi hai look zabardast hai,achi,URD
Acha phone hai bettry bhi achi hai look zabardast hai,hai,URD
Acha phone hai bettry bhi achi hai look zabardast hai,look,URD
Acha phone hai bettry bhi achi hai look zabardast hai,zabardast,URD
Acha phone hai bettry bhi achi hai look zabardast hai,hai,URD
Stallone ko is film ka muaawza 200 dollars mila tha,Stallone,URD
Stallone ko is film ka muaawza 200 dollars mila tha,ko,URD
Stallone ko is film ka muaawza 200 dollars mila tha,is,ENG
Stallone ko is film ka muaawza 200 dollars mila tha,film,URD
Stallone ko is film ka muaawza 200 dollars mila tha,ka,URD
Stallone ko is film ka muaawza 200 dollars mila tha,muaawza,URD
Stallone ko is film ka muaawza 200 dollars mila tha,200,URD
Stallone ko is film ka muaawza 200 dollars mila tha,dollars,URD
Stallone ko is film ka muaawza 200 dollars mila tha,mila,URD
Stallone ko is film ka muaawza 200 dollars mila tha,tha,URD
bushra Geo Tv ke music show Pakistan Idol mein Hadiqa Kiyani aur Ali Azmat ke sath judge ke faraiyz anjaam de rahi hain,bushra,URD
bushra Geo Tv ke music show Pakistan Idol mein Hadiqa Kiyani aur Ali Azmat ke sath judge ke faraiyz anjaam de rahi hain,Geo,URD
bushra Geo Tv ke music show Pakistan Idol mein Hadiqa Kiyani aur Ali Azmat ke sath judge ke faraiyz anjaam de rahi hain,Tv,MIX
bushra Geo Tv ke music show Pakistan Idol mein Hadiqa Kiyani aur Ali Azmat ke sath judge ke faraiyz anjaam de rahi hain,ke,URD
bushra Geo Tv ke music show Pakistan Idol mein Hadiqa Kiyani aur Ali Azmat ke sath judge ke faraiyz anjaam de rahi hain,music,ENG
bushra Geo Tv ke music show Pakistan Idol mein Hadiqa Kiyani aur Ali Azmat ke sath judge ke faraiyz anjaam de rahi hain,show,URD
bushra Geo Tv ke music show Pakistan Idol mein Hadiqa Kiyani aur Ali Azmat ke sath judge ke faraiyz anjaam de rahi hain,Pakistan,URD
bushra Geo Tv ke music show Pakistan Idol mein Hadiqa Kiyani aur Ali Azmat ke sath judge ke faraiyz anjaam de rahi hain,Idol,URD
bushra Geo Tv ke music show Pakistan Idol mein Hadiqa Kiyani aur Ali Azmat ke sath judge ke faraiyz anjaam de rahi hain,mein,URD
bushra Geo Tv ke music show Pakistan Idol mein Hadiqa Kiyani aur Ali Azmat ke sath judge ke faraiyz anjaam de rahi hain,Hadiqa,URD
bushra Geo Tv ke music show Pakistan Idol mein Hadiqa Kiyani aur Ali Azmat ke sath judge ke faraiyz anjaam de rahi hain,Kiyani,URD
bushra Geo Tv ke music show Pakistan Idol mein Hadiqa Kiyani aur Ali Azmat ke sath judge ke faraiyz anjaam de rahi hain,aur,URD
bushra Geo Tv ke music show Pakistan Idol mein Hadiqa Kiyani aur Ali Azmat ke sath judge ke faraiyz anjaam de rahi hain,Ali,URD
bushra Geo Tv ke music show Pakistan Idol mein Hadiqa Kiyani aur Ali Azmat ke sath judge ke faraiyz anjaam de rahi hain,Azmat,URD
bushra Geo Tv ke music show Pakistan Idol mein Hadiqa Kiyani aur Ali Azmat ke sath judge ke faraiyz anjaam de rahi hain,ke,URD
bushra Geo Tv ke music show Pakistan Idol mein Hadiqa Kiyani aur Ali Azmat ke sath judge ke faraiyz anjaam de rahi hain,sath,URD
bushra Geo Tv ke music show Pakistan Idol mein Hadiqa Kiyani aur Ali Azmat ke sath judge ke faraiyz anjaam de rahi hain,judge,URD
bushra Geo Tv ke music show Pakistan Idol mein Hadiqa Kiyani aur Ali Azmat ke sath judge ke faraiyz anjaam de rahi hain,ke,URD
bushra Geo Tv ke music show Pakistan Idol mein Hadiqa Kiyani aur Ali Azmat ke sath judge ke faraiyz anjaam de rahi hain,faraiyz,URD
bushra Geo Tv ke music show Pakistan Idol mein Hadiqa Kiyani aur Ali Azmat ke sath judge ke faraiyz anjaam de rahi hain,anjaam,URD
bushra Geo Tv ke music show Pakistan Idol mein Hadiqa Kiyani aur Ali Azmat ke sath judge ke faraiyz anjaam de rahi hain,de,URD
bushra Geo Tv ke music show Pakistan Idol mein Hadiqa Kiyani aur Ali Azmat ke sath judge ke faraiyz anjaam de rahi hain,rahi,URD
bushra Geo Tv ke music show Pakistan Idol mein Hadiqa Kiyani aur Ali Azmat ke sath judge ke faraiyz anjaam de rahi hain,hain,URD
"Is silsile mien dono actresses mutadid martaba Karachi bhi gai, magar chand aik Tv programs mien shirkat ke ilawa koi drama project na mil saka",Is,ENG
"Is silsile mien dono actresses mutadid martaba Karachi bhi gai, magar chand aik Tv programs mien shirkat ke ilawa koi drama project na mil saka",silsile,URD
"Is silsile mien dono actresses mutadid martaba Karachi bhi gai, magar chand aik Tv programs mien shirkat ke ilawa koi drama project na mil saka",mien,URD
"Is silsile mien dono actresses mutadid martaba Karachi bhi gai, magar chand aik Tv programs mien shirkat ke ilawa koi drama project na mil saka",dono,URD
"Is silsile mien dono actresses mutadid martaba Karachi bhi gai, magar chand aik Tv programs mien shirkat ke ilawa koi drama project na mil saka",actresses,URD
"Is silsile mien dono actresses mutadid martaba Karachi bhi gai, magar chand aik Tv programs mien shirkat ke ilawa koi drama project na mil saka",mutadid,URD
"Is silsile mien dono actresses mutadid martaba Karachi bhi gai, magar chand aik Tv programs mien shirkat ke ilawa koi drama project na mil saka",martaba,URD
"Is silsile mien dono actresses mutadid martaba Karachi bhi gai, magar chand aik Tv programs mien shirkat ke ilawa koi drama project na mil saka",Karachi,URD
"Is silsile mien dono actresses mutadid martaba Karachi bhi gai, magar chand aik Tv programs mien shirkat ke ilawa koi drama project na mil saka",bhi,URD
"Is silsile mien dono actresses mutadid martaba Karachi bhi gai, magar chand aik Tv programs mien shirkat ke ilawa koi drama project na mil saka","gai,",URD
"Is silsile mien dono actresses mutadid martaba Karachi bhi gai, magar chand aik Tv programs mien shirkat ke ilawa koi drama project na mil saka",magar,URD
"Is silsile mien dono actresses mutadid martaba Karachi bhi gai, magar chand aik Tv programs mien shirkat ke ilawa koi drama project na mil saka",chand,URD
"Is silsile mien dono actresses mutadid martaba Karachi bhi gai, magar chand aik Tv programs mien shirkat ke ilawa koi drama project na mil saka",aik,URD
"Is silsile mien dono actresses mutadid martaba Karachi bhi gai, magar chand aik Tv programs mien shirkat ke ilawa koi drama project na mil saka",Tv,MIX
"Is silsile mien dono actresses mutadid martaba Karachi bhi gai, magar chand aik Tv programs mien shirkat ke ilawa koi drama project na mil saka",programs,URD
"Is silsile mien dono actresses mutadid martaba Karachi bhi gai, magar chand aik Tv programs mien shirkat ke ilawa koi drama project na mil saka",mien,URD
"Is silsile mien dono actresses mutadid martaba Karachi bhi gai, magar chand aik Tv programs mien shirkat ke ilawa koi drama project na mil saka",shirkat,URD
"Is silsile mien dono actresses mutadid martaba Karachi bhi gai, magar chand aik Tv programs mien shirkat ke ilawa koi drama project na mil saka",ke,URD
"Is silsile mien dono actresses mutadid martaba Karachi bhi gai, magar chand aik Tv programs mien shirkat ke ilawa koi drama project na mil saka",ilawa,URD
"Is silsile mien dono actresses mutadid martaba Karachi bhi gai, magar chand aik Tv programs mien shirkat ke ilawa koi drama project na mil saka",koi,URD
"Is silsile mien dono actresses mutadid martaba Karachi bhi gai, magar chand aik Tv programs mien shirkat ke ilawa koi drama project na mil saka",drama,URD
"Is silsile mien dono actresses mutadid martaba Karachi bhi gai, magar chand aik Tv programs mien shirkat ke ilawa koi drama project na mil saka",project,URD
"Is silsile mien dono actresses mutadid martaba Karachi bhi gai, magar chand aik Tv programs mien shirkat ke ilawa koi drama project na mil saka",na,URD
"Is silsile mien dono actresses mutadid martaba Karachi bhi gai, magar chand aik Tv programs mien shirkat ke ilawa koi drama project na mil saka",mil,URD
"Is silsile mien dono actresses mutadid martaba Karachi bhi gai, magar chand aik Tv programs mien shirkat ke ilawa koi drama project na mil saka",saka,URD
Film Tv ke ilawa music jaise mushkil tareen shobey mien qismat aazmai ka faisla bohat soch samajh kar liya tha,Film,URD
Film Tv ke ilawa music jaise mushkil tareen shobey mien qismat aazmai ka faisla bohat soch samajh kar liya tha,Tv,MIX
Film Tv ke ilawa music jaise mushkil tareen shobey mien qismat aazmai ka faisla bohat soch samajh kar liya tha,ke,URD
Film Tv ke ilawa music jaise mushkil tareen shobey mien qismat aazmai ka faisla bohat soch samajh kar liya tha,ilawa,URD
Film Tv ke ilawa music jaise mushkil tareen shobey mien qismat aazmai ka faisla bohat soch samajh kar liya tha,music,ENG
Film Tv ke ilawa music jaise mushkil tareen shobey mien qismat aazmai ka faisla bohat soch samajh kar liya tha,jaise,URD
Film Tv ke ilawa music jaise mushkil tareen shobey mien qismat aazmai ka faisla bohat soch samajh kar liya tha,mushkil,URD
Film Tv ke ilawa music jaise mushkil tareen shobey mien qismat aazmai ka faisla bohat soch samajh kar liya tha,tareen,URD
Film Tv ke ilawa music jaise mushkil tareen shobey mien qismat aazmai ka faisla bohat soch samajh kar liya tha,shobey,URD
Film Tv ke ilawa music jaise mushkil tareen shobey mien qismat aazmai ka faisla bohat soch samajh kar liya tha,mien,URD
Film Tv ke ilawa music jaise mushkil tareen shobey mien qismat aazmai ka faisla bohat soch samajh kar liya tha,qismat,URD
Film Tv ke ilawa music jaise mushkil tareen shobey mien qismat aazmai ka faisla bohat soch samajh kar liya tha,aazmai,URD
Film Tv ke ilawa music jaise mushkil tareen shobey mien qismat aazmai ka faisla bohat soch samajh kar liya tha,ka,URD
Film Tv ke ilawa music jaise mushkil tareen shobey mien qismat aazmai ka faisla bohat soch samajh kar liya tha,faisla,URD
Film Tv ke ilawa music jaise mushkil tareen shobey mien qismat aazmai ka faisla bohat soch samajh kar liya tha,bohat,URD
Film Tv ke ilawa music jaise mushkil tareen shobey mien qismat aazmai ka faisla bohat soch samajh kar liya tha,soch,URD
Film Tv ke ilawa music jaise mushkil tareen shobey mien qismat aazmai ka faisla bohat soch samajh kar liya tha,samajh,URD
Film Tv ke ilawa music jaise mushkil tareen shobey mien qismat aazmai ka faisla bohat soch samajh kar liya tha,kar,URD
Film Tv ke ilawa music jaise mushkil tareen shobey mien qismat aazmai ka faisla bohat soch samajh kar liya tha,liya,URD
Film Tv ke ilawa music jaise mushkil tareen shobey mien qismat aazmai ka faisla bohat soch samajh kar liya tha,tha,URD
hud hagai stupid actor hy.....acting ati he nahi isay.......@maham... kiya dakh liya app nay is mein..@sayra.... shaadi kr loo yar...,hud,URD
hud hagai stupid actor hy.....acting ati he nahi isay.......@maham... kiya dakh liya app nay is mein..@sayra.... shaadi kr loo yar...,hagai,URD
hud hagai stupid actor hy.....acting ati he nahi isay.......@maham... kiya dakh liya app nay is mein..@sayra.... shaadi kr loo yar...,stupid,URD
hud hagai stupid actor hy.....acting ati he nahi isay.......@maham... kiya dakh liya app nay is mein..@sayra.... shaadi kr loo yar...,actor,ENG
hud hagai stupid actor hy.....acting ati he nahi isay.......@maham... kiya dakh liya app nay is mein..@sayra.... shaadi kr loo yar...,hy.....acting,URD
hud hagai stupid actor hy.....acting ati he nahi isay.......@maham... kiya dakh liya app nay is mein..@sayra.... shaadi kr loo yar...,ati,URD
hud hagai stupid actor hy.....acting ati he nahi isay.......@maham... kiya dakh liya app nay is mein..@sayra.... shaadi kr loo yar...,he,URD
hud hagai stupid actor hy.....acting ati he nahi isay.......@maham... kiya dakh liya app nay is mein..@sayra.... shaadi kr loo yar...,nahi,URD
hud hagai stupid actor hy.....acting ati he nahi isay.......@maham... kiya dakh liya app nay is mein..@sayra.... shaadi kr loo yar...,isay.......@maham...,URD
hud hagai stupid actor hy.....acting ati he nahi isay.......@maham... kiya dakh liya app nay is mein..@sayra.... shaadi kr loo yar...,kiya,URD
hud hagai stupid actor hy.....acting ati he nahi isay.......@maham... kiya dakh liya app nay is mein..@sayra.... shaadi kr loo yar...,dakh,URD
hud hagai stupid actor hy.....acting ati he nahi isay.......@maham... kiya dakh liya app nay is mein..@sayra.... shaadi kr loo yar...,liya,URD
hud hagai stupid actor hy.....acting ati he nahi isay.......@maham... kiya dakh liya app nay is mein..@sayra.... shaadi kr loo yar...,app,MIX
hud hagai stupid actor hy.....acting ati he nahi isay.......@maham... kiya dakh liya app nay is mein..@sayra.... shaadi kr loo yar...,nay,URD
hud hagai stupid actor hy.....acting ati he nahi isay.......@maham... kiya dakh liya app nay is mein..@sayra.... shaadi kr loo yar...,is,ENG
hud hagai stupid actor hy.....acting ati he nahi isay.......@maham... kiya dakh liya app nay is mein..@sayra.... shaadi kr loo yar...,mein..@sayra....,URD
hud hagai stupid actor hy.....acting ati he nahi isay.......@maham... kiya dakh liya app nay is mein..@sayra.... shaadi kr loo yar...,shaadi,URD
hud hagai stupid actor hy.....acting ati he nahi isay.......@maham... kiya dakh liya app nay is mein..@sayra.... shaadi kr loo yar...,kr,URD
hud hagai stupid actor hy.....acting ati he nahi isay.......@maham... kiya dakh liya app nay is mein..@sayra.... shaadi kr loo yar...,loo,URD
hud hagai stupid actor hy.....acting ati he nahi isay.......@maham... kiya dakh liya app nay is mein..@sayra.... shaadi kr loo yar...,yar...,URD
Sorry but meri taraf sey seat occupied hai,Sorry,ENG
Sorry but meri taraf sey seat occupied hai,but,ENG
Sorry but meri taraf sey seat occupied hai,meri,URD
Sorry but meri taraf sey seat occupied hai,taraf,URD
Sorry but meri taraf sey seat occupied hai,sey,URD
Sorry but meri taraf sey seat occupied hai,seat,MIX
Sorry but meri taraf sey seat occupied hai,occupied,URD
Sorry but meri taraf sey seat occupied hai,hai,URD
1959 mein Pakistan eaglets ka hissa ban kar jo karkardagi dekhai is se pheli bar laga ke wo Pakistani team ka hissa ban sakte hain,1959,URD
1959 mein Pakistan eaglets ka hissa ban kar jo karkardagi dekhai is se pheli bar laga ke wo Pakistani team ka hissa ban sakte hain,mein,URD
1959 mein Pakistan eaglets ka hissa ban kar jo karkardagi dekhai is se pheli bar laga ke wo Pakistani team ka hissa ban sakte hain,Pakistan,URD
1959 mein Pakistan eaglets ka hissa ban kar jo karkardagi dekhai is se pheli bar laga ke wo Pakistani team ka hissa ban sakte hain,eaglets,URD
1959 mein Pakistan eaglets ka hissa ban kar jo karkardagi dekhai is se pheli bar laga ke wo Pakistani team ka hissa ban sakte hain,ka,URD
1959 mein Pakistan eaglets ka hissa ban kar jo karkardagi dekhai is se pheli bar laga ke wo Pakistani team ka hissa ban sakte hain,hissa,URD
1959 mein Pakistan eaglets ka hissa ban kar jo karkardagi dekhai is se pheli bar laga ke wo Pakistani team ka hissa ban sakte hain,ban,URD
1959 mein Pakistan eaglets ka hissa ban kar jo karkardagi dekhai is se pheli bar laga ke wo Pakistani team ka hissa ban sakte hain,kar,URD
1959 mein Pakistan eaglets ka hissa ban kar jo karkardagi dekhai is se pheli bar laga ke wo Pakistani team ka hissa ban sakte hain,jo,URD
1959 mein Pakistan eaglets ka hissa ban kar jo karkardagi dekhai is se pheli bar laga ke wo Pakistani team ka hissa ban sakte hain,karkardagi,URD
1959 mein Pakistan eaglets ka hissa ban kar jo karkardagi dekhai is se pheli bar laga ke wo Pakistani team ka hissa ban sakte hain,dekhai,URD
1959 mein Pakistan eaglets ka hissa ban kar jo karkardagi dekhai is se pheli bar laga ke wo Pakistani team ka hissa ban sakte hain,is,ENG
1959 mein Pakistan eaglets ka hissa ban kar jo karkardagi dekhai is se pheli bar laga ke wo Pakistani team ka hissa ban sakte hain,se,URD
1959 mein Pakistan eaglets ka hissa ban kar jo karkardagi dekhai is se pheli bar laga ke wo Pakistani team ka hissa ban sakte hain,pheli,URD
1959 mein Pakistan eaglets ka hissa ban kar jo karkardagi dekhai is se pheli bar laga ke wo Pakistani team ka hissa ban sakte hain,bar,URD
1959 mein Pakistan eaglets ka hissa ban kar jo karkardagi dekhai is se pheli bar laga ke wo Pakistani team ka hissa ban sakte hain,laga,URD
1959 mein Pakistan eaglets ka hissa ban kar jo karkardagi dekhai is se pheli bar laga ke wo Pakistani team ka hissa ban sakte hain,ke,URD
1959 mein Pakistan eaglets ka hissa ban kar jo karkardagi dekhai is se pheli bar laga ke wo Pakistani team ka hissa ban sakte hain,wo,URD
1959 mein Pakistan eaglets ka hissa ban kar jo karkardagi dekhai is se pheli bar laga ke wo Pakistani team ka hissa ban sakte hain,Pakistani,URD
1959 mein Pakistan eaglets ka hissa ban kar jo karkardagi dekhai is se pheli bar laga ke wo Pakistani team ka hissa ban sakte hain,team,ENG
1959 mein Pakistan eaglets ka hissa ban kar jo karkardagi dekhai is se pheli bar laga ke wo Pakistani team ka hissa ban sakte hain,ka,URD
1959 mein Pakistan eaglets ka hissa ban kar jo karkardagi dekhai is se pheli bar laga ke wo Pakistani team ka hissa ban sakte hain,hissa,URD
1959 mein Pakistan eaglets ka hissa ban kar jo karkardagi dekhai is se pheli bar laga ke wo Pakistani team ka hissa ban sakte hain,ban,URD
1959 mein Pakistan eaglets ka hissa ban kar jo karkardagi dekhai is se pheli bar laga ke wo Pakistani team ka hissa ban sakte hain,sakte,URD
1959 mein Pakistan eaglets ka hissa ban kar jo karkardagi dekhai is se pheli bar laga ke wo Pakistani team ka hissa ban sakte hain,hain,URD
Mukhtasir zakhamat ke is majmooey ki badaulat Patras ka naam Urdu adab mein hamesha zinda rahega,Mukhtasir,URD
Mukhtasir zakhamat ke is majmooey ki badaulat Patras ka naam Urdu adab mein hamesha zinda rahega,zakhamat,URD
Mukhtasir zakhamat ke is majmooey ki badaulat Patras ka naam Urdu adab mein hamesha zinda rahega,ke,URD
Mukhtasir zakhamat ke is majmooey ki badaulat Patras ka naam Urdu adab mein hamesha zinda rahega,is,ENG
Mukhtasir zakhamat ke is majmooey ki badaulat Patras ka naam Urdu adab mein hamesha zinda rahega,majmooey,URD
Mukhtasir zakhamat ke is majmooey ki badaulat Patras ka naam Urdu adab mein hamesha zinda rahega,ki,URD
Mukhtasir zakhamat ke is majmooey ki badaulat Patras ka naam Urdu adab mein hamesha zinda rahega,badaulat,URD
Mukhtasir zakhamat ke is majmooey ki badaulat Patras ka naam Urdu adab mein hamesha zinda rahega,Patras,URD
Mukhtasir zakhamat ke is majmooey ki badaulat Patras ka naam Urdu adab mein hamesha zinda rahega,ka,URD
Mukhtasir zakhamat ke is majmooey ki badaulat Patras ka naam Urdu adab mein hamesha zinda rahega,naam,URD
Mukhtasir zakhamat ke is majmooey ki badaulat Patras ka naam Urdu adab mein hamesha zinda rahega,Urdu,URD
Mukhtasir zakhamat ke is majmooey ki badaulat Patras ka naam Urdu adab mein hamesha zinda rahega,adab,URD
Mukhtasir zakhamat ke is majmooey ki badaulat Patras ka naam Urdu adab mein hamesha zinda rahega,mein,URD
Mukhtasir zakhamat ke is majmooey ki badaulat Patras ka naam Urdu adab mein hamesha zinda rahega,hamesha,URD
Mukhtasir zakhamat ke is majmooey ki badaulat Patras ka naam Urdu adab mein hamesha zinda rahega,zinda,URD
Mukhtasir zakhamat ke is majmooey ki badaulat Patras ka naam Urdu adab mein hamesha zinda rahega,rahega,URD
Es main kiya khas bat hi jo share ki jae,Es,URD
Es main kiya khas bat hi jo share ki jae,main,URD
Es main kiya khas bat hi jo share ki jae,kiya,URD
Es main kiya khas bat hi jo share ki jae,khas,URD
Es main kiya khas bat hi jo share ki jae,bat,URD
Es main kiya khas bat hi jo share ki jae,hi,URD
Es main kiya khas bat hi jo share ki jae,jo,URD
Es main kiya khas bat hi jo share ki jae,share,MIX
Es main kiya khas bat hi jo share ki jae,ki,URD
Es main kiya khas bat hi jo share ki jae,jae,URD
"Is ke ilawa ap ki nazmon, geeton aur ghazlon ke majmou mein naghma zaar, sozosaaz, tulkhaba sheeren, haft-e-peykar aur chiyonti nama shamil hai",Is,ENG
"Is ke ilawa ap ki nazmon, geeton aur ghazlon ke majmou mein naghma zaar, sozosaaz, tulkhaba sheeren, haft-e-peykar aur chiyonti nama shamil hai",ke,URD
"Is ke ilawa ap ki nazmon, geeton aur ghazlon ke majmou mein naghma zaar, sozosaaz, tulkhaba sheeren, haft-e-peykar aur chiyonti nama shamil hai",ilawa,URD
"Is ke ilawa ap ki nazmon, geeton aur ghazlon ke majmou mein naghma zaar, sozosaaz, tulkhaba sheeren, haft-e-peykar aur chiyonti nama shamil hai",ap,URD
"Is ke ilawa ap ki nazmon, geeton aur ghazlon ke majmou mein naghma zaar, sozosaaz, tulkhaba sheeren, haft-e-peykar aur chiyonti nama shamil hai",ki,URD
"Is ke ilawa ap ki nazmon, geeton aur ghazlon ke majmou mein naghma zaar, sozosaaz, tulkhaba sheeren, haft-e-peykar aur chiyonti nama shamil hai","nazmon,",URD
"Is ke ilawa ap ki nazmon, geeton aur ghazlon ke majmou mein naghma zaar, sozosaaz, tulkhaba sheeren, haft-e-peykar aur chiyonti nama shamil hai",geeton,URD
"Is ke ilawa ap ki nazmon, geeton aur ghazlon ke majmou mein naghma zaar, sozosaaz, tulkhaba sheeren, haft-e-peykar aur chiyonti nama shamil hai",aur,URD
"Is ke ilawa ap ki nazmon, geeton aur ghazlon ke majmou mein naghma zaar, sozosaaz, tulkhaba sheeren, haft-e-peykar aur chiyonti nama shamil hai",ghazlon,URD
"Is ke ilawa ap ki nazmon, geeton aur ghazlon ke majmou mein naghma zaar, sozosaaz, tulkhaba sheeren, haft-e-peykar aur chiyonti nama shamil hai",ke,URD
"Is ke ilawa ap ki nazmon, geeton aur ghazlon ke majmou mein naghma zaar, sozosaaz, tulkhaba sheeren, haft-e-peykar aur chiyonti nama shamil hai",majmou,URD
"Is ke ilawa ap ki nazmon, geeton aur ghazlon ke majmou mein naghma zaar, sozosaaz, tulkhaba sheeren, haft-e-peykar aur chiyonti nama shamil hai",mein,URD
"Is ke ilawa ap ki nazmon, geeton aur ghazlon ke majmou mein naghma zaar, sozosaaz, tulkhaba sheeren, haft-e-peykar aur chiyonti nama shamil hai",naghma,URD
"Is ke ilawa ap ki nazmon, geeton aur ghazlon ke majmou mein naghma zaar, sozosaaz, tulkhaba sheeren, haft-e-peykar aur chiyonti nama shamil hai","zaar,",URD
"Is ke ilawa ap ki nazmon, geeton aur ghazlon ke majmou mein naghma zaar, sozosaaz, tulkhaba sheeren, haft-e-peykar aur chiyonti nama shamil hai","sozosaaz,",URD
"Is ke ilawa ap ki nazmon, geeton aur ghazlon ke majmou mein naghma zaar, sozosaaz, tulkhaba sheeren, haft-e-peykar aur chiyonti nama shamil hai",tulkhaba,URD
"Is ke ilawa ap ki nazmon, geeton aur ghazlon ke majmou mein naghma zaar, sozosaaz, tulkhaba sheeren, haft-e-peykar aur chiyonti nama shamil hai","sheeren,",URD
"Is ke ilawa ap ki nazmon, geeton aur ghazlon ke majmou mein naghma zaar, sozosaaz, tulkhaba sheeren, haft-e-peykar aur chiyonti nama shamil hai",haft-e-peykar,URD
"Is ke ilawa ap ki nazmon, geeton aur ghazlon ke majmou mein naghma zaar, sozosaaz, tulkhaba sheeren, haft-e-peykar aur chiyonti nama shamil hai",aur,URD
"Is ke ilawa ap ki nazmon, geeton aur ghazlon ke majmou mein naghma zaar, sozosaaz, tulkhaba sheeren, haft-e-peykar aur chiyonti nama shamil hai",chiyonti,URD
"Is ke ilawa ap ki nazmon, geeton aur ghazlon ke majmou mein naghma zaar, sozosaaz, tulkhaba sheeren, haft-e-peykar aur chiyonti nama shamil hai",nama,URD
"Is ke ilawa ap ki nazmon, geeton aur ghazlon ke majmou mein naghma zaar, sozosaaz, tulkhaba sheeren, haft-e-peykar aur chiyonti nama shamil hai",shamil,URD
"Is ke ilawa ap ki nazmon, geeton aur ghazlon ke majmou mein naghma zaar, sozosaaz, tulkhaba sheeren, haft-e-peykar aur chiyonti nama shamil hai",hai,URD
in dosron ke bad Pakistani team ne jo dere kiya in mein Intikhab Alam ki catnaini mein behtareen karkardagi ka muzahirah kiya,in,URD
in dosron ke bad Pakistani team ne jo dere kiya in mein Intikhab Alam ki catnaini mein behtareen karkardagi ka muzahirah kiya,dosron,URD
in dosron ke bad Pakistani team ne jo dere kiya in mein Intikhab Alam ki catnaini mein behtareen karkardagi ka muzahirah kiya,ke,URD
in dosron ke bad Pakistani team ne jo dere kiya in mein Intikhab Alam ki catnaini mein behtareen karkardagi ka muzahirah kiya,bad,ENG
in dosron ke bad Pakistani team ne jo dere kiya in mein Intikhab Alam ki catnaini mein behtareen karkardagi ka muzahirah kiya,Pakistani,URD
in dosron ke bad Pakistani team ne jo dere kiya in mein Intikhab Alam ki catnaini mein behtareen karkardagi ka muzahirah kiya,team,ENG
in dosron ke bad Pakistani team ne jo dere kiya in mein Intikhab Alam ki catnaini mein behtareen karkardagi ka muzahirah kiya,ne,URD
in dosron ke bad Pakistani team ne jo dere kiya in mein Intikhab Alam ki catnaini mein behtareen karkardagi ka muzahirah kiya,jo,URD
in dosron ke bad Pakistani team ne jo dere kiya in mein Intikhab Alam ki catnaini mein behtareen karkardagi ka muzahirah kiya,dere,URD
in dosron ke bad Pakistani team ne jo dere kiya in mein Intikhab Alam ki catnaini mein behtareen karkardagi ka muzahirah kiya,kiya,URD
in dosron ke bad Pakistani team ne jo dere kiya in mein Intikhab Alam ki catnaini mein behtareen karkardagi ka muzahirah kiya,in,URD
in dosron ke bad Pakistani team ne jo dere kiya in mein Intikhab Alam ki catnaini mein behtareen karkardagi ka muzahirah kiya,mein,URD
in dosron ke bad Pakistani team ne jo dere kiya in mein Intikhab Alam ki catnaini mein behtareen karkardagi ka muzahirah kiya,Intikhab,URD
in dosron ke bad Pakistani team ne jo dere kiya in mein Intikhab Alam ki catnaini mein behtareen karkardagi ka muzahirah kiya,Alam,URD
in dosron ke bad Pakistani team ne jo dere kiya in mein Intikhab Alam ki catnaini mein behtareen karkardagi ka muzahirah kiya,ki,URD
in dosron ke bad Pakistani team ne jo dere kiya in mein Intikhab Alam ki catnaini mein behtareen karkardagi ka muzahirah kiya,catnaini,URD
in dosron ke bad Pakistani team ne jo dere kiya in mein Intikhab Alam ki catnaini mein behtareen karkardagi ka muzahirah kiya,mein,URD
in dosron ke bad Pakistani team ne jo dere kiya in mein Intikhab Alam ki catnaini mein behtareen karkardagi ka muzahirah kiya,behtareen,URD
in dosron ke bad Pakistani team ne jo dere kiya in mein Intikhab Alam ki catnaini mein behtareen karkardagi ka muzahirah kiya,karkardagi,URD
in dosron ke bad Pakistani team ne jo dere kiya in mein Intikhab Alam ki catnaini mein behtareen karkardagi ka muzahirah kiya,ka,URD
in dosron ke bad Pakistani team ne jo dere kiya in mein Intikhab Alam ki catnaini mein behtareen karkardagi ka muzahirah kiya,muzahirah,URD
in dosron ke bad Pakistani team ne jo dere kiya in mein Intikhab Alam ki catnaini mein behtareen karkardagi ka muzahirah kiya,kiya,URD
University ki mulazmat ke bad Pakistan National Centre ( Peshawar ) ke director muqarrar hue,University,URD
University ki mulazmat ke bad Pakistan National Centre ( Peshawar ) ke director muqarrar hue,ki,URD
University ki mulazmat ke bad Pakistan National Centre ( Peshawar ) ke director muqarrar hue,mulazmat,URD
University ki mulazmat ke bad Pakistan National Centre ( Peshawar ) ke director muqarrar hue,ke,URD
University ki mulazmat ke bad Pakistan National Centre ( Peshawar ) ke director muqarrar hue,bad,ENG
University ki mulazmat ke bad Pakistan National Centre ( Peshawar ) ke director muqarrar hue,Pakistan,URD
University ki mulazmat ke bad Pakistan National Centre ( Peshawar ) ke director muqarrar hue,National,URD
University ki mulazmat ke bad Pakistan National Centre ( Peshawar ) ke director muqarrar hue,Centre,URD
University ki mulazmat ke bad Pakistan National Centre ( Peshawar ) ke director muqarrar hue,(,URD
University ki mulazmat ke bad Pakistan National Centre ( Peshawar ) ke director muqarrar hue,Peshawar,URD
University ki mulazmat ke bad Pakistan National Centre ( Peshawar ) ke director muqarrar hue,),URD
University ki mulazmat ke bad Pakistan National Centre ( Peshawar ) ke director muqarrar hue,ke,URD
University ki mulazmat ke bad Pakistan National Centre ( Peshawar ) ke director muqarrar hue,director,URD
University ki mulazmat ke bad Pakistan National Centre ( Peshawar ) ke director muqarrar hue,muqarrar,URD
University ki mulazmat ke bad Pakistan National Centre ( Peshawar ) ke director muqarrar hue,hue,URD
Mulk Ki Tareekh Ka Badtareen Zalzala Towers Gir Gaye Mulk Bhar Me Mobile Phone Aur Internet Service Mutasir,Mulk,URD
Mulk Ki Tareekh Ka Badtareen Zalzala Towers Gir Gaye Mulk Bhar Me Mobile Phone Aur Internet Service Mutasir,Ki,URD
Mulk Ki Tareekh Ka Badtareen Zalzala Towers Gir Gaye Mulk Bhar Me Mobile Phone Aur Internet Service Mutasir,Tareekh,URD
Mulk Ki Tareekh Ka Badtareen Zalzala Towers Gir Gaye Mulk Bhar Me Mobile Phone Aur Internet Service Mutasir,Ka,URD
Mulk Ki Tareekh Ka Badtareen Zalzala Towers Gir Gaye Mulk Bhar Me Mobile Phone Aur Internet Service Mutasir,Badtareen,URD
Mulk Ki Tareekh Ka Badtareen Zalzala Towers Gir Gaye Mulk Bhar Me Mobile Phone Aur Internet Service Mutasir,Zalzala,URD
Mulk Ki Tareekh Ka Badtareen Zalzala Towers Gir Gaye Mulk Bhar Me Mobile Phone Aur Internet Service Mutasir,Towers,URD
Mulk Ki Tareekh Ka Badtareen Zalzala Towers Gir Gaye Mulk Bhar Me Mobile Phone Aur Internet Service Mutasir,Gir,URD
Mulk Ki Tareekh Ka Badtareen Zalzala Towers Gir Gaye Mulk Bhar Me Mobile Phone Aur Internet Service Mutasir,Gaye,URD
Mulk Ki Tareekh Ka Badtareen Zalzala Towers Gir Gaye Mulk Bhar Me Mobile Phone Aur Internet Service Mutasir,Mulk,URD
Mulk Ki Tareekh Ka Badtareen Zalzala Towers Gir Gaye Mulk Bhar Me Mobile Phone Aur Internet Service Mutasir,Bhar,URD
Mulk Ki Tareekh Ka Badtareen Zalzala Towers Gir Gaye Mulk Bhar Me Mobile Phone Aur Internet Service Mutasir,Me,URD
Mulk Ki Tareekh Ka Badtareen Zalzala Towers Gir Gaye Mulk Bhar Me Mobile Phone Aur Internet Service Mutasir,Mobile,MIX
Mulk Ki Tareekh Ka Badtareen Zalzala Towers Gir Gaye Mulk Bhar Me Mobile Phone Aur Internet Service Mutasir,Phone,MIX
Mulk Ki Tareekh Ka Badtareen Zalzala Towers Gir Gaye Mulk Bhar Me Mobile Phone Aur Internet Service Mutasir,Aur,URD
Mulk Ki Tareekh Ka Badtareen Zalzala Towers Gir Gaye Mulk Bhar Me Mobile Phone Aur Internet Service Mutasir,Internet,MIX
Mulk Ki Tareekh Ka Badtareen Zalzala Towers Gir Gaye Mulk Bhar Me Mobile Phone Aur Internet Service Mutasir,Service,MIX
Mulk Ki Tareekh Ka Badtareen Zalzala Towers Gir Gaye Mulk Bhar Me Mobile Phone Aur Internet Service Mutasir,Mutasir,URD
Is ke bad wo PTV ke mukhtalif shows aur dramas mein baqaiydgi se hissa lene lagein,Is,ENG
Is ke bad wo PTV ke mukhtalif shows aur dramas mein baqaiydgi se hissa lene lagein,ke,URD
Is ke bad wo PTV ke mukhtalif shows aur dramas mein baqaiydgi se hissa lene lagein,bad,ENG
Is ke bad wo PTV ke mukhtalif shows aur dramas mein baqaiydgi se hissa lene lagein,wo,URD
Is ke bad wo PTV ke mukhtalif shows aur dramas mein baqaiydgi se hissa lene lagein,PTV,URD
Is ke bad wo PTV ke mukhtalif shows aur dramas mein baqaiydgi se hissa lene lagein,ke,URD
Is ke bad wo PTV ke mukhtalif shows aur dramas mein baqaiydgi se hissa lene lagein,mukhtalif,URD
Is ke bad wo PTV ke mukhtalif shows aur dramas mein baqaiydgi se hissa lene lagein,shows,URD
Is ke bad wo PTV ke mukhtalif shows aur dramas mein baqaiydgi se hissa lene lagein,aur,URD
Is ke bad wo PTV ke mukhtalif shows aur dramas mein baqaiydgi se hissa lene lagein,dramas,URD
Is ke bad wo PTV ke mukhtalif shows aur dramas mein baqaiydgi se hissa lene lagein,mein,URD
Is ke bad wo PTV ke mukhtalif shows aur dramas mein baqaiydgi se hissa lene lagein,baqaiydgi,URD
Is ke bad wo PTV ke mukhtalif shows aur dramas mein baqaiydgi se hissa lene lagein,se,URD
Is ke bad wo PTV ke mukhtalif shows aur dramas mein baqaiydgi se hissa lene lagein,hissa,URD
Is ke bad wo PTV ke mukhtalif shows aur dramas mein baqaiydgi se hissa lene lagein,lene,URD
Is ke bad wo PTV ke mukhtalif shows aur dramas mein baqaiydgi se hissa lene lagein,lagein,URD
phone hi kar liya CR sahiba ko.,phone,MIX
phone hi kar liya CR sahiba ko.,hi,URD
phone hi kar liya CR sahiba ko.,kar,URD
phone hi kar liya CR sahiba ko.,liya,URD
phone hi kar liya CR sahiba ko.,CR,URD
phone hi kar liya CR sahiba ko.,sahiba,URD
phone hi kar liya CR sahiba ko.,ko.,URD
"1994 mein hi release hone wali film “hum aapke hain koun” block buster sabit hoi, is film ke hisse mein kai awards bhi aaye",1994,URD
"1994 mein hi release hone wali film “hum aapke hain koun” block buster sabit hoi, is film ke hisse mein kai awards bhi aaye",mein,URD
"1994 mein hi release hone wali film “hum aapke hain koun” block buster sabit hoi, is film ke hisse mein kai awards bhi aaye",hi,URD
"1994 mein hi release hone wali film “hum aapke hain koun” block buster sabit hoi, is film ke hisse mein kai awards bhi aaye",release,URD
"1994 mein hi release hone wali film “hum aapke hain koun” block buster sabit hoi, is film ke hisse mein kai awards bhi aaye",hone,URD
"1994 mein hi release hone wali film “hum aapke hain koun” block buster sabit hoi, is film ke hisse mein kai awards bhi aaye",wali,URD
"1994 mein hi release hone wali film “hum aapke hain koun” block buster sabit hoi, is film ke hisse mein kai awards bhi aaye",film,URD
"1994 mein hi release hone wali film “hum aapke hain koun” block buster sabit hoi, is film ke hisse mein kai awards bhi aaye",“hum,URD
"1994 mein hi release hone wali film “hum aapke hain koun” block buster sabit hoi, is film ke hisse mein kai awards bhi aaye",aapke,URD
"1994 mein hi release hone wali film “hum aapke hain koun” block buster sabit hoi, is film ke hisse mein kai awards bhi aaye",hain,URD
"1994 mein hi release hone wali film “hum aapke hain koun” block buster sabit hoi, is film ke hisse mein kai awards bhi aaye",koun”,URD
"1994 mein hi release hone wali film “hum aapke hain koun” block buster sabit hoi, is film ke hisse mein kai awards bhi aaye",block,URD
"1994 mein hi release hone wali film “hum aapke hain koun” block buster sabit hoi, is film ke hisse mein kai awards bhi aaye",buster,URD
"1994 mein hi release hone wali film “hum aapke hain koun” block buster sabit hoi, is film ke hisse mein kai awards bhi aaye",sabit,URD
"1994 mein hi release hone wali film “hum aapke hain koun” block buster sabit hoi, is film ke hisse mein kai awards bhi aaye","hoi,",URD
"1994 mein hi release hone wali film “hum aapke hain koun” block buster sabit hoi, is film ke hisse mein kai awards bhi aaye",is,ENG
"1994 mein hi release hone wali film “hum aapke hain koun” block buster sabit hoi, is film ke hisse mein kai awards bhi aaye",film,URD
"1994 mein hi release hone wali film “hum aapke hain koun” block buster sabit hoi, is film ke hisse mein kai awards bhi aaye",ke,URD
"1994 mein hi release hone wali film “hum aapke hain koun” block buster sabit hoi, is film ke hisse mein kai awards bhi aaye",hisse,URD
"1994 mein hi release hone wali film “hum aapke hain koun” block buster sabit hoi, is film ke hisse mein kai awards bhi aaye",mein,URD
"1994 mein hi release hone wali film “hum aapke hain koun” block buster sabit hoi, is film ke hisse mein kai awards bhi aaye",kai,URD
"1994 mein hi release hone wali film “hum aapke hain koun” block buster sabit hoi, is film ke hisse mein kai awards bhi aaye",awards,URD
"1994 mein hi release hone wali film “hum aapke hain koun” block buster sabit hoi, is film ke hisse mein kai awards bhi aaye",bhi,URD
"1994 mein hi release hone wali film “hum aapke hain koun” block buster sabit hoi, is film ke hisse mein kai awards bhi aaye",aaye,URD
Uncle anti ko dill ke gahriyoen sa thanks bolna mere traf sa 😍😂😂😂,Uncle,URD
Uncle anti ko dill ke gahriyoen sa thanks bolna mere traf sa 😍😂😂😂,anti,URD
Uncle anti ko dill ke gahriyoen sa thanks bolna mere traf sa 😍😂😂😂,ko,URD
Uncle anti ko dill ke gahriyoen sa thanks bolna mere traf sa 😍😂😂😂,dill,URD
Uncle anti ko dill ke gahriyoen sa thanks bolna mere traf sa 😍😂😂😂,ke,URD
Uncle anti ko dill ke gahriyoen sa thanks bolna mere traf sa 😍😂😂😂,gahriyoen,URD
Uncle anti ko dill ke gahriyoen sa thanks bolna mere traf sa 😍😂😂😂,sa,URD
Uncle anti ko dill ke gahriyoen sa thanks bolna mere traf sa 😍😂😂😂,thanks,ENG
Uncle anti ko dill ke gahriyoen sa thanks bolna mere traf sa 😍😂😂😂,bolna,URD
Uncle anti ko dill ke gahriyoen sa thanks bolna mere traf sa 😍😂😂😂,mere,URD
Uncle anti ko dill ke gahriyoen sa thanks bolna mere traf sa 😍😂😂😂,traf,URD
Uncle anti ko dill ke gahriyoen sa thanks bolna mere traf sa 😍😂😂😂,sa,URD
Uncle anti ko dill ke gahriyoen sa thanks bolna mere traf sa 😍😂😂😂,😍😂😂😂,URD
Is video ka Kia faida Mazda Tb tha k alarm bjta dor lok ho jata Tb tk Na khulta jab tk video dikhi Na jati,Is,ENG
Is video ka Kia faida Mazda Tb tha k alarm bjta dor lok ho jata Tb tk Na khulta jab tk video dikhi Na jati,video,MIX
Is video ka Kia faida Mazda Tb tha k alarm bjta dor lok ho jata Tb tk Na khulta jab tk video dikhi Na jati,ka,URD
Is video ka Kia faida Mazda Tb tha k alarm bjta dor lok ho jata Tb tk Na khulta jab tk video dikhi Na jati,Kia,URD
Is video ka Kia faida Mazda Tb tha k alarm bjta dor lok ho jata Tb tk Na khulta jab tk video dikhi Na jati,faida,URD
Is video ka Kia faida Mazda Tb tha k alarm bjta dor lok ho jata Tb tk Na khulta jab tk video dikhi Na jati,Mazda,URD
Is video ka Kia faida Mazda Tb tha k alarm bjta dor lok ho jata Tb tk Na khulta jab tk video dikhi Na jati,Tb,URD
Is video ka Kia faida Mazda Tb tha k alarm bjta dor lok ho jata Tb tk Na khulta jab tk video dikhi Na jati,tha,URD
Is video ka Kia faida Mazda Tb tha k alarm bjta dor lok ho jata Tb tk Na khulta jab tk video dikhi Na jati,k,URD
Is video ka Kia faida Mazda Tb tha k alarm bjta dor lok ho jata Tb tk Na khulta jab tk video dikhi Na jati,alarm,URD
Is video ka Kia faida Mazda Tb tha k alarm bjta dor lok ho jata Tb tk Na khulta jab tk video dikhi Na jati,bjta,URD
Is video ka Kia faida Mazda Tb tha k alarm bjta dor lok ho jata Tb tk Na khulta jab tk video dikhi Na jati,dor,URD
Is video ka Kia faida Mazda Tb tha k alarm bjta dor lok ho jata Tb tk Na khulta jab tk video dikhi Na jati,lok,URD
Is video ka Kia faida Mazda Tb tha k alarm bjta dor lok ho jata Tb tk Na khulta jab tk video dikhi Na jati,ho,URD
Is video ka Kia faida Mazda Tb tha k alarm bjta dor lok ho jata Tb tk Na khulta jab tk video dikhi Na jati,jata,URD
Is video ka Kia faida Mazda Tb tha k alarm bjta dor lok ho jata Tb tk Na khulta jab tk video dikhi Na jati,Tb,URD
Is video ka Kia faida Mazda Tb tha k alarm bjta dor lok ho jata Tb tk Na khulta jab tk video dikhi Na jati,tk,URD
Is video ka Kia faida Mazda Tb tha k alarm bjta dor lok ho jata Tb tk Na khulta jab tk video dikhi Na jati,Na,URD
Is video ka Kia faida Mazda Tb tha k alarm bjta dor lok ho jata Tb tk Na khulta jab tk video dikhi Na jati,khulta,URD
Is video ka Kia faida Mazda Tb tha k alarm bjta dor lok ho jata Tb tk Na khulta jab tk video dikhi Na jati,jab,URD
Is video ka Kia faida Mazda Tb tha k alarm bjta dor lok ho jata Tb tk Na khulta jab tk video dikhi Na jati,tk,URD
Is video ka Kia faida Mazda Tb tha k alarm bjta dor lok ho jata Tb tk Na khulta jab tk video dikhi Na jati,video,MIX
Is video ka Kia faida Mazda Tb tha k alarm bjta dor lok ho jata Tb tk Na khulta jab tk video dikhi Na jati,dikhi,URD
Is video ka Kia faida Mazda Tb tha k alarm bjta dor lok ho jata Tb tk Na khulta jab tk video dikhi Na jati,Na,URD
Is video ka Kia faida Mazda Tb tha k alarm bjta dor lok ho jata Tb tk Na khulta jab tk video dikhi Na jati,jati,URD
Test Crickt Main Unhon Ne Pakistan Ki Taraf Sy Sub Sy Zyada Chakkay Marnay Walay Player Ka Izaz Hasil Kia,Test,MIX
Test Crickt Main Unhon Ne Pakistan Ki Taraf Sy Sub Sy Zyada Chakkay Marnay Walay Player Ka Izaz Hasil Kia,Crickt,URD
Test Crickt Main Unhon Ne Pakistan Ki Taraf Sy Sub Sy Zyada Chakkay Marnay Walay Player Ka Izaz Hasil Kia,Main,URD
Test Crickt Main Unhon Ne Pakistan Ki Taraf Sy Sub Sy Zyada Chakkay Marnay Walay Player Ka Izaz Hasil Kia,Unhon,URD
Test Crickt Main Unhon Ne Pakistan Ki Taraf Sy Sub Sy Zyada Chakkay Marnay Walay Player Ka Izaz Hasil Kia,Ne,URD
Test Crickt Main Unhon Ne Pakistan Ki Taraf Sy Sub Sy Zyada Chakkay Marnay Walay Player Ka Izaz Hasil Kia,Pakistan,URD
Test Crickt Main Unhon Ne Pakistan Ki Taraf Sy Sub Sy Zyada Chakkay Marnay Walay Player Ka Izaz Hasil Kia,Ki,URD
Test Crickt Main Unhon Ne Pakistan Ki Taraf Sy Sub Sy Zyada Chakkay Marnay Walay Player Ka Izaz Hasil Kia,Taraf,URD
Test Crickt Main Unhon Ne Pakistan Ki Taraf Sy Sub Sy Zyada Chakkay Marnay Walay Player Ka Izaz Hasil Kia,Sy,URD
Test Crickt Main Unhon Ne Pakistan Ki Taraf Sy Sub Sy Zyada Chakkay Marnay Walay Player Ka Izaz Hasil Kia,Sub,URD
Test Crickt Main Unhon Ne Pakistan Ki Taraf Sy Sub Sy Zyada Chakkay Marnay Walay Player Ka Izaz Hasil Kia,Sy,URD
Test Crickt Main Unhon Ne Pakistan Ki Taraf Sy Sub Sy Zyada Chakkay Marnay Walay Player Ka Izaz Hasil Kia,Zyada,URD
Test Crickt Main Unhon Ne Pakistan Ki Taraf Sy Sub Sy Zyada Chakkay Marnay Walay Player Ka Izaz Hasil Kia,Chakkay,URD
Test Crickt Main Unhon Ne Pakistan Ki Taraf Sy Sub Sy Zyada Chakkay Marnay Walay Player Ka Izaz Hasil Kia,Marnay,URD
Test Crickt Main Unhon Ne Pakistan Ki Taraf Sy Sub Sy Zyada Chakkay Marnay Walay Player Ka Izaz Hasil Kia,Walay,URD
Test Crickt Main Unhon Ne Pakistan Ki Taraf Sy Sub Sy Zyada Chakkay Marnay Walay Player Ka Izaz Hasil Kia,Player,ENG
Test Crickt Main Unhon Ne Pakistan Ki Taraf Sy Sub Sy Zyada Chakkay Marnay Walay Player Ka Izaz Hasil Kia,Ka,URD
Test Crickt Main Unhon Ne Pakistan Ki Taraf Sy Sub Sy Zyada Chakkay Marnay Walay Player Ka Izaz Hasil Kia,Izaz,URD
Test Crickt Main Unhon Ne Pakistan Ki Taraf Sy Sub Sy Zyada Chakkay Marnay Walay Player Ka Izaz Hasil Kia,Hasil,URD
Test Crickt Main Unhon Ne Pakistan Ki Taraf Sy Sub Sy Zyada Chakkay Marnay Walay Player Ka Izaz Hasil Kia,Kia,URD
Ricky Ponting ki qiyadat mein “ Yellow Shirts ” new dobara world cup jeeta,Ricky,URD
Ricky Ponting ki qiyadat mein “ Yellow Shirts ” new dobara world cup jeeta,Ponting,URD
Ricky Ponting ki qiyadat mein “ Yellow Shirts ” new dobara world cup jeeta,ki,URD
Ricky Ponting ki qiyadat mein “ Yellow Shirts ” new dobara world cup jeeta,qiyadat,URD
Ricky Ponting ki qiyadat mein “ Yellow Shirts ” new dobara world cup jeeta,mein,URD
Ricky Ponting ki qiyadat mein “ Yellow Shirts ” new dobara world cup jeeta,“,URD
Ricky Ponting ki qiyadat mein “ Yellow Shirts ” new dobara world cup jeeta,Yellow,URD
Ricky Ponting ki qiyadat mein “ Yellow Shirts ” new dobara world cup jeeta,Shirts,URD
Ricky Ponting ki qiyadat mein “ Yellow Shirts ” new dobara world cup jeeta,”,URD
Ricky Ponting ki qiyadat mein “ Yellow Shirts ” new dobara world cup jeeta,new,URD
Ricky Ponting ki qiyadat mein “ Yellow Shirts ” new dobara world cup jeeta,dobara,URD
Ricky Ponting ki qiyadat mein “ Yellow Shirts ” new dobara world cup jeeta,world,ENG
Ricky Ponting ki qiyadat mein “ Yellow Shirts ” new dobara world cup jeeta,cup,URD
Ricky Ponting ki qiyadat mein “ Yellow Shirts ” new dobara world cup jeeta,jeeta,URD
Admin ap is new drama ki post kia karain again page ko start karain plzzz,Admin,URD
Admin ap is new drama ki post kia karain again page ko start karain plzzz,ap,URD
Admin ap is new drama ki post kia karain again page ko start karain plzzz,is,ENG
Admin ap is new drama ki post kia karain again page ko start karain plzzz,new,URD
Admin ap is new drama ki post kia karain again page ko start karain plzzz,drama,URD
Admin ap is new drama ki post kia karain again page ko start karain plzzz,ki,URD
Admin ap is new drama ki post kia karain again page ko start karain plzzz,post,MIX
Admin ap is new drama ki post kia karain again page ko start karain plzzz,kia,URD
Admin ap is new drama ki post kia karain again page ko start karain plzzz,karain,URD
Admin ap is new drama ki post kia karain again page ko start karain plzzz,again,URD
Admin ap is new drama ki post kia karain again page ko start karain plzzz,page,URD
Admin ap is new drama ki post kia karain again page ko start karain plzzz,ko,URD
Admin ap is new drama ki post kia karain again page ko start karain plzzz,start,URD
Admin ap is new drama ki post kia karain again page ko start karain plzzz,karain,URD
Admin ap is new drama ki post kia karain again page ko start karain plzzz,plzzz,URD
"Phir un logon ne he mashwara diya ke is shauq ko aage barhao, tab achanak he mujhe aik serial ke title song ki offer hui",Phir,URD
"Phir un logon ne he mashwara diya ke is shauq ko aage barhao, tab achanak he mujhe aik serial ke title song ki offer hui",un,URD
"Phir un logon ne he mashwara diya ke is shauq ko aage barhao, tab achanak he mujhe aik serial ke title song ki offer hui",logon,URD
"Phir un logon ne he mashwara diya ke is shauq ko aage barhao, tab achanak he mujhe aik serial ke title song ki offer hui",ne,URD
"Phir un logon ne he mashwara diya ke is shauq ko aage barhao, tab achanak he mujhe aik serial ke title song ki offer hui",he,URD
"Phir un logon ne he mashwara diya ke is shauq ko aage barhao, tab achanak he mujhe aik serial ke title song ki offer hui",mashwara,URD
"Phir un logon ne he mashwara diya ke is shauq ko aage barhao, tab achanak he mujhe aik serial ke title song ki offer hui",diya,URD
"Phir un logon ne he mashwara diya ke is shauq ko aage barhao, tab achanak he mujhe aik serial ke title song ki offer hui",ke,URD
"Phir un logon ne he mashwara diya ke is shauq ko aage barhao, tab achanak he mujhe aik serial ke title song ki offer hui",is,ENG
"Phir un logon ne he mashwara diya ke is shauq ko aage barhao, tab achanak he mujhe aik serial ke title song ki offer hui",shauq,URD
"Phir un logon ne he mashwara diya ke is shauq ko aage barhao, tab achanak he mujhe aik serial ke title song ki offer hui",ko,URD
"Phir un logon ne he mashwara diya ke is shauq ko aage barhao, tab achanak he mujhe aik serial ke title song ki offer hui",aage,URD
"Phir un logon ne he mashwara diya ke is shauq ko aage barhao, tab achanak he mujhe aik serial ke title song ki offer hui","barhao,",URD
"Phir un logon ne he mashwara diya ke is shauq ko aage barhao, tab achanak he mujhe aik serial ke title song ki offer hui",tab,URD
"Phir un logon ne he mashwara diya ke is shauq ko aage barhao, tab achanak he mujhe aik serial ke title song ki offer hui",achanak,URD
"Phir un logon ne he mashwara diya ke is shauq ko aage barhao, tab achanak he mujhe aik serial ke title song ki offer hui",he,URD
"Phir un logon ne he mashwara diya ke is shauq ko aage barhao, tab achanak he mujhe aik serial ke title song ki offer hui",mujhe,URD
"Phir un logon ne he mashwara diya ke is shauq ko aage barhao, tab achanak he mujhe aik serial ke title song ki offer hui",aik,URD
"Phir un logon ne he mashwara diya ke is shauq ko aage barhao, tab achanak he mujhe aik serial ke title song ki offer hui",serial,URD
"Phir un logon ne he mashwara diya ke is shauq ko aage barhao, tab achanak he mujhe aik serial ke title song ki offer hui",ke,URD
"Phir un logon ne he mashwara diya ke is shauq ko aage barhao, tab achanak he mujhe aik serial ke title song ki offer hui",title,URD
"Phir un logon ne he mashwara diya ke is shauq ko aage barhao, tab achanak he mujhe aik serial ke title song ki offer hui",song,ENG
"Phir un logon ne he mashwara diya ke is shauq ko aage barhao, tab achanak he mujhe aik serial ke title song ki offer hui",ki,URD
"Phir un logon ne he mashwara diya ke is shauq ko aage barhao, tab achanak he mujhe aik serial ke title song ki offer hui",offer,URD
"Phir un logon ne he mashwara diya ke is shauq ko aage barhao, tab achanak he mujhe aik serial ke title song ki offer hui",hui,URD
"Wo b kya din the
Ache din",Wo,URD
"Wo b kya din the
Ache din",b,URD
"Wo b kya din the
Ache din",kya,URD
"Wo b kya din the
Ache din",din,URD
"Wo b kya din the
Ache din",the,ENG
"Wo b kya din the
Ache din",Ache,URD
"Wo b kya din the
Ache din",din,URD
Anna Molka Ahmed ne taqreban nifs sadi tak fan e musawiri ki khidmat ki.,Anna,URD
Anna Molka Ahmed ne taqreban nifs sadi tak fan e musawiri ki khidmat ki.,Molka,URD
Anna Molka Ahmed ne taqreban nifs sadi tak fan e musawiri ki khidmat ki.,Ahmed,URD
Anna Molka Ahmed ne taqreban nifs sadi tak fan e musawiri ki khidmat ki.,ne,URD
Anna Molka Ahmed ne taqreban nifs sadi tak fan e musawiri ki khidmat ki.,taqreban,URD
Anna Molka Ahmed ne taqreban nifs sadi tak fan e musawiri ki khidmat ki.,nifs,URD
Anna Molka Ahmed ne taqreban nifs sadi tak fan e musawiri ki khidmat ki.,sadi,URD
Anna Molka Ahmed ne taqreban nifs sadi tak fan e musawiri ki khidmat ki.,tak,URD
Anna Molka Ahmed ne taqreban nifs sadi tak fan e musawiri ki khidmat ki.,fan,MIX
Anna Molka Ahmed ne taqreban nifs sadi tak fan e musawiri ki khidmat ki.,e,URD
Anna Molka Ahmed ne taqreban nifs sadi tak fan e musawiri ki khidmat ki.,musawiri,URD
Anna Molka Ahmed ne taqreban nifs sadi tak fan e musawiri ki khidmat ki.,ki,URD
Anna Molka Ahmed ne taqreban nifs sadi tak fan e musawiri ki khidmat ki.,khidmat,URD
Anna Molka Ahmed ne taqreban nifs sadi tak fan e musawiri ki khidmat ki.,ki.,URD
is college mein aap derh saal tak economics parhati rahein.,is,ENG
is college mein aap derh saal tak economics parhati rahein.,college,URD
is college mein aap derh saal tak economics parhati rahein.,mein,URD
is college mein aap derh saal tak economics parhati rahein.,aap,URD
is college mein aap derh saal tak economics parhati rahein.,derh,URD
is college mein aap derh saal tak economics parhati rahein.,saal,URD
is college mein aap derh saal tak economics parhati rahein.,tak,URD
is college mein aap derh saal tak economics parhati rahein.,economics,URD
is college mein aap derh saal tak economics parhati rahein.,parhati,URD
is college mein aap derh saal tak economics parhati rahein.,rahein.,URD
Jab ke is saal mareez muntaqli service mein 25 % izafa hua.,Jab,URD
Jab ke is saal mareez muntaqli service mein 25 % izafa hua.,ke,URD
Jab ke is saal mareez muntaqli service mein 25 % izafa hua.,is,ENG
Jab ke is saal mareez muntaqli service mein 25 % izafa hua.,saal,URD
Jab ke is saal mareez muntaqli service mein 25 % izafa hua.,mareez,URD
Jab ke is saal mareez muntaqli service mein 25 % izafa hua.,muntaqli,URD
Jab ke is saal mareez muntaqli service mein 25 % izafa hua.,service,MIX
Jab ke is saal mareez muntaqli service mein 25 % izafa hua.,mein,URD
Jab ke is saal mareez muntaqli service mein 25 % izafa hua.,25,URD
Jab ke is saal mareez muntaqli service mein 25 % izafa hua.,%,URD
Jab ke is saal mareez muntaqli service mein 25 % izafa hua.,izafa,URD
Jab ke is saal mareez muntaqli service mein 25 % izafa hua.,hua.,URD
Is player ko check karo :P kitna acha khelti :P,Is,ENG
Is player ko check karo :P kitna acha khelti :P,player,ENG
Is player ko check karo :P kitna acha khelti :P,ko,URD
Is player ko check karo :P kitna acha khelti :P,check,MIX
Is player ko check karo :P kitna acha khelti :P,karo,URD
Is player ko check karo :P kitna acha khelti :P,:P,URD
Is player ko check karo :P kitna acha khelti :P,kitna,URD
Is player ko check karo :P kitna acha khelti :P,acha,URD
Is player ko check karo :P kitna acha khelti :P,khelti,URD
Is player ko check karo :P kitna acha khelti :P,:P,URD
Apnay walid sahab se phone manga kyoon k aap k apnay main balance nahi tha.,Apnay,URD
Apnay walid sahab se phone manga kyoon k aap k apnay main balance nahi tha.,walid,URD
Apnay walid sahab se phone manga kyoon k aap k apnay main balance nahi tha.,sahab,URD
Apnay walid sahab se phone manga kyoon k aap k apnay main balance nahi tha.,se,URD
Apnay walid sahab se phone manga kyoon k aap k apnay main balance nahi tha.,phone,MIX
Apnay walid sahab se phone manga kyoon k aap k apnay main balance nahi tha.,manga,URD
Apnay walid sahab se phone manga kyoon k aap k apnay main balance nahi tha.,kyoon,URD
Apnay walid sahab se phone manga kyoon k aap k apnay main balance nahi tha.,k,URD
Apnay walid sahab se phone manga kyoon k aap k apnay main balance nahi tha.,aap,URD
Apnay walid sahab se phone manga kyoon k aap k apnay main balance nahi tha.,k,URD
Apnay walid sahab se phone manga kyoon k aap k apnay main balance nahi tha.,apnay,URD
Apnay walid sahab se phone manga kyoon k aap k apnay main balance nahi tha.,main,URD
Apnay walid sahab se phone manga kyoon k aap k apnay main balance nahi tha.,balance,MIX
Apnay walid sahab se phone manga kyoon k aap k apnay main balance nahi tha.,nahi,URD
Apnay walid sahab se phone manga kyoon k aap k apnay main balance nahi tha.,tha.,URD
Actress Laila aur Nirma ne showbiz mien in hone ke liye koshishen tez kar di,Actress,ENG
Actress Laila aur Nirma ne showbiz mien in hone ke liye koshishen tez kar di,Laila,URD
Actress Laila aur Nirma ne showbiz mien in hone ke liye koshishen tez kar di,aur,URD
Actress Laila aur Nirma ne showbiz mien in hone ke liye koshishen tez kar di,Nirma,URD
Actress Laila aur Nirma ne showbiz mien in hone ke liye koshishen tez kar di,ne,URD
Actress Laila aur Nirma ne showbiz mien in hone ke liye koshishen tez kar di,showbiz,URD
Actress Laila aur Nirma ne showbiz mien in hone ke liye koshishen tez kar di,mien,URD
Actress Laila aur Nirma ne showbiz mien in hone ke liye koshishen tez kar di,in,URD
Actress Laila aur Nirma ne showbiz mien in hone ke liye koshishen tez kar di,hone,URD
Actress Laila aur Nirma ne showbiz mien in hone ke liye koshishen tez kar di,ke,URD
Actress Laila aur Nirma ne showbiz mien in hone ke liye koshishen tez kar di,liye,URD
Actress Laila aur Nirma ne showbiz mien in hone ke liye koshishen tez kar di,koshishen,URD
Actress Laila aur Nirma ne showbiz mien in hone ke liye koshishen tez kar di,tez,URD
Actress Laila aur Nirma ne showbiz mien in hone ke liye koshishen tez kar di,kar,URD
Actress Laila aur Nirma ne showbiz mien in hone ke liye koshishen tez kar di,di,URD
Haha anti on ....... Anti ko bs roads ki khubsurti sy piyaar jo kuch time bd kharab hojani,Haha,URD
Haha anti on ....... Anti ko bs roads ki khubsurti sy piyaar jo kuch time bd kharab hojani,anti,URD
Haha anti on ....... Anti ko bs roads ki khubsurti sy piyaar jo kuch time bd kharab hojani,on,URD
Haha anti on ....... Anti ko bs roads ki khubsurti sy piyaar jo kuch time bd kharab hojani,.......,URD
Haha anti on ....... Anti ko bs roads ki khubsurti sy piyaar jo kuch time bd kharab hojani,Anti,URD
Haha anti on ....... Anti ko bs roads ki khubsurti sy piyaar jo kuch time bd kharab hojani,ko,URD
Haha anti on ....... Anti ko bs roads ki khubsurti sy piyaar jo kuch time bd kharab hojani,bs,URD
Haha anti on ....... Anti ko bs roads ki khubsurti sy piyaar jo kuch time bd kharab hojani,roads,URD
Haha anti on ....... Anti ko bs roads ki khubsurti sy piyaar jo kuch time bd kharab hojani,ki,URD
Haha anti on ....... Anti ko bs roads ki khubsurti sy piyaar jo kuch time bd kharab hojani,khubsurti,URD
Haha anti on ....... Anti ko bs roads ki khubsurti sy piyaar jo kuch time bd kharab hojani,sy,URD
Haha anti on ....... Anti ko bs roads ki khubsurti sy piyaar jo kuch time bd kharab hojani,piyaar,URD
Haha anti on ....... Anti ko bs roads ki khubsurti sy piyaar jo kuch time bd kharab hojani,jo,URD
Haha anti on ....... Anti ko bs roads ki khubsurti sy piyaar jo kuch time bd kharab hojani,kuch,URD
Haha anti on ....... Anti ko bs roads ki khubsurti sy piyaar jo kuch time bd kharab hojani,time,MIX
Haha anti on ....... Anti ko bs roads ki khubsurti sy piyaar jo kuch time bd kharab hojani,bd,URD
Haha anti on ....... Anti ko bs roads ki khubsurti sy piyaar jo kuch time bd kharab hojani,kharab,URD
Haha anti on ....... Anti ko bs roads ki khubsurti sy piyaar jo kuch time bd kharab hojani,hojani,URD
Agr yeh sadgi hai to is saadgi sy ALLAH bchaye,Agr,URD
Agr yeh sadgi hai to is saadgi sy ALLAH bchaye,yeh,URD
Agr yeh sadgi hai to is saadgi sy ALLAH bchaye,sadgi,URD
Agr yeh sadgi hai to is saadgi sy ALLAH bchaye,hai,URD
Agr yeh sadgi hai to is saadgi sy ALLAH bchaye,to,URD
Agr yeh sadgi hai to is saadgi sy ALLAH bchaye,is,ENG
Agr yeh sadgi hai to is saadgi sy ALLAH bchaye,saadgi,URD
Agr yeh sadgi hai to is saadgi sy ALLAH bchaye,sy,URD
Agr yeh sadgi hai to is saadgi sy ALLAH bchaye,ALLAH,URD
Agr yeh sadgi hai to is saadgi sy ALLAH bchaye,bchaye,URD
Council of foreign relations ne 1986 aur 1997 mein inhe best teacher ke award se nawaza,Council,URD
Council of foreign relations ne 1986 aur 1997 mein inhe best teacher ke award se nawaza,of,URD
Council of foreign relations ne 1986 aur 1997 mein inhe best teacher ke award se nawaza,foreign,URD
Council of foreign relations ne 1986 aur 1997 mein inhe best teacher ke award se nawaza,relations,URD
Council of foreign relations ne 1986 aur 1997 mein inhe best teacher ke award se nawaza,ne,URD
Council of foreign relations ne 1986 aur 1997 mein inhe best teacher ke award se nawaza,1986,URD
Council of foreign relations ne 1986 aur 1997 mein inhe best teacher ke award se nawaza,aur,URD
Council of foreign relations ne 1986 aur 1997 mein inhe best teacher ke award se nawaza,1997,URD
Council of foreign relations ne 1986 aur 1997 mein inhe best teacher ke award se nawaza,mein,URD
Council of foreign relations ne 1986 aur 1997 mein inhe best teacher ke award se nawaza,inhe,URD
Council of foreign relations ne 1986 aur 1997 mein inhe best teacher ke award se nawaza,best,ENG
Council of foreign relations ne 1986 aur 1997 mein inhe best teacher ke award se nawaza,teacher,URD
Council of foreign relations ne 1986 aur 1997 mein inhe best teacher ke award se nawaza,ke,URD
Council of foreign relations ne 1986 aur 1997 mein inhe best teacher ke award se nawaza,award,URD
Council of foreign relations ne 1986 aur 1997 mein inhe best teacher ke award se nawaza,se,URD
Council of foreign relations ne 1986 aur 1997 mein inhe best teacher ke award se nawaza,nawaza,URD
Inho ne hukomat e Pakistan se tamgha e imtiaz hasil karne ke sath Malika British se life time achievement award bhi hasil kiya hai,Inho,URD
Inho ne hukomat e Pakistan se tamgha e imtiaz hasil karne ke sath Malika British se life time achievement award bhi hasil kiya hai,ne,URD
Inho ne hukomat e Pakistan se tamgha e imtiaz hasil karne ke sath Malika British se life time achievement award bhi hasil kiya hai,hukomat,URD
Inho ne hukomat e Pakistan se tamgha e imtiaz hasil karne ke sath Malika British se life time achievement award bhi hasil kiya hai,e,URD
Inho ne hukomat e Pakistan se tamgha e imtiaz hasil karne ke sath Malika British se life time achievement award bhi hasil kiya hai,Pakistan,URD
Inho ne hukomat e Pakistan se tamgha e imtiaz hasil karne ke sath Malika British se life time achievement award bhi hasil kiya hai,se,URD
Inho ne hukomat e Pakistan se tamgha e imtiaz hasil karne ke sath Malika British se life time achievement award bhi hasil kiya hai,tamgha,URD
Inho ne hukomat e Pakistan se tamgha e imtiaz hasil karne ke sath Malika British se life time achievement award bhi hasil kiya hai,e,URD
Inho ne hukomat e Pakistan se tamgha e imtiaz hasil karne ke sath Malika British se life time achievement award bhi hasil kiya hai,imtiaz,URD
Inho ne hukomat e Pakistan se tamgha e imtiaz hasil karne ke sath Malika British se life time achievement award bhi hasil kiya hai,hasil,URD
Inho ne hukomat e Pakistan se tamgha e imtiaz hasil karne ke sath Malika British se life time achievement award bhi hasil kiya hai,karne,URD
Inho ne hukomat e Pakistan se tamgha e imtiaz hasil karne ke sath Malika British se life time achievement award bhi hasil kiya hai,ke,URD
Inho ne hukomat e Pakistan se tamgha e imtiaz hasil karne ke sath Malika British se life time achievement award bhi hasil kiya hai,sath,URD
Inho ne hukomat e Pakistan se tamgha e imtiaz hasil karne ke sath Malika British se life time achievement award bhi hasil kiya hai,Malika,URD
Inho ne hukomat e Pakistan se tamgha e imtiaz hasil karne ke sath Malika British se life time achievement award bhi hasil kiya hai,British,URD
Inho ne hukomat e Pakistan se tamgha e imtiaz hasil karne ke sath Malika British se life time achievement award bhi hasil kiya hai,se,URD
Inho ne hukomat e Pakistan se tamgha e imtiaz hasil karne ke sath Malika British se life time achievement award bhi hasil kiya hai,life,ENG
Inho ne hukomat e Pakistan se tamgha e imtiaz hasil karne ke sath Malika British se life time achievement award bhi hasil kiya hai,time,MIX
Inho ne hukomat e Pakistan se tamgha e imtiaz hasil karne ke sath Malika British se life time achievement award bhi hasil kiya hai,achievement,URD
Inho ne hukomat e Pakistan se tamgha e imtiaz hasil karne ke sath Malika British se life time achievement award bhi hasil kiya hai,award,URD
Inho ne hukomat e Pakistan se tamgha e imtiaz hasil karne ke sath Malika British se life time achievement award bhi hasil kiya hai,bhi,URD
Inho ne hukomat e Pakistan se tamgha e imtiaz hasil karne ke sath Malika British se life time achievement award bhi hasil kiya hai,hasil,URD
Inho ne hukomat e Pakistan se tamgha e imtiaz hasil karne ke sath Malika British se life time achievement award bhi hasil kiya hai,kiya,URD
Inho ne hukomat e Pakistan se tamgha e imtiaz hasil karne ke sath Malika British se life time achievement award bhi hasil kiya hai,hai,URD
dill chah raha hai sir walun ko bhejain ye video,dill,URD
dill chah raha hai sir walun ko bhejain ye video,chah,URD
dill chah raha hai sir walun ko bhejain ye video,raha,URD
dill chah raha hai sir walun ko bhejain ye video,hai,URD
dill chah raha hai sir walun ko bhejain ye video,sir,URD
dill chah raha hai sir walun ko bhejain ye video,walun,URD
dill chah raha hai sir walun ko bhejain ye video,ko,URD
dill chah raha hai sir walun ko bhejain ye video,bhejain,URD
dill chah raha hai sir walun ko bhejain ye video,ye,URD
dill chah raha hai sir walun ko bhejain ye video,video,MIX
Fan jo hoty hain wo apne idol ko follow krte hain,Fan,MIX
Fan jo hoty hain wo apne idol ko follow krte hain,jo,URD
Fan jo hoty hain wo apne idol ko follow krte hain,hoty,URD
Fan jo hoty hain wo apne idol ko follow krte hain,hain,URD
Fan jo hoty hain wo apne idol ko follow krte hain,wo,URD
Fan jo hoty hain wo apne idol ko follow krte hain,apne,URD
Fan jo hoty hain wo apne idol ko follow krte hain,idol,URD
Fan jo hoty hain wo apne idol ko follow krte hain,ko,URD
Fan jo hoty hain wo apne idol ko follow krte hain,follow,ENG
Fan jo hoty hain wo apne idol ko follow krte hain,krte,URD
Fan jo hoty hain wo apne idol ko follow krte hain,hain,URD
Ye couple video zra dekhein boy khud e bna raha,Ye,URD
Ye couple video zra dekhein boy khud e bna raha,couple,URD
Ye couple video zra dekhein boy khud e bna raha,video,MIX
Ye couple video zra dekhein boy khud e bna raha,zra,URD
Ye couple video zra dekhein boy khud e bna raha,dekhein,URD
Ye couple video zra dekhein boy khud e bna raha,boy,URD
Ye couple video zra dekhein boy khud e bna raha,khud,URD
Ye couple video zra dekhein boy khud e bna raha,e,URD
Ye couple video zra dekhein boy khud e bna raha,bna,URD
Ye couple video zra dekhein boy khud e bna raha,raha,URD
Chalo Q Mobile Pe Bharosa Hai K HeadPhone Jack Kabhi Khatam Nahi Karega :Q?K USB C-Type Q Mobile Waisy Bhi Support Nahi Karta,Chalo,URD
Chalo Q Mobile Pe Bharosa Hai K HeadPhone Jack Kabhi Khatam Nahi Karega :Q?K USB C-Type Q Mobile Waisy Bhi Support Nahi Karta,Q,URD
Chalo Q Mobile Pe Bharosa Hai K HeadPhone Jack Kabhi Khatam Nahi Karega :Q?K USB C-Type Q Mobile Waisy Bhi Support Nahi Karta,Mobile,MIX
Chalo Q Mobile Pe Bharosa Hai K HeadPhone Jack Kabhi Khatam Nahi Karega :Q?K USB C-Type Q Mobile Waisy Bhi Support Nahi Karta,Pe,URD
Chalo Q Mobile Pe Bharosa Hai K HeadPhone Jack Kabhi Khatam Nahi Karega :Q?K USB C-Type Q Mobile Waisy Bhi Support Nahi Karta,Bharosa,URD
Chalo Q Mobile Pe Bharosa Hai K HeadPhone Jack Kabhi Khatam Nahi Karega :Q?K USB C-Type Q Mobile Waisy Bhi Support Nahi Karta,Hai,URD
Chalo Q Mobile Pe Bharosa Hai K HeadPhone Jack Kabhi Khatam Nahi Karega :Q?K USB C-Type Q Mobile Waisy Bhi Support Nahi Karta,K,URD
Chalo Q Mobile Pe Bharosa Hai K HeadPhone Jack Kabhi Khatam Nahi Karega :Q?K USB C-Type Q Mobile Waisy Bhi Support Nahi Karta,HeadPhone,URD
Chalo Q Mobile Pe Bharosa Hai K HeadPhone Jack Kabhi Khatam Nahi Karega :Q?K USB C-Type Q Mobile Waisy Bhi Support Nahi Karta,Jack,URD
Chalo Q Mobile Pe Bharosa Hai K HeadPhone Jack Kabhi Khatam Nahi Karega :Q?K USB C-Type Q Mobile Waisy Bhi Support Nahi Karta,Kabhi,URD
Chalo Q Mobile Pe Bharosa Hai K HeadPhone Jack Kabhi Khatam Nahi Karega :Q?K USB C-Type Q Mobile Waisy Bhi Support Nahi Karta,Khatam,URD
Chalo Q Mobile Pe Bharosa Hai K HeadPhone Jack Kabhi Khatam Nahi Karega :Q?K USB C-Type Q Mobile Waisy Bhi Support Nahi Karta,Nahi,URD
Chalo Q Mobile Pe Bharosa Hai K HeadPhone Jack Kabhi Khatam Nahi Karega :Q?K USB C-Type Q Mobile Waisy Bhi Support Nahi Karta,Karega,URD
Chalo Q Mobile Pe Bharosa Hai K HeadPhone Jack Kabhi Khatam Nahi Karega :Q?K USB C-Type Q Mobile Waisy Bhi Support Nahi Karta,:Q?K,URD
Chalo Q Mobile Pe Bharosa Hai K HeadPhone Jack Kabhi Khatam Nahi Karega :Q?K USB C-Type Q Mobile Waisy Bhi Support Nahi Karta,USB,URD
Chalo Q Mobile Pe Bharosa Hai K HeadPhone Jack Kabhi Khatam Nahi Karega :Q?K USB C-Type Q Mobile Waisy Bhi Support Nahi Karta,C-Type,URD
Chalo Q Mobile Pe Bharosa Hai K HeadPhone Jack Kabhi Khatam Nahi Karega :Q?K USB C-Type Q Mobile Waisy Bhi Support Nahi Karta,Q,URD
Chalo Q Mobile Pe Bharosa Hai K HeadPhone Jack Kabhi Khatam Nahi Karega :Q?K USB C-Type Q Mobile Waisy Bhi Support Nahi Karta,Mobile,MIX
Chalo Q Mobile Pe Bharosa Hai K HeadPhone Jack Kabhi Khatam Nahi Karega :Q?K USB C-Type Q Mobile Waisy Bhi Support Nahi Karta,Waisy,URD
Chalo Q Mobile Pe Bharosa Hai K HeadPhone Jack Kabhi Khatam Nahi Karega :Q?K USB C-Type Q Mobile Waisy Bhi Support Nahi Karta,Bhi,URD
Chalo Q Mobile Pe Bharosa Hai K HeadPhone Jack Kabhi Khatam Nahi Karega :Q?K USB C-Type Q Mobile Waisy Bhi Support Nahi Karta,Support,ENG
Chalo Q Mobile Pe Bharosa Hai K HeadPhone Jack Kabhi Khatam Nahi Karega :Q?K USB C-Type Q Mobile Waisy Bhi Support Nahi Karta,Nahi,URD
Chalo Q Mobile Pe Bharosa Hai K HeadPhone Jack Kabhi Khatam Nahi Karega :Q?K USB C-Type Q Mobile Waisy Bhi Support Nahi Karta,Karta,URD
Kuch arsaa wo is jamaat ke national advisory board ke member bhi rahe,Kuch,URD
Kuch arsaa wo is jamaat ke national advisory board ke member bhi rahe,arsaa,URD
Kuch arsaa wo is jamaat ke national advisory board ke member bhi rahe,wo,URD
Kuch arsaa wo is jamaat ke national advisory board ke member bhi rahe,is,ENG
Kuch arsaa wo is jamaat ke national advisory board ke member bhi rahe,jamaat,URD
Kuch arsaa wo is jamaat ke national advisory board ke member bhi rahe,ke,URD
Kuch arsaa wo is jamaat ke national advisory board ke member bhi rahe,national,URD
Kuch arsaa wo is jamaat ke national advisory board ke member bhi rahe,advisory,URD
Kuch arsaa wo is jamaat ke national advisory board ke member bhi rahe,board,URD
Kuch arsaa wo is jamaat ke national advisory board ke member bhi rahe,ke,URD
Kuch arsaa wo is jamaat ke national advisory board ke member bhi rahe,member,URD
Kuch arsaa wo is jamaat ke national advisory board ke member bhi rahe,bhi,URD
Kuch arsaa wo is jamaat ke national advisory board ke member bhi rahe,rahe,URD
Is ke ilawa Shahid Afridi ne 338 1 day matches mein 23,Is,ENG
Is ke ilawa Shahid Afridi ne 338 1 day matches mein 23,ke,URD
Is ke ilawa Shahid Afridi ne 338 1 day matches mein 23,ilawa,URD
Is ke ilawa Shahid Afridi ne 338 1 day matches mein 23,Shahid,URD
Is ke ilawa Shahid Afridi ne 338 1 day matches mein 23,Afridi,URD
Is ke ilawa Shahid Afridi ne 338 1 day matches mein 23,ne,URD
Is ke ilawa Shahid Afridi ne 338 1 day matches mein 23,338,URD
Is ke ilawa Shahid Afridi ne 338 1 day matches mein 23,1,URD
Is ke ilawa Shahid Afridi ne 338 1 day matches mein 23,day,URD
Is ke ilawa Shahid Afridi ne 338 1 day matches mein 23,matches,URD
Is ke ilawa Shahid Afridi ne 338 1 day matches mein 23,mein,URD
Is ke ilawa Shahid Afridi ne 338 1 day matches mein 23,23,URD
it was normal..koi itny ziada achy nhi thy..,it,URD
it was normal..koi itny ziada achy nhi thy..,was,ENG
it was normal..koi itny ziada achy nhi thy..,normal..koi,URD
it was normal..koi itny ziada achy nhi thy..,itny,URD
it was normal..koi itny ziada achy nhi thy..,ziada,URD
it was normal..koi itny ziada achy nhi thy..,achy,URD
it was normal..koi itny ziada achy nhi thy..,nhi,URD
it was normal..koi itny ziada achy nhi thy..,thy..,URD
Bad azaa inho ne commercial films mein bhi acting ka aaghaz kiya,Bad,ENG
Bad azaa inho ne commercial films mein bhi acting ka aaghaz kiya,azaa,URD
Bad azaa inho ne commercial films mein bhi acting ka aaghaz kiya,inho,URD
Bad azaa inho ne commercial films mein bhi acting ka aaghaz kiya,ne,URD
Bad azaa inho ne commercial films mein bhi acting ka aaghaz kiya,commercial,URD
Bad azaa inho ne commercial films mein bhi acting ka aaghaz kiya,films,URD
Bad azaa inho ne commercial films mein bhi acting ka aaghaz kiya,mein,URD
Bad azaa inho ne commercial films mein bhi acting ka aaghaz kiya,bhi,URD
Bad azaa inho ne commercial films mein bhi acting ka aaghaz kiya,acting,URD
Bad azaa inho ne commercial films mein bhi acting ka aaghaz kiya,ka,URD
Bad azaa inho ne commercial films mein bhi acting ka aaghaz kiya,aaghaz,URD
Bad azaa inho ne commercial films mein bhi acting ka aaghaz kiya,kiya,URD
"And that ""meghan kal se palace ka wifi password mang rahi hay""",And,ENG
"And that ""meghan kal se palace ka wifi password mang rahi hay""",that,URD
"And that ""meghan kal se palace ka wifi password mang rahi hay""","""meghan",URD
"And that ""meghan kal se palace ka wifi password mang rahi hay""",kal,URD
"And that ""meghan kal se palace ka wifi password mang rahi hay""",se,URD
"And that ""meghan kal se palace ka wifi password mang rahi hay""",palace,URD
"And that ""meghan kal se palace ka wifi password mang rahi hay""",ka,URD
"And that ""meghan kal se palace ka wifi password mang rahi hay""",wifi,MIX
"And that ""meghan kal se palace ka wifi password mang rahi hay""",password,MIX
"And that ""meghan kal se palace ka wifi password mang rahi hay""",mang,URD
"And that ""meghan kal se palace ka wifi password mang rahi hay""",rahi,URD
"And that ""meghan kal se palace ka wifi password mang rahi hay""","hay""",URD
jahan tak athletics ki baat hai to is mein donon ko aik hi tarah ke masail aur mushkilat darpesh hain,jahan,URD
jahan tak athletics ki baat hai to is mein donon ko aik hi tarah ke masail aur mushkilat darpesh hain,tak,URD
jahan tak athletics ki baat hai to is mein donon ko aik hi tarah ke masail aur mushkilat darpesh hain,athletics,URD
jahan tak athletics ki baat hai to is mein donon ko aik hi tarah ke masail aur mushkilat darpesh hain,ki,URD
jahan tak athletics ki baat hai to is mein donon ko aik hi tarah ke masail aur mushkilat darpesh hain,baat,URD
jahan tak athletics ki baat hai to is mein donon ko aik hi tarah ke masail aur mushkilat darpesh hain,hai,URD
jahan tak athletics ki baat hai to is mein donon ko aik hi tarah ke masail aur mushkilat darpesh hain,to,URD
jahan tak athletics ki baat hai to is mein donon ko aik hi tarah ke masail aur mushkilat darpesh hain,is,ENG
jahan tak athletics ki baat hai to is mein donon ko aik hi tarah ke masail aur mushkilat darpesh hain,mein,URD
jahan tak athletics ki baat hai to is mein donon ko aik hi tarah ke masail aur mushkilat darpesh hain,donon,URD
jahan tak athletics ki baat hai to is mein donon ko aik hi tarah ke masail aur mushkilat darpesh hain,ko,URD
jahan tak athletics ki baat hai to is mein donon ko aik hi tarah ke masail aur mushkilat darpesh hain,aik,URD
jahan tak athletics ki baat hai to is mein donon ko aik hi tarah ke masail aur mushkilat darpesh hain,hi,URD
jahan tak athletics ki baat hai to is mein donon ko aik hi tarah ke masail aur mushkilat darpesh hain,tarah,URD
jahan tak athletics ki baat hai to is mein donon ko aik hi tarah ke masail aur mushkilat darpesh hain,ke,URD
jahan tak athletics ki baat hai to is mein donon ko aik hi tarah ke masail aur mushkilat darpesh hain,masail,URD
jahan tak athletics ki baat hai to is mein donon ko aik hi tarah ke masail aur mushkilat darpesh hain,aur,URD
jahan tak athletics ki baat hai to is mein donon ko aik hi tarah ke masail aur mushkilat darpesh hain,mushkilat,URD
jahan tak athletics ki baat hai to is mein donon ko aik hi tarah ke masail aur mushkilat darpesh hain,darpesh,URD
jahan tak athletics ki baat hai to is mein donon ko aik hi tarah ke masail aur mushkilat darpesh hain,hain,URD
"Hussain Shaheed Suhrawardy mulk mein jamhori siyasat ke sab se barhe alambardar, haq go aur belos politician the",Hussain,URD
"Hussain Shaheed Suhrawardy mulk mein jamhori siyasat ke sab se barhe alambardar, haq go aur belos politician the",Shaheed,URD
"Hussain Shaheed Suhrawardy mulk mein jamhori siyasat ke sab se barhe alambardar, haq go aur belos politician the",Suhrawardy,URD
"Hussain Shaheed Suhrawardy mulk mein jamhori siyasat ke sab se barhe alambardar, haq go aur belos politician the",mulk,URD
"Hussain Shaheed Suhrawardy mulk mein jamhori siyasat ke sab se barhe alambardar, haq go aur belos politician the",mein,URD
"Hussain Shaheed Suhrawardy mulk mein jamhori siyasat ke sab se barhe alambardar, haq go aur belos politician the",jamhori,URD
"Hussain Shaheed Suhrawardy mulk mein jamhori siyasat ke sab se barhe alambardar, haq go aur belos politician the",siyasat,URD
"Hussain Shaheed Suhrawardy mulk mein jamhori siyasat ke sab se barhe alambardar, haq go aur belos politician the",ke,URD
"Hussain Shaheed Suhrawardy mulk mein jamhori siyasat ke sab se barhe alambardar, haq go aur belos politician the",sab,URD
"Hussain Shaheed Suhrawardy mulk mein jamhori siyasat ke sab se barhe alambardar, haq go aur belos politician the",se,URD
"Hussain Shaheed Suhrawardy mulk mein jamhori siyasat ke sab se barhe alambardar, haq go aur belos politician the",barhe,URD
"Hussain Shaheed Suhrawardy mulk mein jamhori siyasat ke sab se barhe alambardar, haq go aur belos politician the","alambardar,",URD
"Hussain Shaheed Suhrawardy mulk mein jamhori siyasat ke sab se barhe alambardar, haq go aur belos politician the",haq,URD
"Hussain Shaheed Suhrawardy mulk mein jamhori siyasat ke sab se barhe alambardar, haq go aur belos politician the",go,URD
"Hussain Shaheed Suhrawardy mulk mein jamhori siyasat ke sab se barhe alambardar, haq go aur belos politician the",aur,URD
"Hussain Shaheed Suhrawardy mulk mein jamhori siyasat ke sab se barhe alambardar, haq go aur belos politician the",belos,URD
"Hussain Shaheed Suhrawardy mulk mein jamhori siyasat ke sab se barhe alambardar, haq go aur belos politician the",politician,URD
"Hussain Shaheed Suhrawardy mulk mein jamhori siyasat ke sab se barhe alambardar, haq go aur belos politician the",the,ENG
Kun K young generation aap ko fully sport kry gi.,Kun,URD
Kun K young generation aap ko fully sport kry gi.,K,URD
Kun K young generation aap ko fully sport kry gi.,young,URD
Kun K young generation aap ko fully sport kry gi.,generation,URD
Kun K young generation aap ko fully sport kry gi.,aap,URD
Kun K young generation aap ko fully sport kry gi.,ko,URD
Kun K young generation aap ko fully sport kry gi.,fully,URD
Kun K young generation aap ko fully sport kry gi.,sport,ENG
Kun K young generation aap ko fully sport kry gi.,kry,URD
Kun K young generation aap ko fully sport kry gi.,gi.,URD
is game ka name kia hai,is,ENG
is game ka name kia hai,game,MIX
is game ka name kia hai,ka,URD
is game ka name kia hai,name,URD
is game ka name kia hai,kia,URD
is game ka name kia hai,hai,URD
Baba e Urdu Molvi Abdul Haq mahir e Lesaniyat the aur tehqiq o tanqed ke mahir bhi,Baba,URD
Baba e Urdu Molvi Abdul Haq mahir e Lesaniyat the aur tehqiq o tanqed ke mahir bhi,e,URD
Baba e Urdu Molvi Abdul Haq mahir e Lesaniyat the aur tehqiq o tanqed ke mahir bhi,Urdu,URD
Baba e Urdu Molvi Abdul Haq mahir e Lesaniyat the aur tehqiq o tanqed ke mahir bhi,Molvi,URD
Baba e Urdu Molvi Abdul Haq mahir e Lesaniyat the aur tehqiq o tanqed ke mahir bhi,Abdul,URD
Baba e Urdu Molvi Abdul Haq mahir e Lesaniyat the aur tehqiq o tanqed ke mahir bhi,Haq,URD
Baba e Urdu Molvi Abdul Haq mahir e Lesaniyat the aur tehqiq o tanqed ke mahir bhi,mahir,URD
Baba e Urdu Molvi Abdul Haq mahir e Lesaniyat the aur tehqiq o tanqed ke mahir bhi,e,URD
Baba e Urdu Molvi Abdul Haq mahir e Lesaniyat the aur tehqiq o tanqed ke mahir bhi,Lesaniyat,URD
Baba e Urdu Molvi Abdul Haq mahir e Lesaniyat the aur tehqiq o tanqed ke mahir bhi,the,ENG
Baba e Urdu Molvi Abdul Haq mahir e Lesaniyat the aur tehqiq o tanqed ke mahir bhi,aur,URD
Baba e Urdu Molvi Abdul Haq mahir e Lesaniyat the aur tehqiq o tanqed ke mahir bhi,tehqiq,URD
Baba e Urdu Molvi Abdul Haq mahir e Lesaniyat the aur tehqiq o tanqed ke mahir bhi,o,URD
Baba e Urdu Molvi Abdul Haq mahir e Lesaniyat the aur tehqiq o tanqed ke mahir bhi,tanqed,URD
Baba e Urdu Molvi Abdul Haq mahir e Lesaniyat the aur tehqiq o tanqed ke mahir bhi,ke,URD
Baba e Urdu Molvi Abdul Haq mahir e Lesaniyat the aur tehqiq o tanqed ke mahir bhi,mahir,URD
Baba e Urdu Molvi Abdul Haq mahir e Lesaniyat the aur tehqiq o tanqed ke mahir bhi,bhi,URD
Un ki tehrir parh kar yun mehsos hota hai ka is ke alfaz moye qalam se nahi balke dil se nikle hon,Un,URD
Un ki tehrir parh kar yun mehsos hota hai ka is ke alfaz moye qalam se nahi balke dil se nikle hon,ki,URD
Un ki tehrir parh kar yun mehsos hota hai ka is ke alfaz moye qalam se nahi balke dil se nikle hon,tehrir,URD
Un ki tehrir parh kar yun mehsos hota hai ka is ke alfaz moye qalam se nahi balke dil se nikle hon,parh,URD
Un ki tehrir parh kar yun mehsos hota hai ka is ke alfaz moye qalam se nahi balke dil se nikle hon,kar,URD
Un ki tehrir parh kar yun mehsos hota hai ka is ke alfaz moye qalam se nahi balke dil se nikle hon,yun,URD
Un ki tehrir parh kar yun mehsos hota hai ka is ke alfaz moye qalam se nahi balke dil se nikle hon,mehsos,URD
Un ki tehrir parh kar yun mehsos hota hai ka is ke alfaz moye qalam se nahi balke dil se nikle hon,hota,URD
Un ki tehrir parh kar yun mehsos hota hai ka is ke alfaz moye qalam se nahi balke dil se nikle hon,hai,URD
Un ki tehrir parh kar yun mehsos hota hai ka is ke alfaz moye qalam se nahi balke dil se nikle hon,ka,URD
Un ki tehrir parh kar yun mehsos hota hai ka is ke alfaz moye qalam se nahi balke dil se nikle hon,is,ENG
Un ki tehrir parh kar yun mehsos hota hai ka is ke alfaz moye qalam se nahi balke dil se nikle hon,ke,URD
Un ki tehrir parh kar yun mehsos hota hai ka is ke alfaz moye qalam se nahi balke dil se nikle hon,alfaz,URD
Un ki tehrir parh kar yun mehsos hota hai ka is ke alfaz moye qalam se nahi balke dil se nikle hon,moye,URD
Un ki tehrir parh kar yun mehsos hota hai ka is ke alfaz moye qalam se nahi balke dil se nikle hon,qalam,URD
Un ki tehrir parh kar yun mehsos hota hai ka is ke alfaz moye qalam se nahi balke dil se nikle hon,se,URD
Un ki tehrir parh kar yun mehsos hota hai ka is ke alfaz moye qalam se nahi balke dil se nikle hon,nahi,URD
Un ki tehrir parh kar yun mehsos hota hai ka is ke alfaz moye qalam se nahi balke dil se nikle hon,balke,URD
Un ki tehrir parh kar yun mehsos hota hai ka is ke alfaz moye qalam se nahi balke dil se nikle hon,dil,URD
Un ki tehrir parh kar yun mehsos hota hai ka is ke alfaz moye qalam se nahi balke dil se nikle hon,se,URD
Un ki tehrir parh kar yun mehsos hota hai ka is ke alfaz moye qalam se nahi balke dil se nikle hon,nikle,URD
Un ki tehrir parh kar yun mehsos hota hai ka is ke alfaz moye qalam se nahi balke dil se nikle hon,hon,URD
Dosto Achi si car service ko like karay of money kamay,Dosto,URD
Dosto Achi si car service ko like karay of money kamay,Achi,URD
Dosto Achi si car service ko like karay of money kamay,si,URD
Dosto Achi si car service ko like karay of money kamay,car,URD
Dosto Achi si car service ko like karay of money kamay,service,MIX
Dosto Achi si car service ko like karay of money kamay,ko,URD
Dosto Achi si car service ko like karay of money kamay,like,ENG
Dosto Achi si car service ko like karay of money kamay,karay,URD
Dosto Achi si car service ko like karay of money kamay,of,URD
Dosto Achi si car service ko like karay of money kamay,money,URD
Dosto Achi si car service ko like karay of money kamay,kamay,URD
Jaise Tom Cruise ke sath in ki film War of the World,Jaise,URD
Jaise Tom Cruise ke sath in ki film War of the World,Tom,URD
Jaise Tom Cruise ke sath in ki film War of the World,Cruise,URD
Jaise Tom Cruise ke sath in ki film War of the World,ke,URD
Jaise Tom Cruise ke sath in ki film War of the World,sath,URD
Jaise Tom Cruise ke sath in ki film War of the World,in,URD
Jaise Tom Cruise ke sath in ki film War of the World,ki,URD
Jaise Tom Cruise ke sath in ki film War of the World,film,URD
Jaise Tom Cruise ke sath in ki film War of the World,War,URD
Jaise Tom Cruise ke sath in ki film War of the World,of,URD
Jaise Tom Cruise ke sath in ki film War of the World,the,ENG
Jaise Tom Cruise ke sath in ki film War of the World,World,ENG
Mera online business band karwaynge ye,Mera,URD
Mera online business band karwaynge ye,online,MIX
Mera online business band karwaynge ye,business,URD
Mera online business band karwaynge ye,band,URD
Mera online business band karwaynge ye,karwaynge,URD
Mera online business band karwaynge ye,ye,URD
", Mera bhi ahista ahista ab dil agaya hai is pr  pyare lgnay lge he yeh .... Arsal ki ghalti nhi hai",",",URD
", Mera bhi ahista ahista ab dil agaya hai is pr  pyare lgnay lge he yeh .... Arsal ki ghalti nhi hai",Mera,URD
", Mera bhi ahista ahista ab dil agaya hai is pr  pyare lgnay lge he yeh .... Arsal ki ghalti nhi hai",bhi,URD
", Mera bhi ahista ahista ab dil agaya hai is pr  pyare lgnay lge he yeh .... Arsal ki ghalti nhi hai",ahista,URD
", Mera bhi ahista ahista ab dil agaya hai is pr  pyare lgnay lge he yeh .... Arsal ki ghalti nhi hai",ahista,URD
", Mera bhi ahista ahista ab dil agaya hai is pr  pyare lgnay lge he yeh .... Arsal ki ghalti nhi hai",ab,URD
", Mera bhi ahista ahista ab dil agaya hai is pr  pyare lgnay lge he yeh .... Arsal ki ghalti nhi hai",dil,URD
", Mera bhi ahista ahista ab dil agaya hai is pr  pyare lgnay lge he yeh .... Arsal ki ghalti nhi hai",agaya,URD
", Mera bhi ahista ahista ab dil agaya hai is pr  pyare lgnay lge he yeh .... Arsal ki ghalti nhi hai",hai,URD
", Mera bhi ahista ahista ab dil agaya hai is pr  pyare lgnay lge he yeh .... Arsal ki ghalti nhi hai",is,ENG
", Mera bhi ahista ahista ab dil agaya hai is pr  pyare lgnay lge he yeh .... Arsal ki ghalti nhi hai",pr,URD
", Mera bhi ahista ahista ab dil agaya hai is pr  pyare lgnay lge he yeh .... Arsal ki ghalti nhi hai",pyare,URD
", Mera bhi ahista ahista ab dil agaya hai is pr  pyare lgnay lge he yeh .... Arsal ki ghalti nhi hai",lgnay,URD
", Mera bhi ahista ahista ab dil agaya hai is pr  pyare lgnay lge he yeh .... Arsal ki ghalti nhi hai",lge,URD
", Mera bhi ahista ahista ab dil agaya hai is pr  pyare lgnay lge he yeh .... Arsal ki ghalti nhi hai",he,URD
", Mera bhi ahista ahista ab dil agaya hai is pr  pyare lgnay lge he yeh .... Arsal ki ghalti nhi hai",yeh,URD
", Mera bhi ahista ahista ab dil agaya hai is pr  pyare lgnay lge he yeh .... Arsal ki ghalti nhi hai",....,URD
", Mera bhi ahista ahista ab dil agaya hai is pr  pyare lgnay lge he yeh .... Arsal ki ghalti nhi hai",Arsal,URD
", Mera bhi ahista ahista ab dil agaya hai is pr  pyare lgnay lge he yeh .... Arsal ki ghalti nhi hai",ki,URD
", Mera bhi ahista ahista ab dil agaya hai is pr  pyare lgnay lge he yeh .... Arsal ki ghalti nhi hai",ghalti,URD
", Mera bhi ahista ahista ab dil agaya hai is pr  pyare lgnay lge he yeh .... Arsal ki ghalti nhi hai",nhi,URD
", Mera bhi ahista ahista ab dil agaya hai is pr  pyare lgnay lge he yeh .... Arsal ki ghalti nhi hai",hai,URD
